name,rating,rabble,price,alt_brand
13th Colony Southern Bourbon,411,Unrated,$33,13th colony southern
13th Colony Southern Rye Whiskey,376,Unrated,$31,13th colony rye southern
1792 Port Finish Bourbon,603,5.0,$40,1792 finish port
1792 Small Batch Bourbon,593,3.6,$30,1792 batch small
1920 Prohibition Bourbon,507,Unrated,$18,1920 prohibition
287 Single Malt Whiskey,381,Unrated,$49,287
2bar Spirits Moonshine,Unrated,Unrated,$30,2bar moonshine spirits
4 Spirits Bourbon,272,5.0,$27,4 spirits
Abraham Bowman Gingerbread Cocoa Bourbon,Unrated,Unrated,$40,abraham bowman cocoa gingerbread
AD Laws Four Grain Bourbon,503,Unrated,$65,ad four grain laws
AD Laws Single Barrel Secale Rye Whiskey,507,Unrated,$105,ad barrel laws rye secale single
Adirondack 601 Bourbon,395,Unrated,$40,601 adirondack
AH Hirsch Reserve 16yr Bourbon,Unrated,Unrated,$500,16 ah hirsch reserve
Alibi American Whiskey,458,Unrated,$23,alibi american
American Barrels Bourbon,338,Unrated,$30,american barrels
American Born Dixie Moonshine,428,Unrated,$25,american born dixie moonshine
American Spirit Whiskey,312,4.0,$30,american spirit
Angels Envy Bourbon,648,4.0,$46,angels envy
Angels Envy Rye Whiskey,545,4.5,$70,angels envy rye
Arizona Distilling Park Rye Whiskey,313,Unrated,$25,arizona distilling park rye
Atomic Fusion Cinnamon Whiskey,338,Unrated,$15,atomic cinnamon fusion
Baby Blue Whisky,608,3.7,$50,baby blue
Backwards Distilling Milk Can Moonshine,338,Unrated,$28,backwards can distilling milk moonshine
Bainbridge Yama Mizurna Organic Whiskey,624,Unrated,$495,bainbridge mizurna organic yama
Balcones 1 Single Malt Whisky,615,3.5,$70,1 balcones
Balcones 5th Anniversary Straight Malt Whisky,557,Unrated,$95,5th anniversary balcones malt straight
Balcones Crooked Bourbon,464,Unrated,$95,balcones crooked
Balcones FR Oak Single Malt Whisky,481,Unrated,$80,balcones fr oak
Balcones True Blue 100 Corn Whisky,378,Unrated,$55,100 balcones blue corn true
Banner Wheat Whiskey,313,Unrated,$35,banner wheat
Barrell Bourbon Batch 002,603,Unrated,$62,002 barrell batch
Barrell Bourbon Batch 005,603,Unrated,$85,005 barrell batch
Barrell Bourbon Batch 007,559,Unrated,$85,007 barrell batch
Batch 206 Barrel Rider Bourbon,378,Unrated,$45,206 barrel batch rider
Bearded Lady American Bourbon,607,Unrated,$43,american bearded lady
Belle Isle Moonshine,389,Unrated,$25,belle isle moonshine
Belle Meade 9yr Sherry Cask Bourbon,576,Unrated,$75,9 belle cask meade sherry
Belmont Farm Kopper Kettle Virginia Whiskey,338,Unrated,$34,belmont farm kettle kopper virginia
Benchmark Brown Sugar Bourbon,265,3.0,$13,benchmark brown sugar
Berentzen Bushel and Barrel Apple Bourbon,419,Unrated,$20,and apple barrel berentzen bushel
Bernheim 7yr Wheat Whiskey,586,3.7,$30,7 bernheim wheat
Big Bottom Bourbon,Unrated,Unrated,$32,big bottom
Big House 6yr Bourbon,452,Unrated,$20,6 big house
Bird Dog Apple Whiskey,Unrated,Unrated,$22,apple bird dog
Bird Dog Bourbon,Unrated,Unrated,$20,bird dog
Bird Dog Cinnamon Whiskey,Unrated,5.0,$22,bird cinnamon dog
Bird Dog Maple Whiskey,Unrated,4.0,$27,bird dog maple
Bird Dog Peppermint Moonshine,Unrated,Unrated,$22,bird dog moonshine peppermint
Black Eagle Bourbon,376,3.5,$12,black eagle
Black Maple 11yr,Unrated,4.0,$45,11 black maple
Black Maple Hill 16yr,Unrated,Unrated,$78,16 black hill maple
Black Maple Hill 21yr,Unrated,Unrated,$108,21 black hill maple
Black Maple Hill Small Batch Bourbon,Unrated,4.8,$43,batch black hill maple small
Black Ridge Bourbon,457,Unrated,$30,black ridge
Blackjack Whisky,239,Unrated,$20,blackjack
Blade and Bow Bourbon,614,Unrated,$50,and blade bow
Blantons Gold Edition Bourbon,528,Unrated,$85,blantons edition gold
Blantons Straight from the Barrel Bourbon,567,5.0,$100,barrel blantons from straight the
Blaum Bros Leadmine Moonshine,Unrated,Unrated,$25,blaum bros leadmine moonshine
Blood Oath Pact 1 Bourbon,338,Unrated,$90,1 blood oath pact
Blue Flame Rye Whiskey,297,Unrated,$35,blue flame rye
Bluegrass Sundown Vanilla Coffee Whiskey,Unrated,Unrated,$25,bluegrass coffee sundown vanilla
Bookers Bourbon,Unrated,4.6,$50,bookers
Boondocks American Whiskey,453,Unrated,$40,american boondocks
Border Bourbon,Unrated,Unrated,$45,border
Bowman Brothers Virginia Bourbon,523,3.0,$30,bowman brothers virginia
Breaker Bourbon,560,4.0,$40,breaker
Breakout Rye Whiskey,Unrated,3.7,$40,breakout rye
Breckenridge Dark Arts Malt Whiskey,644,Unrated,$299,arts breckenridge dark malt
Breckenridge Single Barrel Bourbon,370,Unrated,$150,barrel breckenridge single
Breuckelen 77 Wheat Whiskey,Unrated,5.0,$30,77 breuckelen wheat
Buck Horn Bourbon,372,4.2,$12,buck horn
Buckshot Peppered Maple Whiskey,Unrated,Unrated,$25,buckshot maple peppered
Buffalo Trace White Dog 1,447,2.5,$16,1 buffalo dog trace white
Buffalo Trace White Dog Wheated Mash,352,2.0,$32,buffalo dog mash trace wheated white
Bulleit 95 Rye Whiskey,589,4.3,$28,95 bulleit rye
Bulleit Cask Strength Bourbon,616,Unrated,$50,bulleit cask strength
Bully Boy Organic Wheat Whiskey,Unrated,Unrated,$28,boy bully organic wheat
Cabin Fever Maple Flavored Whiskey,Unrated,Unrated,$28,cabin fever flavored maple
Cadee Bourbon,321,Unrated,$39,cadee
Cadee Deceptivus Port Barrel Bourbon,403,Unrated,$49,barrel cadee deceptivus port
Caliber Apple Cinnamon Whiskey,453,Unrated,$18,apple caliber cinnamon
Calumet Farm Bourbon Whiskey,Unrated,1.5,$50,calumet farm
Catdaddy Carolina Moonshine,Unrated,4.0,$19,carolina catdaddy moonshine
Catoctin Creek Mosbys Organic Spirit,331,Unrated,$29,catoctin creek mosbys organic spirit
Catskill Most Righteous New York Bourbon,554,Unrated,$45,catskill most new righteous rk
Catstkill Rye Whiskey,387,Unrated,$45,catstkill rye
Cedar Ridge Malted Rye Whisey,510,Unrated,$37,cedar malted ridge rye whisey
Cedar Ridge Unaged Whiskey,370,Unrated,$24,cedar ridge unaged
Central Standard Bourbon,Unrated,Unrated,$35,central standard
CH Bourbon,411,Unrated,$35,ch
Charbay Hop Flavored Aged Whiskey,622,Unrated,$475,aged charbay flavored hop
Charbay Whiskey,479,Unrated,$315,charbay
Charter 101 Bourbon,352,2.3,$18,101 charter
Chattanooga Whiskey 1816 Cask Whiskey,507,5.0,$45,1816 cask chattanooga
Chestnut Farm Bourbon,559,5.0,$50,chestnut farm
Chicken Cock Bootleggers Reserve Whiskey,390,Unrated,$35,bootleggers chicken cock reserve
Chicken Cock Cinnamon Whiskey,Unrated,Unrated,$20,chicken cinnamon cock
Chicken Cock Root Beer Whiskey,Unrated,Unrated,$20,beer chicken cock root
Chicken Cock Speakeasy Reserve Rye Whiskey,419,Unrated,$40,chicken cock reserve rye speakeasy
Clarkes 1866 Bourbon,Unrated,Unrated,$20,1866 clarkes
Cleveland Black Reserve Bourbon,272,4.0,$35,black cleveland reserve
Cleveland Underground Apple Wood Bourbon,419,Unrated,$45,apple cleveland underground wood
Clyde Mays Conecuh Ridge Whiskey,500,5.0,$35,clyde conecuh mays ridge
Cody Road Rye Whiskey,410,4.0,$33,cody road rye
Collier and McKeel Tennessee Whiskey,507,Unrated,$60,and collier mckeel
Colonel EH Taylor Four Grain Bourbon,Unrated,Unrated,$70,colonel eh four grain taylor
Colonel EH Taylor Rye Whiskey,Unrated,5.0,$80,colonel eh rye taylor
Colonel EH Taylor Small Batch Bourbon,573,4.4,$40,batch colonel eh small taylor
Colorado Gold Bourbon,490,Unrated,$42,colorado gold
Colorado Gold Rocky Mountan Rye Whiskey,403,Unrated,$35,colorado gold mountan rocky rye
Colters Run Bourbon Whiskey,387,Unrated,$40,colters run
Commanders Unaged Rye Whiskey,374,Unrated,$45,commanders rye unaged
Coopers Craft Bourbon,419,3.7,$29,coopers
Coopers Mark Honey Bourbon,346,Unrated,$25,coopers honey mark
Cooperstown Classic American Whiskey,395,3.0,$47,american classic cooperstown
Copper Barrel Strawberry Moonshine,338,Unrated,$24,barrel copper moonshine strawberry
Copper Fox Rye Whisky,545,3.3,$46,copper fox rye
Copper Pony Rye Whiskey,395,1.0,$20,copper pony rye
Coppersea Excelsior Bourbon,507,Unrated,$117,coppersea excelsior
Coppersea New York Corn Whiskey,419,Unrated,$78,coppersea corn new rk
Corbin Cash Blended Whiskey,419,Unrated,$49,blended cash corbin
Corner Creek Bourbon,458,3.3,$30,corner creek
Corsair Nashville Bourbon,489,Unrated,$45,corsair nashville
Corsair Pumpkin Spice Moonshine,256,Unrated,$40,corsair moonshine pumpkin spice
Corsair Ryemageddon,570,4.3,$45,corsair ryemageddon
Cougar Bourbon,Unrated,Unrated,$30,cougar
Crown Valley Coldwater Whiskey,387,Unrated,$45,coldwater crown valley
Crown Valley Missouri Moonshine,445,Unrated,$30,crown missouri moonshine valley
CW Irwin Bourbon,Unrated,Unrated,$28,cw irwin
Dads Hat Pennsylvania Rye,485,4.0,$40,dads hat pennsylvania rye
Dads Hat Vermouth Barrel Rye Whiskey,428,Unrated,$50,barrel dads hat rye vermouth
Darbys Reserve Rye Whiskey,484,Unrated,$22,darbys reserve rye
Dark Corner Hot Mama Whiskey,Unrated,5.0,$0,corner dark hot mama
Dark Corner Moonshine Whiskey,481,5.0,$36,corner dark moonshine
Dawsonville Moonshine,370,Unrated,$27,dawsonville moonshine
Deception Distilling Skagit Moon Corn Whiskey,370,Unrated,$30,corn deception distilling moon skagit
Deerhammer Distilling Whitewater Whiskey,297,Unrated,$35,deerhammer distilling whitewater
Defiant Single Malt Whisky,313,5.0,$40,defiant
Depot Silver Corn Whiskey,487,Unrated,$26,corn depot silver
Devils Share California Moonshine,607,Unrated,$25,california devils moonshine share
Distillery 291 Colorado Bourbon,603,Unrated,$72,291 colorado distillery
Door County Single Malt Whisky,378,5.0,$25,county door
Downslope Double Diamond Single Malt Whiskey,362,Unrated,$65,diamond double downslope
Dr McGillicudys Blackberry Whiskey,Unrated,Unrated,$18,blackberry dr mcgillicudys
Driftless Glen Rivershine,Unrated,Unrated,$30,driftless glen rivershine
Dry Fly 101 Bourbon,453,Unrated,$65,101 dry fly
Dry Fly Port Finish Wheat Whiskey,370,Unrated,$30,dry finish fly port wheat
Dry Fly Washington Wheat Whiskey,272,3.6,$40,dry fly washington wheat
Eagle Rare 10yr Bourbon,666,4.1,$30,10 eagle rare
Early Times 354 Bourbon,375,3.5,$16,354 early times
Early Times Fire Eater Cinnamon Whisky,384,4.5,$13,cinnamon early eater fire times
Eastside Distilling Burnside 4yr Bourbon,406,1.5,$28,4 burnside distilling eastside
Elijah Craig 18yr Bourbon,636,4.5,$120,18 craig elijah
Elijah Craig 21yr Bourbon,370,Unrated,$140,21 craig elijah
Elijah Craig 25yr Bourbon,Unrated,Unrated,$200,25 craig elijah
Elmer T Lee Bourbon,454,4.3,$30,elmer lee t
Engine 49 Barrel Strength Rye Whiskey,Unrated,Unrated,$50,49 barrel engine rye strength
Engine 49 Rye Whiskey,Unrated,Unrated,$30,49 engine rye
Evan Williams 1994 Vintage Bourbon,Unrated,Unrated,$30,1994 evan vintage williams
Evan Williams 1996 Vintage Bourbon,Unrated,Unrated,$25,1996 evan vintage williams
Evan Williams 1998 Vintage Bourbon,Unrated,Unrated,$25,1998 evan vintage williams
Evan Williams 2000 Vintage Bourbon,Unrated,4.0,$25,2000 evan vintage williams
Evan Williams 2002 Vintage Bourbon,603,4.0,$25,2002 evan vintage williams
Evan Williams 2004 Vintage Bourbon,Unrated,4.2,$27,2004 evan vintage williams
Evan Williams 2006 Vintage Bourbon,Unrated,3.0,$24,2006 evan vintage williams
Evan Williams 2008 Vintage Bourbon,Unrated,3.8,$30,2008 evan vintage williams
Evan Williams Bottled in Bond Bourbon,Unrated,4.0,$14,bond bottled evan in williams
Evan Williams Green Label Bourbon,Unrated,2.3,$9,evan green williams
Ezra Brooks 90pf Bourbon,395,3.8,$18,90pf brooks ezra
Few Bourbon,365,3.0,$50,few
Few Single Malt Whisky,459,1.0,$70,few
Fighting Cock 6yr Bourbon,Unrated,3.1,$19,6 cock fighting
Filibuster Dual Cask Rye Whiskey,407,Unrated,$42,cask dual filibuster rye
Firefly Caramel Moonshine,Unrated,1.0,$20,caramel firefly moonshine
Firestone and Robertson TX Blended Whiskey,545,5.0,$40,and blended firestone robertson tx
Fitchs Goat Moonshine,Unrated,Unrated,$30,fitchs goat moonshine
Five and 20 SB2RW Rye Whiskey,626,Unrated,$50,20 and five rye sb2rw
Fogs End California Moonshine,321,Unrated,$25,california end fogs moonshine
Four Roses 2009 Barrel Strength Bourbon,Unrated,Unrated,$50,2009 barrel four roses strength
Four Roses 2011 Barrel Strength Bourbon,523,Unrated,$77,2011 barrel four roses strength
Four Roses 2014 Single Barrel Bourbon,399,Unrated,$99,2014 barrel four roses single
Four Roses Bourbon,603,3.5,$19,four roses
Four Roses Single Barrel 100pf Bourbon,672,4.4,$38,100pf barrel four roses single
Fremont Mischief Whiskey,Unrated,Unrated,$30,fremont mischief
Garrison Brothers 2014 Texas Bourbon,313,Unrated,$80,2014 brothers garrison texas
Gentleman Jack Whiskey,559,3.7,$23,daniel gentleman jack jack
George Dickel Cascade Hollow Whisky,Unrated,4.0,$13,cascade dickel george hollow
George Dickel No 12 Whisky,594,4.0,$25,12 dickel george no
George Dickel Rye Whisky,685,3.9,$25,dickel george rye
George T Stagg Bourbon,370,4.0,$70,george stagg t
Georgia Peach Whiskey,Unrated,Unrated,$35,georgia peach
Glacier Fireweed Bourbon Cherry Liqueur,313,Unrated,$38,cherry fireweed glacier liqueur
Glen Thunder Corn Whiskey,Unrated,5.0,$24,corn glen thunder
Golden Moon Single Malt Whiskey,603,Unrated,$100,golden moon
Great Lakes Kinnickinnic American Whiskey,452,Unrated,$39,american great kinnickinnic lakes
Great Northern Doppelganger Whiskey,Unrated,Unrated,$35,doppelganger great northern
Great Northern Vanguard Whiskey,429,Unrated,$38,great northern vanguard
Griffs Cowboy Whiskey,266,Unrated,$30,cowboy griffs
H Walker and Sons Hot Cinnamon Moonshine,265,Unrated,$22,and cinnamon h hot moonshine sons walker
H Walker and Sons Peach Moonshine,362,Unrated,$22,and h moonshine peach sons walker
Hamilton Whiskey Del Bac Classic Single Malt,419,Unrated,$39,bac classic del hamilton
Hamilton Whiskey Del Back Dorado Single Malt,603,5.0,$58,back del dorado hamilton
Hatfield and McCoy Family Brand Whiskey,330,Unrated,$40,and brand family hatfield mccoy
Hayes Parker Cherry Bourbon,395,Unrated,$13,cherry hayes parker
Headlong White Dog Whiskey,436,4.0,$35,dog headlong white
Heaven Hill Old Style Bourbon,Unrated,2.6,$10,heaven hill old style
Henebery Spiced Whiskey,346,Unrated,$40,henebery spiced
Henry McKenna 10yr Bottled in Bond Bourbon,579,3.8,$30,10 bond bottled henry in mckenna
Heritage Distilling Dual Barrel Bourbon,403,Unrated,$29,barrel distilling dual heritage
Heritage Distilling Elk Rider Blended Whiskey,346,Unrated,$45,blended distilling elk heritage rider
Hidden Marsh Lone Loggers Bourbon,297,Unrated,$45,hidden loggers lone marsh
Hidden Still Screw Head Shine,338,Unrated,$32,head hidden screw shine still
Hidden Stock Whiskey,419,Unrated,$17,hidden stock
High West A Midwinter Nights Dram,657,4.0,$80,a dram high midwinter nights west
High West American Prairie Reserve Bourbon,466,3.0,$40,american high prairie reserve west
High West Bourye Whiskey,395,Unrated,$80,bourye high west
High West Double Rye Whiskey,545,4.3,$40,double high rye west
High West Rocky Mountain 21yr Rye,Unrated,5.0,$130,21 high mountain rocky rye west
High West Silver OMG Pure Rye Whiskey,526,4.0,$48,high omg pure rye silver west
High West Son of Bourye Whiskey,445,3.0,$53,bourye high of son west
High Whiskey,256,Unrated,$28,high
High Wire Southern Revival Madeira Finish Bourbon,453,Unrated,$70,finish high madeira revival southern wire
Highspire Pure Rye Whiskey,419,Unrated,$46,highspire pure rye
Hillrock Estate Double Cask Rye Whiskey,604,Unrated,$100,cask double estate hillrock rye
Hillrock Solera Aged Bourbon,689,5.0,$80,aged hillrock solera
Hirsch Selection Corn Whiskey,239,Unrated,$26,corn hirsch selection
Hochstadters Rock and Rye,Unrated,3.4,$24,and hochstadters rock rye
Homestead Barrel Proof Bourbon,406,4.8,$42,barrel homestead proof
Hookers House Bourbon,361,Unrated,$36,hookers house
House Spirits White Dog Whiskey,486,Unrated,$30,dog house spirits white
Hudson Baby Bourbon Whiskey,501,3.8,$44,baby hudson
Hudson Four Grain Bourbon Whiskey,554,3.2,$44,four grain hudson
Hudson Maple Rye Whiskey,490,Unrated,$44,hudson maple rye
Humphreys Arizona Malt Whiskey,481,Unrated,$30,arizona humphreys malt
Infusion Diabolique Kentucky Flavored Bourbon,272,Unrated,$42,diabolique flavored infusion kentucky
Ironroot Republic Harbinger Bourbon,338,Unrated,$55,harbinger ironroot republic
IW Harper 15yr Bourbon,614,Unrated,$75,15 harper iw
J Becher American Rye Whiskey,603,Unrated,$60,american becher j rye
J Henry and Sons 5yr Patton Road Reserve Bourbon,623,Unrated,$69,5 and henry j patton reserve road sons
Jack Daniels Green Label Whiskey,Unrated,1.9,$22,daniels green jack
Jack Daniels Rested Rye Whiskey,Unrated,Unrated,$60,daniels jack rested rye
Jack Daniels Sinatra Select Whisky,Unrated,Unrated,$200,daniels jack select sinatra
Jack Daniels Single Barrel Whiskey,523,3.8,$55,barrel daniels jack single
Jack Daniels Whiskey,352,3.0,$26,daniels jack
Jacobs Ghost White Whiskey,382,3.0,$22,ghost jacobs white
James E Pepper 1776 Barrel Proof Rye Whiskey,507,Unrated,$47,1776 barrel e james pepper proof rye
James E Pepper 1776 Rye Whiskey,518,2.7,$30,1776 e james pepper rye
James Oliver Rye Whiskey,403,Unrated,$26,james oliver rye
Jeffersons 15yr Reserve Bourbon,534,4.0,$56,15 jeffersons reserve
Jeffersons 21yr Rye Whiskey,Unrated,Unrated,$150,21 jeffersons rye
Jeffersons Chefs Collaboration Blended Whisky,Unrated,5.0,$45,blended chefs collaboration jeffersons
Jeffersons Reserve Groth Cask Bourbon,453,Unrated,$80,cask groth jeffersons reserve
Jeremiah Weed Cherry Mash Bourbon,Unrated,3.3,$18,cherry jeremiah mash weed
Jeremiah Weed Sarsparilla Whiskey,313,Unrated,$20,jeremiah sarsparilla weed
Jim Beam 7yr Bourbon,Unrated,4.0,$35,7 beam jim
Jim Beam Apple Bourbon,Unrated,1.8,$16,apple beam jim
Jim Beam Bonded 100 Proof Bourbon,546,2.0,$23,100 beam bonded jim proof
Jim Beam Choice Bourbon,Unrated,3.0,$26,beam choice jim
Jim Beam Double Oak Bourbon,Unrated,3.8,$27,beam double jim oak
Jim Beam Kentucky Fire Cinnamon Whiskey,432,3.3,$16,beam cinnamon fire jim kentucky
Jim Beam Masterpiece Bourbon,627,Unrated,$200,beam jim masterpiece
Jim Beam Rye Whiskey,519,3.6,$23,beam jim rye
Jim Beam Signature Craft 12yr Bourbon,473,4.0,$43,12 beam jim signature
Jim Beam Signature Craft High Rye Bourbon,491,Unrated,$50,beam high jim rye signature
Jim Beam Signature Red Wheat Bourbon,586,2.0,$50,beam jim red signature wheat
Jim Beam Signature Triticale Bourbon,395,Unrated,$50,beam jim signature triticale
Jimmys Texas Bourbon,395,Unrated,$60,jimmys texas
JKs Naked Rye Whiskey,Unrated,Unrated,$30,jks naked rye
John E Fitzgerald 20yr Bourbon,603,Unrated,$300,20 e fitzgerald john
Johnny Drum Black Label Bourbon,361,1.0,$20,black drum johnny
Johnny Drum Private Stock Bourbon,Unrated,4.4,$45,drum johnny private stock
Journeyman Buggy Whip Organic Wheat Whiskey,Unrated,Unrated,$35,buggy journeyman organic wheat whip
Journeyman Federalist 12th Rye Whiskey,Unrated,Unrated,$45,12th federalist journeyman rye
Journeyman Silver Cross Organic Whiskey,472,Unrated,$30,cross journeyman organic silver
Journeyman WR Organic Whiskey,454,Unrated,$35,journeyman organic wr
JR Ewing Private Reserve 4yr Bourbon,428,Unrated,$35,4 ewing jr private reserve
JTS Brown 10yr Bourbon,Unrated,Unrated,$12,10 brown jts
Judds Wreckin Ball Corn Whiskey,Unrated,Unrated,$28,ball corn judds wreckin
Ke Whiskey,481,Unrated,$30,ke
Kentucky Tavern,388,3.0,$11,kentucky tavern
Kentuckys Old Reserve Bourbon,264,Unrated,$10,kentuckys old reserve
Kings County Barrel Strength Bourbon,338,Unrated,$30,barrel county kings strength
Kings County Distillery Rye Whiskey,576,Unrated,$50,county distillery kings rye
Kings County Single Malt Whiskey,338,Unrated,$23,county kings
Kinsey Bourbon Whiskey,Unrated,Unrated,$40,kinsey
Kirkland 7yr Small Batch Bourbon,Unrated,2.6,$20,7 batch kirkland small
Kirkland Signature Tennessee Whiskey,403,Unrated,$25,kirkland signature
Knob Creek Rye Whiskey,626,4.0,$40,creek knob rye
Knob Creek Smoked Maple Flavored Bourbon,482,3.0,$31,creek flavored knob maple smoked
Koenig Seven Devils Bourbon,481,3.0,$30,devils koenig seven
Koval Four Grain Single Barrel Whiskey,Unrated,Unrated,$60,barrel four grain koval single
Koval Organic American Oat Spirit,Unrated,Unrated,$40,american koval oat organic spirit
Koval Organic Levant Spelt Whiskey,Unrated,Unrated,$40,koval levant organic spelt
Koval Organic Raksi Millet Whiskey,Unrated,Unrated,$29,koval millet organic raksi
Koval Single Barrel Millet Whiskey,Unrated,Unrated,$40,barrel koval millet single
Koval White Rye Whiskey,Unrated,Unrated,$30,koval rye white
LA 1 Whiskey,467,Unrated,$45,1 la
Lazy River Bourbon,453,Unrated,$33,lazy river
Leopold Bros New York Apple Whiskey,Unrated,1.0,$36,apple bros leopold new rk
Leopold Bros Small Batch Whiskey,Unrated,Unrated,$32,batch bros leopold small
Lexington Bourbon Whiskey,427,3.2,$30,lexington
Litchfield Batchers Bourbon,419,Unrated,$45,batchers litchfield
Local Choice Bourbon,297,Unrated,$25,choice local
Local Choice Whiskey,265,Unrated,$22,choice local
Lock Stock and Barrel 16yr Rye Whiskey,603,Unrated,$150,16 and barrel lock rye stock
Long Road Rye Whisky,512,Unrated,$40,long road rye
Louisiana Lightning Clear Whiskey,348,Unrated,$19,clear lightning louisiana
Low Gap Barreled Rye California Whiskey,554,Unrated,$65,barreled california gap low rye
Low Gap Malted Wheat Whiskey,454,Unrated,$65,gap low malted wheat
Maine Craft Blueshine Blueberry Moonshine,Unrated,Unrated,$30,blueberry blueshine maine moonshine
Makers Mark Bourbon,Unrated,3.6,$30,makers mark
Manhattan Moonshine Prohibition Whiskey,428,3.5,$45,manhattan moonshine prohibition
Mastersons 10yr French Oak Finish Rye Whiskey,554,Unrated,$79,10 finish french mastersons oak rye
McCormick Bourbon,Unrated,Unrated,$12,mccormick
McKenzie Rye Whiskey,Unrated,5.0,$41,mckenzie rye
Metzes Select 2015 Indiana Bourbon,603,Unrated,$75,2015 indiana metzes select
Michters 10yr Rye Whiskey,Unrated,4.5,$200,10 michters rye
Michters 25yr Single Barrel Bourbon,Unrated,3.0,$350,25 barrel michters single
Michters US1 Barrel Strength Rye,624,Unrated,$75,barrel michters rye strength
Michters US1 Rye Whiskey,Unrated,4.0,$44,michters rye
Michters US1 Toasted Barrel Bourbon,662,Unrated,$53,barrel michters toasted
Midnight Moon Apple Pie Moonshine,Unrated,4.0,$19,apple midnight moon moonshine pie
Midnight Moon Cherry Moonshine,Unrated,1.0,$19,cherry midnight moon moonshine
Midnight Moonshine,Unrated,2.7,$19,midnight moonshine
Mill Street Moonshine,331,Unrated,$29,mill moonshine street
Most Wanted Pioneer Whiskey,Unrated,Unrated,$20,most pioneer wanted
Moylans Cask Strength Bourbon,623,Unrated,$69,cask moylans strength
Moylans Rye Whisky,305,Unrated,$40,moylans rye
Nahmias et Fils Legs Diamond Whiskey,455,Unrated,$40,diamond et fils legs nahmias
New Deal Distillery Bourbon,313,Unrated,$50,deal distillery new
New England Gunpowder Rye Whiskey,411,Unrated,$45,england gunpowder new rye
New Holland Double Down Barley Malt Whiskey,Unrated,Unrated,$45,barley double down holland malt new
New Holland Zeppelin Bend Malt Whiskey,Unrated,3.5,$35,bend holland malt new zeppelin
New Richmond Straight Rye Whiskey,Unrated,Unrated,$50,new richmond rye straight
NJoy Spirits Wild Buck Rye Whiskey,507,Unrated,$58,buck njoy rye spirits wild
North Fork Flood Stage Whiskey,296,Unrated,$23,flood fork north stage
Northern Waters Honey Lemon Moonshine,Unrated,Unrated,$20,honey lemon moonshine northern waters
Northern Waters Lakeside Apple Pie Moonshine,Unrated,Unrated,$20,apple lakeside moonshine northern pie waters
Northern Waters Lakeside Moonshine,Unrated,Unrated,$30,lakeside moonshine northern waters
Notch 10yr Single Malt Whisky,576,Unrated,$350,10 notch
OBegley Poitin,330,Unrated,$40,obegley poitin
Old Bardstown Black Label Bourbon,361,2.0,$20,bardstown black old
Old Charter Bourbon,Unrated,3.7,$13,charter old
Old Ezra 7yr 101 Proof Bourbon,481,3.0,$20,101 7 ezra old proof
Old Forester 1870 Original Batch Bourbon,602,3.0,$45,1870 batch forester old original
Old Forester 2005 Birthday Bourbon,Unrated,Unrated,$38,2005 birthday forester old
Old Forester 2007 Birthday Bourbon,Unrated,Unrated,$37,2007 birthday forester old
Old Forester 2009 Birthday Bourbon,Unrated,Unrated,$40,2009 birthday forester old
Old Forester 2011 Birthday Bourbon,569,Unrated,$50,2011 birthday forester old
Old Forester 2013 Birthday Bourbon,378,5.0,$55,2013 birthday forester old
Old Forester 2015 Birthday Bourbon,519,Unrated,$70,2015 birthday forester old
Old Forester Repeal Bourbon,Unrated,3.0,$17,forester old repeal
Old Grand Dad 100 Proof Bourbon,576,4.0,$25,100 dad grand old proof
Old Grand Dad 86 Proof Bourbon,Unrated,3.5,$10,86 dad grand old proof
Old Hickory Straight Bourbon,395,Unrated,$40,hickory old straight
Old Medley 12 Year Bourbon,Unrated,Unrated,$48,12 medley old
Old Pogue Bourbon,Unrated,3.5,$49,old pogue
Old Potrero 19th Century Style,Unrated,5.0,$55,19th century old potrero style
Old Samuel Blended Bourbon,370,Unrated,$25,blended old samuel
Old Tahoe Rye Whiskey,507,Unrated,$38,old rye tahoe
Old Town Old Standard Rye Whiskey,419,Unrated,$60,old old rye standard town
Old Whiskey River Bourbon,Unrated,Unrated,$22,old river
Ole Smoky Apple Pie Moonshine,339,3.0,$20,apple moonshine ole pie smoky
Onyx Moonshine,361,4.0,$23,moonshine onyx
Oola Waitsburg Bourbon,484,4.0,$48,oola waitsburg
Orphan Barrel Barterhouse 20yr Bourbon,601,4.0,$75,20 barrel barterhouse orphan
Orphan Barrel Gifted Horse Whiskey,458,Unrated,$50,barrel gifted horse orphan
Orphan Barrel Old Blowhard 26yr Bourbon,509,Unrated,$150,26 barrel blowhard old orphan
Orphan Barrel Rhetoric 21yr Bourbon,603,Unrated,$110,21 barrel orphan rhetoric
Ottis Webber Oregon Wheat Whiskey,614,Unrated,$40,oregon ottis webber wheat
OYO Michelone Bourbon,411,Unrated,$45,michelone o
OYO Soft Winter Wheat Whiskey,458,Unrated,$45,o soft wheat winter
Paddleford Creek Bourbon,398,Unrated,$20,creek paddleford
Palmetto Whiskey,338,Unrated,$30,palmetto
Pappy Van Winkles 15yr Bourbon,545,4.7,$66,15 pappy van winkles
Pappy Van Winkles 23y Bourbon,361,5.0,$250,23y pappy van winkles
Parkers Heritage 10yr Promise of Hope Bourbon,297,5.0,$90,10 heritage hope of parkers promise
Parkers Heritage 27yr Bourbon,Unrated,Unrated,$240,27 heritage parkers
Parkers Heritage Blend of Mashbills Bourbon,458,Unrated,$80,blend heritage mashbills of parkers
Peg Leg Porker Tennessee Bourbon,509,Unrated,$45,leg peg porker
Phillips Union,Unrated,Unrated,$18,phillips union
Phillips Union Vanilla,Unrated,Unrated,$26,phillips union vanilla
Pinckney Bend Rested Whiskey,557,Unrated,$45,bend pinckney rested
Pinckney Bend Unaged Corn Whiskey,454,Unrated,$28,bend corn pinckney unaged
pink White Whiskey,Unrated,Unrated,$0,pink white
Popcorn Suttons White Whiskey,Unrated,5.0,$30,popcorn suttons white
Prichards Double Barrel Bourbon,Unrated,4.3,$40,barrel double prichards
Prichards Lincoln County Lightning,Unrated,4.8,$25,county lightning lincoln prichards
Prichards Single Malt Whiskey,Unrated,2.0,$30,prichards
Prohibition 13 Spirits Moonshine,313,Unrated,$29,13 moonshine prohibition spirits
Quincy Street Bourbon Spring,455,Unrated,$36,quincy spring street
Quincy Street North American Steamship Rye,Unrated,Unrated,$30,american north quincy rye steamship street
Rabbit Hole Bourbon,387,Unrated,$50,hole rabbit
Rabbit Hole Rye Whiskey,507,Unrated,$60,hole rabbit rye
Ranger Creek 36 White Whiskey,481,Unrated,$33,36 creek ranger white
Ransom Emerald 1865 Whiskey,561,Unrated,$75,1865 emerald ransom
Rays Gun Oil Flavored Whiskey,419,Unrated,$26,flavored gun oil rays
Rebel Reserve Honey Whiskey,313,Unrated,$15,honey rebel reserve
Rebel Yell Bourbon,612,2.8,$14,rebel yell
Rebell Yell Small Batch Reserve Bourbon,424,Unrated,$25,batch rebell reserve small yell
Red Handed Bourbon,329,Unrated,$30,handed red
Red Stag Black Cherry Bourbon,460,3.2,$18,beam black cherry jim red stag
Red Stag Honey Tea Bourbon,Unrated,Unrated,$18,beam honey jim red stag tea
Redemption 10yr Barrel Proof Rye,481,Unrated,$185,10 barrel proof redemption rye
Redemption Bourbon,419,Unrated,$29,redemption
Redemption Rye Whiskey,512,4.1,$24,redemption rye
Reservoir Straight Rye Whiskey,422,1.0,$85,reservoir rye straight
Revel Stoke Roasted Pineapple Whisky,338,Unrated,$17,pineapple revel roasted stoke
Ridge Reserve Black Label Bourbon,411,Unrated,$37,black reserve ridge
Rittenhouse 100 Rye Whiskey,633,3.8,$25,100 rittenhouse rye
Rittenhouse 25yr Rye Whiskey,Unrated,5.0,$170,25 rittenhouse rye
Rittenhouse Straight Rye Whiskey,Unrated,Unrated,$30,rittenhouse rye straight
Rock Hill Farms Single Barrel Bourbon,Unrated,5.0,$50,barrel farms hill rock single
Rock Town Arkansas Rye Whiskey,517,Unrated,$40,arkansas rock rye town
Rock Town Hickory Smoked Whiskey,450,Unrated,$30,hickory rock smoked town
Rocky Mountain 16yr Rye Whiskey,Unrated,Unrated,$80,16 mountain rocky rye
Rogue Farms Oregon Rye Whiskey,514,Unrated,$40,farms oregon rogue rye
Rollins Tennessee Whiskey,507,Unrated,$36,rollins
Rough Rider Bull Moose Rye Whiskey,507,Unrated,$36,bull moose rider rough rye
Rough Rider Straight Bourbon,354,2.0,$36,rider rough straight
Russells Reserve 10yr Bourbon,531,4.0,$35,10 reserve russells
Russells Reserve 6yr Rye Whiskey,491,4.0,$42,6 reserve russells rye
Russells Reserve Single Barrel Rye Whiskey,Unrated,Unrated,$60,barrel reserve russells rye single
Salado Texas Whiskey,455,Unrated,$34,salado texas
Santa Fe Colkegan Single Malt Whiskey,382,Unrated,$50,colkegan fe santa
Sazerac Rye Whiskey,640,4.4,$27,rye sazerac
Seagrams 7 Stone Cherry Whiskey,Unrated,3.8,$14,cherry seagrams seven stone
Semper Fi Corn Whiskey,313,Unrated,$40,corn fi semper
Seven Stills Whipnose Whiskey,297,Unrated,$40,seven stills whipnose
Seventeen Twelve North Carolina Bourbon,507,Unrated,$33,carolina north seventeen twelve
Short Mountain Shine,418,5.0,$35,mountain shine short
Silo Moonshine,313,Unrated,$33,moonshine silo
Silver Lightning Moonshine,411,Unrated,$28,lightning moonshine silver
Siverback Blackback Luck 13 Rye Whiskey,554,Unrated,$53,13 blackback luck rye siverback
Six and Twenty Old Money Whiskey,395,Unrated,$36,and money old six twenty
Skip Rock Barrel Proof Rye Whiskey,557,Unrated,$35,barrel proof rock rye skip
Skip Rock Rye Whiskey,509,Unrated,$25,rock rye skip
Smooth Ambler Contradiction Bourbon,395,Unrated,$50,ambler contradiction smooth
Smooth Ambler Old Scout Rye,454,Unrated,$37,ambler old rye scout smooth
Smooth Ambler White Whiskey,352,Unrated,$28,ambler smooth white
Smugglers Notch Bourbon,507,Unrated,$49,notch smugglers
Soldier Valley 10yr Rye Whiskey,576,Unrated,$80,10 rye soldier valley
Soldier Valley Small Batch Bourbon,557,Unrated,$40,batch small soldier valley
Sonoma County Rye Whiskey,Unrated,4.0,$50,county rye sonoma
Sons of Liberty Hop Flavored Whiskey,464,Unrated,$45,flavored hop liberty of sons
Sons of Liberty Uprising PX Single Malt,370,Unrated,$30,liberty of px sons uprising
Southern Shine Apple Pie Moonshine,576,Unrated,$20,apple moonshine pie shine southern
Southshot Straight Bourbon Whiskey,454,1.0,$22,southshot straight
Spirit of America Bourbon,398,Unrated,$40,america of spirit
Spirit Works Rye Whiskey,403,Unrated,$65,rye spirit works
St George Breaking and Entering Bourbon,436,4.0,$35,and breaking entering george st
Stagg Jr Barrel Proof Bourbon,650,4.8,$50,barrel jr proof stagg
Stein Distillery 2yr Bull Bourbon,576,Unrated,$50,2 bull distillery stein
Stillhouse Apple Crisp Whiskey,338,Unrated,$28,apple crisp stillhouse
Stillhouse Mint Chip Whiskey,338,Unrated,$28,chip mint stillhouse
Stillhouse Peach Tea Whiskey,338,Unrated,$28,peach stillhouse tea
Stone Barn Hard Eight Dark Rye Whiskey,Unrated,Unrated,$25,barn dark eight hard rye stone
Stranahans Colorado Whiskey,436,3.8,$59,colorado stranahans
Sugar Shoppe Chocolate Bar Whiskey,313,Unrated,$20,bar chocolate shoppe sugar
Sugarlands Shine Apple Pie Moonshine,397,Unrated,$25,apple moonshine pie shine sugarlands
Sugarlands Shine Dynamite Cinnamon Moonshine,395,Unrated,$25,cinnamon dynamite moonshine shine sugarlands
Sugarlands Shine Mint Condition Moonshine,419,Unrated,$25,condition mint moonshine shine sugarlands
Sugarlands Shine Rye Apple Moonshine,419,Unrated,$25,apple moonshine rye shine sugarlands
Swift Single Malt Texas Whiskey,596,Unrated,$55,swift texas
Syntax White Cat Whiskey,346,Unrated,$30,cat syntax white
Taos Lightning Governors Reserve Rye Whiskey,490,Unrated,$35,governors lightning reserve rye taos
Tatoosh Bourbon,510,Unrated,$46,tatoosh
Tatoosh Whiskey,382,Unrated,$50,tatoosh
Templeton Rye Whiskey,523,4.0,$40,rye templeton
Ten High Bourbon,Unrated,1.2,$9,high ten
Thomas H Handy Rye Whiskey,618,4.4,$80,h handy rye thomas
Tom Moore Bottled in Bond Bourbon,Unrated,3.0,$20,bond bottled in moore tom
TOPO Carolina Organic Wheat Whiskey,377,Unrated,$22,carolina organic topo wheat
Town Branch Bourbon,459,4.0,$27,branch town
Trails End 8yr Oregon Oak Bourbon,609,Unrated,$45,8 end oak oregon trails
Triple Crown Blended Whiskey,378,4.5,$20,blended crown triple
Troy and Sons Blonde Whiskey,378,4.0,$40,and blonde sons troy
Troy and Sons Oak Reserve Whiskey,351,4.0,$35,and oak reserve sons troy
Trybox Rye New Make Whiskey,Unrated,4.5,$25,make new rye trybox
Tucker Corn Moonshine,338,Unrated,$26,corn moonshine tucker
Twelve Five Rye Whiskey,485,Unrated,$50,five rye twelve
Two james Catchers Rye Whiskey,419,Unrated,$60,catchers james rye two
Two James Johnny Smoking Gun Whiskey,395,Unrated,$50,gun james johnny smoking two
Two Stars Bourbon,462,3.3,$19,stars two
Uncle Bobs Root Beer Whiskey,395,Unrated,$20,beer bobs root uncle
Union Horse Reserve Bourbon,520,Unrated,$47,horse reserve union
V Bourbon,Unrated,Unrated,$40,v
Valley Tan Utah Oat Whisky,481,Unrated,$50,oat tan utah valley
VDI Virginia Highland Malt Whisky,528,Unrated,$58,highland malt vdi virginia
Vermont Spirits No 14 Maple Bourbon,248,Unrated,$45,14 maple no spirits vermont
Very Old Barton Bourbon,Unrated,3.3,$12,barton old very
Virgil Kaine Robber Baron Rye Whiskey,507,Unrated,$27,baron kaine robber rye virgil
W Wisconsin Wheat Whiskey,Unrated,Unrated,$35,w wheat wisconsin
Watershed Distillery Bourbon,Unrated,Unrated,$40,distillery watershed
Watkins Cherry Whiskey,313,Unrated,$15,cherry watkins
Watkins Honey Whiskey,346,Unrated,$15,honey watkins
Weller 12yr Bourbon,610,4.2,$25,12 weller
Weller Special Reserve Bourbon,Unrated,4.0,$20,reserve special weller
West of Kentucky No 2 Bourbon,313,Unrated,$58,2 kentucky no of west
Western Honey Pepper Whiskey,272,Unrated,$20,honey pepper western
Westland First Peated Single Malt Whiskey,591,Unrated,$70,first peated westland
Westland Single Malt Whiskey,592,Unrated,$55,westland
Westward White Malt Oregon Whiskey,361,Unrated,$35,malt oregon westward white
Whiskey Acres Bourbon,419,Unrated,$39,acres
Whiskey Sister Bourbon,378,3.0,$25,sister
WhiskeyGirl Butterscotch Whiskey,Unrated,Unrated,$30,butterscotch girl
Whistle Pig 12yr Old World Rye Whiskey,629,Unrated,$118,12 old pig rye whistle world
Whistle Pig Old World Port Cask Rye,497,Unrated,$118,cask old pig port rye whistle world
Whistle Pig Rye Whiskey,378,4.3,$74,pig rye whistle
White Pike Unaged Whiskey,406,Unrated,$38,pike unaged white
Widow Jane 10yr Bourbon,419,Unrated,$64,10 jane widow
Widow Jane 8yr Bourbon,545,4.5,$60,8 jane widow
Widow Jane Rye Whiskey,353,Unrated,$37,jane rye widow
Wigle Deep Cut Organic Rye Whiskey,395,Unrated,$65,cut deep organic rye wigle
Wigle Organic Wheat Whiskey,403,Unrated,$50,organic wheat wigle
Wild Turkey 101 8yr Bourbon,Unrated,Unrated,$40,101 turkey wild
Wild Turkey 101 Kentucky Spirit Bourbon,531,4.7,$45,101 kentucky spirit turkey wild
Wild Turkey 12yr Bourbon,Unrated,Unrated,$45,12 turkey wild
Wild Turkey 17yr Masters Keep Bourbon,665,Unrated,$150,17 keep masters turkey wild
Wild Turkey 81 Rye,568,3.1,$23,81 rye turkey wild
Wild Turkey Bourbon 80pf,Unrated,Unrated,$17,80pf turkey wild
Wild Turkey Diamond Anniversary Bourbon,Unrated,Unrated,$125,anniversary diamond turkey wild
Wild Turkey Rare Breed Bourbon,653,4.2,$45,breed rare turkey wild
Wild Turkey Spiced Whiskey,378,3.4,$23,spiced turkey wild
Willett 6yr Single Barrel Bourbon,Unrated,Unrated,$50,6 barrel single willett
Willett Pot Still Reserve Bourbon,Unrated,4.2,$40,pot reserve still willett
William Larue Weller Bourbon,557,4.3,$80,larue weller william
William Wolf Frisky Whiskey,510,Unrated,$25,frisky william wolf
William Wolf Rye Whiskey,425,4.0,$26,rye william wolf
Winchester Bourbon,519,4.0,$23,winchester
Witherspoon Cross Timbers Malt Whiskey,398,Unrated,$60,cross malt timbers witherspoon
Woodford Reserve 1838 Style White Corn Bourbon,Unrated,Unrated,$100,1838 corn reserve style white woodford
Woodford Reserve Aged Cask Rye Whiskey,438,Unrated,$90,aged cask reserve rye woodford
Woodford Reserve Classic Malt Whiskey,378,Unrated,$100,classic malt reserve woodford
Woodford Reserve Four Wood Bourbon,503,4.0,$100,four reserve wood woodford
Woodford Reserve New Cask Rye Whiskey,578,Unrated,$90,cask new reserve rye woodford
Woodford Reserve Sonoma Cutrer Bourbon,382,Unrated,$100,cutrer reserve sonoma woodford
Woodshed Single Barrel Malt Whiskey,Unrated,Unrated,$0,barrel malt single woodshed
Woodstock Vanzilla Vanilla Bourbon,378,Unrated,$17,vanilla vanzilla woodstock
Woodstone Creek Ridge Runner 5 Grain Whiskey,304,Unrated,$19,5 creek grain ridge runner woodstone
Woody Creek Rye Whiskey,615,Unrated,$45,creek rye woody
Wylie Howell Corn Whiskey,456,Unrated,$100,corn howell wylie
XXX Salted Caramel Corn Whiskey,362,Unrated,$25,caramel corn salted xxx
Yahara Bay Lightning Whiskey,Unrated,Unrated,$22,bay lightning yahara
Yankee Distillers Rye Whiskey,419,Unrated,$60,distillers rye yankee
Yellow Rose Blended Whiskey,297,Unrated,$30,blended rose yellow
Yellow Rose Outlaw Bourbon,545,Unrated,$65,outlaw rose yellow
Yellowstone Select Bourbon,419,Unrated,$40,select yellowstone
8 Seconds Honey Cinnamon Canadian Whisky,207,Unrated,$22,8 canadian cinnamon honey seconds
Alberta Rye Whisky,410,4.4,$31,alberta rye
Black Velvet 8yr Reserve Canadian Whisky,462,2.9,$22,8 black canadian reserve velvet
Black Velvet Caramel Flavored Whisky,411,3.3,$12,black caramel flavored velvet
Caldera Hurricane 5 Canadian Whisky,338,Unrated,$34,5 caldera canadian hurricane
Canadian Cellars,Unrated,Unrated,$0,canadian cellars
Canadian Club 30yr Canadian Whisky,Unrated,Unrated,$100,30 canadian canadian club
Canadian Club Black 20yr Whisky,Unrated,Unrated,$80,20 black canadian club
Canadian Club Classic 12 Whisky,469,4.0,$36,12 canadian classic club
Canadian Club Dock 57 Spiced Whisky,Unrated,4.0,$26,57 canadian club dock spiced
Canadian Club Sherry Cask Whisky,491,3.7,$22,canadian cask club sherry
Canadian Mist Black Diamond Whisky,546,4.7,$15,black canadian diamond mist
Canadian Shield Canadian Whisky,338,Unrated,$30,canadian canadian shield
Caribou Crossing Canadian Whisky,589,4.3,$50,canadian caribou crossing
Collingwood Canadian Whisky,549,4.2,$29,canadian collingwood
Crown Royal Black Whisky,579,3.8,$30,black crown royal
Crown Royal Cask 16 Canadian Whisky,Unrated,3.0,$100,16 canadian cask crown royal
Crown Royal Hand Selected Barrel Whisky,689,Unrated,$55,barrel crown hand royal selected
Crown Royal Maple Finish Whisky,373,3.6,$25,crown finish maple royal
Crown Royal Reserve Canadian Whisky,531,3.3,$40,canadian crown reserve royal
Crown Royal XO Canadian Whisky,459,3.3,$50,canadian crown royal xo
Danfields 10yr Canadian Whisky,Unrated,Unrated,$25,10 canadian danfields
Dillons Canadian Rye Whisky,419,Unrated,$30,canadian dillons rye
Ellington Canadian Whisky,337,Unrated,$10,canadian ellington
Ensign Red Apple Whisky,423,Unrated,$17,apple ensign red
Ethan Koll 8yr Canadian Whisky,312,4.0,$15,8 canadian ethan koll
Forty Creek Barrel Select Canadian Whisky,418,3.9,$27,barrel canadian creek forty select
Forty Creek Copper Pot Reserve Canadian Whisky,494,5.0,$29,canadian copper creek forty pot reserve
Forty Creek Heart of Gold Canadian Whisky,509,Unrated,$70,canadian creek forty gold heart of
Forty Creek Port Wood Reserve Whisky,554,Unrated,$70,creek forty port reserve wood
Forty Creek Spike Honey Spiced Whisky,313,Unrated,$28,creek forty honey spiced spike
Gibsons 18yr Whisky,Unrated,Unrated,$36,18 gibsons
Glen Breton Rare 10yr Canadian Whisky,543,Unrated,$80,10 breton canadian glen rare
Glynnevan Canadian Rye Whisky,419,Unrated,$32,canadian glynnevan rye
Highwood Ninety 5yr Canadian Whisky,Unrated,Unrated,$20,5 canadian highwood ninety
Hirsch Selection 20yr Rye Whisky,385,Unrated,$55,20 hirsch rye selection
JP Wisers 18yr Canadian Whisky,640,5.0,$70,18 canadian jp wisers
JP Wisers DeLuxe Canadian Whisky,439,Unrated,$27,canadian deluxe jp wisers
JP Wisers Hopped Whisky,374,Unrated,$21,hopped jp wisers
JP Wisers Legacy Canadian Whisky,648,Unrated,$36,canadian jp legacy wisers
JP Wisers Rye Whisky,470,2.2,$20,jp rye wisers
Kirkland 6yr Canadian Whisky,534,4.6,$19,6 canadian kirkland
Lord Calvert Canadian Whisky,395,Unrated,$12,calvert canadian lord
MacNaughton Blended Whisky,Unrated,Unrated,$20,blended macnaughton
Mastersons 10yr Rye Whiskey,650,4.5,$79,10 mastersons rye
McAdams Caramel Canadian Whisky,272,Unrated,$10,canadian caramel mcadams
Mountain Rock Canadian Whisky,Unrated,Unrated,$20,canadian mountain rock
Olde Pointe Canadian Whisky,338,Unrated,$16,canadian olde pointe
Pendleton 1910 Canadian Rye Whisky,397,2.0,$40,1910 canadian pendleton rye
Pendleton Directors Reserve,Unrated,Unrated,$75,directors pendleton reserve
Pike Creek 10yr Port Finish Canadian Whisky,573,2.0,$29,10 canadian creek finish pike port
Pike Creek Rum Barrel Canadian Whisky,419,Unrated,$40,barrel canadian creek pike rum
Proof Whiskey,Unrated,1.0,$20,proof
Revel Stoke Spiced Canadian Whisky,378,2.0,$15,canadian revel spiced stoke
Rich and Rare Reserve Canadian Whisky,564,4.0,$12,and canadian rare reserve rich
Seagrams VO Canadian Whiskey,Unrated,2.4,$14,canadian seagrams vo
Select Club Apple Canadian Whisky,338,Unrated,$25,apple canadian club select
Select Club Pecan Praline Canadian Whisky,419,Unrated,$25,canadian club pecan praline select
Spicebox Canadian Spiced Whisky,364,4.2,$20,canadian spicebox spiced
Tap 357 Maple Rye Canadian Whisky,448,Unrated,$30,357 canadian maple rye tap
Tap 8 Sherry Finished Canadian Rye Whisky,330,Unrated,$45,8 canadian finished rye sherry tap
Uncommon Canadian Whiskey,Unrated,Unrated,$50,canadian uncommon
Wisers Reserve,Unrated,Unrated,$27,reserve wisers
Wisers Spiced Torched Toffee Whisky,406,Unrated,$22,spiced toffee torched wisers
Ball of Malt Irish Whiskey,394,Unrated,$60,ball malt of
Barr an Uisce Wicklow Irish Whiskey,568,Unrated,$50,an barr uisce wicklow
Brothership 10yr Irish American Whiskey,470,Unrated,$50,10 american brothership
Bushmills 1608 Single Malt Irish Whiskey,352,5.0,$100,1608 bushmills
Bushmills 21yr Irish Whiskey,559,4.2,$120,21 bushmills
Bushmills Irish Whiskey,589,3.0,$39,bushmills
Callaghars Blended Irish Whiskey,507,Unrated,$18,blended callaghars
Celtic Pride Irish Spirit,378,Unrated,$18,celtic pride spirit
Clontarf Single Malt Irish Whiskey,Unrated,4.3,$30,clontarf
Connemara 12yr Irish Whiskey,438,4.0,$90,12 connemara
Connemara Peated Irish Whiskey,450,4.5,$45,connemara peated
Crested Ten Irish Whiskey,Unrated,3.0,$30,crested ten
Danny Boy Irish Whiskey,385,Unrated,$22,boy danny
Donegal Estates Irish Whiskey,Unrated,Unrated,$25,donegal estates
Dubliner Irish Whiskey,470,Unrated,$27,dubliner
Dunphys Irish Whiskey,Unrated,Unrated,$20,dunphys
Egans 10yr Single Malt Irish Whiskey,424,Unrated,$50,10 egans
Feckin Spiced Irish Whiskey,Unrated,5.0,$20,feckin spiced
Finnegan 8yr Single Malt Irish Whiskey,534,Unrated,$35,8 finnegan
Flaming Leprechaun Irish Whiskey,419,Unrated,$35,flaming leprechaun
Glendalough 13yr Single Malt Irish Whiskey,576,Unrated,$85,13 glendalough
Glendalough Double Barrel Irish Whiskey,576,Unrated,$30,barrel double glendalough
Greenore 15yr Irish Whiskey,445,Unrated,$100,15 greenore
Greenore 8yr Irish Whiskey,477,3.0,$50,8 greenore
Hyde 10yr No 1 Irish Whiskey,610,Unrated,$79,1 10 hyde no
Hyde 6yr No 3 Irish Whiskey,354,Unrated,$49,3 6 hyde no
Hyde 6yr No 5 Single Grain Whiskey,Unrated,Unrated,$69,5 6 grain hyde no single
Irish Mist Whiskey,362,Unrated,$29,mist
Jameson 12yr Irish Whiskey,568,4.5,$50,12 jameson
Jameson Black Barrel Irish Whiskey,586,4.3,$53,barrel black jameson
Jameson Bold Irish Whiskey,419,Unrated,$40,bold jameson
Jameson Coopers Croze Irish Whiskey,568,Unrated,$70,coopers croze jameson
Jameson Distillers Safe Irish Whiskey,497,Unrated,$80,distillers jameson safe
Jameson Irish Whiskey,474,3.7,$28,jameson
Jameson Rarest Vintage Reserve,636,4.5,$325,jameson rarest reserve vintage
Jameson Signature Irish Whiskey,423,Unrated,$50,jameson signature
John L Sullivan Irish Whiskey,481,1.0,$18,john l sullivan
Kavanagh 6yr Single Malt Irish Whiskey,580,Unrated,$33,6 kavanagh
Kavanagh Single Grain Irish Whiskey,490,Unrated,$33,grain kavanagh single
Kellan Irish Whiskey,Unrated,Unrated,$20,kellan
Kilbeggan 15yr Irish Whiskey,445,Unrated,$100,15 kilbeggan
Kilbeggan 8yr Single Grain Irish Whiskey,Unrated,Unrated,$50,8 grain kilbeggan single
Kinahans 10yr Single Malt Irish Whiskey,428,Unrated,$69,10 kinahans
Knappogue 12yr Single Malt Irish Whiskey,582,4.3,$42,12 knappogue
Knappogue 16yr Twin Wood Irish Whiskey,540,4.0,$100,16 knappogue twin wood
Knappogue 1951 Irish Whiskey,Unrated,Unrated,$1399,1951 knappogue
Knappogue Castle 1995 Irish Whiskey,Unrated,4.5,$99,1995 castle knappogue
McFadden Spirit Drink,313,Unrated,$22,drink mcfadden spirit
Michael Collins Blended Irish Whiskey,450,3.8,$28,blended collins michael
Midleton 20th Anniversary Irish Whiskey,Unrated,Unrated,$2570,20th anniversary midleton
Midleton Barry Crockett Irish Whiskey,739,5.0,$250,barry crockett midleton
Midleton Very Rare Irish Whiskey,718,4.3,$160,midleton rare very
Neills Single Malt Irish Whiskey,Unrated,Unrated,$45,neills
Origine Irish Whiskey,Unrated,Unrated,$17,origine
Paddy Irish Whiskey,406,4.5,$20,paddy
Powers 12yr Gold Label Irish Whiskey,363,3.8,$35,12 gold powers
Powers Gold Label Irish Whiskey,499,3.8,$30,gold powers
Powers Three Swallow Release Irish Whiskey,Unrated,Unrated,$45,powers release swallow three
Quiet Man Blended Irish Whiskey,603,Unrated,$0,blended man quiet
Redbreast 12yr Irish Whiskey,614,4.5,$60,12 redbreast
Redbreast 21yr Irish Whiskey,749,3.0,$350,21 redbreast
Roe and Co Blended Irish Whiskey,Unrated,Unrated,$30,and blended co roe
Slane Castle Irish Whiskey,524,Unrated,$30,castle slane
Spade and Bushel 10yr Cask Strength Irish Whiskey,440,Unrated,$40,10 and bushel cask spade strength
Teeling 15yr Revival Single Malt Whiskey,Unrated,Unrated,$85,15 revival teeling
Teeling 24yr Single Malt Irish Whiskey,Unrated,Unrated,$230,24 teeling
Teeling Revival Vol III Irish Whiskey,Unrated,Unrated,$150,iii revival teeling vol
Teeling Single Malt Irish Whiskey,Unrated,4.0,$65,teeling
The Irishman 12yr Irish Whiskey,557,Unrated,$70,12 man
The Irishman Cask Strength Whiskey,Unrated,Unrated,$150,cask man strength
The Irishman Single Malt Irish Whiskey,561,Unrated,$46,man
Trader Joes Single Malt Irish Whiskey,Unrated,4.0,$20,joes trader
Tullamore Dew 10yr Single Malt Whiskey,417,4.5,$35,10 dew tullamore
Tullamore Dew 14yr Single Malt Irish Whiskey,470,4.9,$70,14 dew tullamore
Tullamore Dew 6yr Irish Whiskey,Unrated,Unrated,$36,6 dew tullamore
Tullamore Dew Phoenix Irish Whiskey,562,4.0,$55,dew phoenix tullamore
Tyrconnel 16yr Single Malt Irish Whiskey,572,Unrated,$100,16 tconnel
Tyrconnell 10yr Madeira Finish,521,4.6,$75,10 finish madeira tconnell
West Cork 10yr Single Malt Irish Whiskey,408,Unrated,$40,10 cork west
West Cork 12yr Rum Cask Irish Whiskey,Unrated,Unrated,$66,12 cask cork rum west
West Cork Barrel Proof Irish Whiskey,387,Unrated,$57,barrel cork proof west
West Cork Classic Blend Irish Whiskey,456,3.0,$28,blend classic cork west
Wild Geese Limited Edition Irish Whiskey,Unrated,Unrated,$60,edition geese limited wild
Wild Geese Single Malt Irish Whiskey,Unrated,Unrated,$73,geese wild
Writers Tears Irish Whiskey,Unrated,Unrated,$40,tears writers
Adnams No 2 Triple Grain Whiskey,378,Unrated,$72,2 adnams grain no triple
Akashi White Oak Blended Whisky,Unrated,3.0,$38,akashi blended oak white
Amrut Peated Single Malt Whisky,Unrated,3.0,$75,amrut peated
Armorik Classic Single Malt Whisky,469,5.0,$55,armorik classic
Bains Cape Mountain Whisky,502,4.0,$30,bains cape mountain
BBC Single Barrel Single Malt Whisky,419,Unrated,$60,barrel bbc single
Black Ram 12yr Whisky,Unrated,Unrated,$0,12 black ram
Braunstein 14 1 Single Malt Whisky,Unrated,Unrated,$120,1 14 braunstein
Braunstein 15 2 Single Malt Whisky,507,Unrated,$100,15 2 braunstein
Braunstein Danica Single Malt Whisky,511,Unrated,$80,braunstein danica
Braunstein E7 Single Malt Whisky,419,Unrated,$300,braunstein e7
Brenne Ten Single Malt Whisky,554,Unrated,$120,brenne ten
English Whiskey Company Classic Malt Whiskey,489,Unrated,$70,classic company english malt
Floki Icelandic young Malt Whiskey,395,Unrated,$50,floki icelandic malt ung
G Rozelieures Rare Collection French Whisky,497,Unrated,$64,collection french g rare rozelieures
Gjoleid Bourbon Cask Single Malt Norsk Whisky,Unrated,Unrated,$50,cask gjoleid norsk
Glenglassaugh Clearac,Unrated,Unrated,$26,clearac glenglassaugh
Glenglassaugh Peated Spirit Drink,Unrated,Unrated,$26,drink glenglassaugh peated spirit
Golden Blue Diamond Whisky,424,Unrated,$30,blue diamond golden
Grand Royal Blended Whisky,611,Unrated,$20,blended grand royal
Grand Royal Smooth Whisky,398,Unrated,$4,grand royal smooth
Hakushu 10yr Japanese Whisky,Unrated,Unrated,$53,10 hakushu japanese
Hakushu 18yr Japanese Whisky,640,Unrated,$250,18 hakushu japanese
Hibiki 12 Japanese Blended Whisky,562,4.3,$65,12 blended hibiki japanese
Hibiki Harmony Whisky,615,3.5,$65,harmony hibiki
Kavalan Classic Single Malt Whisky,591,3.8,$90,classic kavalan
Kavalan Distillery Reserve Single Malt Whisky,507,Unrated,$100,distillery kavalan reserve
Kavalan Podium Single Malt Whisky,582,Unrated,$120,kavalan podium
Kavalan Sherry Oak Single Malt Whisky,714,4.6,$130,kavalan oak sherry
Kavalan Solist Brandy Cask Strength Whisky,629,Unrated,$160,brandy cask kavalan solist strength
Kavalan Solist Fino Sherry Cask Single Malt Whisky,763,5.0,$425,cask fino kavalan sherry solist
Kavalan Solist Moscatel Cask Single Malt Whisky,653,Unrated,$525,cask kavalan moscatel solist
Kavalan Solist Sherry Cask Strength Whisky,769,3.8,$185,cask kavalan sherry solist strength
King Car Conductor Single Malt Whisky,634,5.0,$120,car conductor king
Nestville Blended Whisky,272,Unrated,$0,blended nestville
Nikka Black Pure Malt Whisky,Unrated,Unrated,$60,black malt nikka pure
Nikka Coffey Malt Whisky,554,3.0,$70,coffey malt nikka
Nikka Miyagikyo 12yr Single Malt Whisky,618,Unrated,$110,12 miyagik nikka
Nikka Red Pure Malt Whisky,Unrated,Unrated,$62,malt nikka pure red
Nikka Taketsuru 17yr Malt Whisky,509,Unrated,$150,17 malt nikka taketsuru
Nikka Taketsuru Pure Malt Black Whisky,622,3.5,$70,black malt nikka pure taketsuru
Nikka Yoichi 10yr Single Malt Whisy,Unrated,4.0,$115,10 ichi nikka whisy
Nikka Yoichi 15yr Single Malt Whisky,565,Unrated,$130,15 ichi nikka
Nordisk Braenderi Thy Whisky,395,Unrated,$210,braenderi nordisk thy
P and M Blended Whisky,256,Unrated,$40,and blended m p
Penderyn Single Malt Welsh Whiskey,380,5.0,$70,penderyn welsh
Puni Nova Italian Malt Whisky,338,Unrated,$63,italian malt nova puni
Seagrams Blenders Pride India Whisky,Unrated,3.0,$30,blenders india pride seagrams
Slyrs Sherry Edition Single Malt Whisky,481,Unrated,$67,edition sherry sls
South Island 18yr Single Malt Whisky,545,Unrated,$99,18 island south
Starward Wine Cask Malt Whisky,608,Unrated,$63,cask malt starward wine
Stauning Young Rye Whisky,583,Unrated,$87,rye stauning ung
Sullivans Cove Double Cask Single Malt Whisky,535,Unrated,$125,cask cove double sullivans
Suntory Hibiki 17yr Japanese Whisky,424,Unrated,$150,17 hibiki japanese suntory
Suntory Yamazaki 1984 Single Malt Whisky,Unrated,Unrated,$550,1984 suntory yamazaki
Thomson 21yr Single Cask Malt Whisky,464,Unrated,$160,21 cask malt single thomson
Thomson South Island Peat Malt Whisky,507,Unrated,$65,island malt peat south thomson
Three Ships 10yr Single Malt Whisky,454,3.0,$28,10 ships three
Three Ships Bourbon Cask Whisky,557,Unrated,$14,cask ships three
TJDs Aito Ruis Scandinavian Rye,427,Unrated,$25,aito ruis rye scandinavian tjds
TTL Cask Strength Bourbon Cask Single Malt Whisky,378,Unrated,$60,cask cask strength ttl
Vicomte 8yr Single Malt Whisky,382,3.5,$40,8 vicomte
Whipper Snapper Crazy Uncle Moonshine,338,Unrated,$59,crazy moonshine snapper uncle whipper
Yamazaki 10yr Single Malt Whisky,Unrated,3.0,$45,10 yamazaki
Yamazaki 18yr Single Malt Whisky,661,4.3,$250,18 yamazaki
Yamazaki 25yr Single Malt Whisky,579,Unrated,$1600,25 yamazaki
Aberfeldy 12yr Scotch,507,3.7,$49,12 aberfeldy
Aberlour 10yr Scotch,Unrated,4.0,$30,10 aberlour
Aberlour 12yr Single Malt Scotch,587,4.5,$42,12 aberlour
Aberlour 16yr Single Malt Scotch,496,3.8,$65,16 aberlour
Aberlour ABunadh Single Malt Scotch,611,4.4,$70,aberlour abunadh
Ainsley Brae Burgundy Finish Single Malt Scotch,338,4.0,$30,ainsley brae burgundy finish
Ainsley Brae Highland Oak Single Malt Scotch,419,Unrated,$30,ainsley brae highland oak
Ainsley Brae Highland Sherry Single Malt Scotch,419,Unrated,$30,ainsley brae highland sherry
Alexander Murray Caol Ila 8yr Single Malt Scotch,395,Unrated,$60,8 alexander caol ila murray
Alexander Murray Monumental Blended Scotch,576,Unrated,$126,alexander blended monumental murray
anCnoc 16yr Single Malt Scotch,523,Unrated,$60,16 ancnoc
anCnoc Cutter Single Malt Scotch,472,Unrated,$85,ancnoc cutter
Antiquary 12yr Scotch,264,Unrated,$30,12 antiquary
Ardbeg 10yr Scotch,496,4.1,$55,10 ardbeg
Ardbeg Alligator Single Malt Scotch,385,4.0,$130,alligator ardbeg
Ardbeg Corryvreckan Single Malt Scotch,613,4.9,$90,ardbeg corryvreckan
Ardbeg Galileo Single Malt Scotch,Unrated,4.0,$100,ardbeg galileo
Ardbeg Rollercoaster Single Malt Scotch,Unrated,Unrated,$85,ardbeg rollercoaster
Ardbeg Uigeadail Scotch,583,4.4,$80,ardbeg uigeadail
Ardmore Traditional Cask Scotch,Unrated,4.2,$47,ardmore cask traditional
Arran 12yr Cask Strength Single Malt Scotch,545,Unrated,$65,12 arran cask strength
Arran Bourbon Cask Scotch,Unrated,Unrated,$79,arran cask
Arran Gonzalez Byass Sherry Scotch,Unrated,Unrated,$79,arran byass gonzalez sherry
Arran Sherry Finish Scotch,Unrated,Unrated,$79,arran finish sherry
Auchentoshan 10yr Single Malt Scotch,Unrated,2.0,$40,10 auchentoshan
Auchentoshan 16yr Scotch,Unrated,Unrated,$120,16 auchentoshan
Auchentoshan 18yr Sherry Scotch,Unrated,Unrated,$1000,18 auchentoshan sherry
Auchentoshan 1965 40yr Single Malt Scotch,Unrated,Unrated,$1500,1965 40 auchentoshan
Auchentoshan 1999 11yr Bordeaux,Unrated,Unrated,$65,11 1999 auchentoshan bordeaux
Auchentoshan 41yr 1962 Scotch,Unrated,Unrated,$2000,1962 41 auchentoshan
Auchentoshan American Oak Single Malt Scotch,551,3.5,$40,american auchentoshan oak
Auchentoshan Valinch Limited Release,545,Unrated,$60,auchentoshan limited release valinch
Aultmore 12yr Foggie Moss Single Malt Scotch,419,Unrated,$50,12 aultmore foggie moss
Avonside Blended Scotch Whisky,Unrated,Unrated,$30,avonside blended scotch
Balblair 1989 Single Malt Scotch,543,Unrated,$125,1989 balblair
Balblair 1991 Single Malt,523,2.0,$120,1991 balblair
Balblair 1999 Single Malt Scotch,607,Unrated,$85,1999 balblair
Balblair 2001 Single Malt Scotch,554,Unrated,$60,2001 balblair
Balblair 2003 Single Malt Scotch,490,Unrated,$70,2003 balblair
Ballantines 12yr Scotch,464,4.0,$30,12 ballantines
Ballantines 21yr Scotch,Unrated,Unrated,$100,21 ballantines
Ballantines Finest Scotch,297,3.0,$24,ballantines finest
Ballechin 8 Sauternes Cask Single Malt Scotch,Unrated,Unrated,$110,8 ballechin cask sauternes
Balvenie 12yr Signature Batch Scotch,Unrated,3.7,$70,12 balvenie batch signature
Balvenie 12yr Triple Cask Single Malt Scotch,Unrated,Unrated,$60,12 balvenie cask triple
Balvenie 15yr Sherry Cask Single Malt Scotch,Unrated,Unrated,$117,15 balvenie cask sherry
Balvenie 16yr Triple Cask Single Malt Scotch,Unrated,4.0,$130,16 balvenie cask triple
Balvenie 17yr New Wood Scotch,Unrated,Unrated,$90,17 balvenie new wood
Balvenie 17yr Rum Cask Scotch,Unrated,Unrated,$130,17 balvenie cask rum
Balvenie 17yr Single Malt Maedira Finish Scotch,Unrated,4.5,$120,17 balvenie finish maedira
Balvenie 21yr Portwood 95 Proof Single Malt Scotch,Unrated,4.0,$180,21 95 balvenie portwood proof
Balvenie 25yr Triple Cask Single Malt Scotch,Unrated,Unrated,$500,25 balvenie cask triple
Balvenie 50yr Single Malt Scotch,Unrated,Unrated,$16500,50 balvenie
Barrelhound Blended Scotch,341,Unrated,$30,barrelhound blended
Battlehill 18yr Jura Single Malt Scotch,534,Unrated,$90,18 battlehill jura
Ben Nevis 10yr Single Malt Scotch,Unrated,Unrated,$60,10 ben nevis
Bench 5 Scotch,Unrated,Unrated,$20,5 bench
BenRiach 10yr Curiositas Single Malt Scotch,Unrated,4.3,$63,10 benriach curiositas
BenRiach 12yr Horizons Single Malt Scotch,Unrated,Unrated,$80,12 benriach horizons
BenRiach 12yr Scotch,Unrated,Unrated,$40,12 benriach
BenRiach 15yr Dark Rum Wood Scotch,Unrated,Unrated,$70,15 benriach dark rum wood
BenRiach 15yr Solstice Single Malt Scotch,Unrated,Unrated,$100,15 benriach solstice
BenRiach 15yr Ximinez Sherry Scotch,Unrated,Unrated,$95,15 benriach sherry ximinez
BenRiach 17yr Septendicum Single Malt Scotch,Unrated,Unrated,$85,17 benriach septendicum
BenRiach 20yr Single Malt Scotch,Unrated,Unrated,$139,20 benriach
BenRiach Authenticas 21yr Scotch,Unrated,Unrated,$54,21 authenticas benriach
Benromach 10yr Imperial Proof Single Malt Scotch,603,Unrated,$80,10 benromach imperial proof
Benromach 21yr Single Malt Scotch,Unrated,Unrated,$115,21 benromach
Benromach Traditional Single Malt Scotch,Unrated,4.0,$30,benromach traditional
Black Bottle 10yr Blended Scotch,Unrated,4.0,$30,10 black blended bottle
Black Bowmore 42yr Single Malt Scotch,Unrated,Unrated,$4500,42 black bowmore
Black Bull 21yr Blended Scotch,395,Unrated,$160,21 black blended bull
Black Bull Kyloe Blended Scotch,410,Unrated,$40,black blended bull kyloe
Black Dog 8yr Centenary Scotch,Unrated,Unrated,$20,8 black centenary dog
Black Grouse Blended Scotch,508,3.4,$25,black blended grouse
Black Scott Blended Scotch,445,Unrated,$40,black blended scott
Bowmore 15yr Darkest Scotch,635,4.4,$76,15 bowmore darkest
Bowmore 16yr Bordeaux 1992 Single Malt Scotch,Unrated,Unrated,$120,16 1992 bordeaux bowmore
Bowmore 17yr Scotch,Unrated,Unrated,$70,17 bowmore
Bowmore 1968 37yr Single Malt Scotch,Unrated,Unrated,$1000,1968 37 bowmore
Bowmore 1982 Single Malt Scotch,Unrated,Unrated,$430,1982 bowmore
Bowmore 1990 16yr Sherry Single Malt Scotch,Unrated,Unrated,$85,16 1990 bowmore sherry
Bowmore Black 29yr 1964 Single Malt Scotch Whisky,Unrated,Unrated,$5900,1964 29 black bowmore scotch
Bowmore Dusk Single Malt Scotch,Unrated,Unrated,$85,bowmore dusk
Bowmore Legend Single Malt Scotch,Unrated,3.7,$30,bowmore legend
Bowmore Voyage Single Malt Scotch,Unrated,Unrated,$140,bowmore voyage
Brora 25yr Single Malt Scotch,Unrated,Unrated,$310,25 brora
Bruichladdic Classic Laddie Scottish Barley,Unrated,4.7,$60,barley bruichladdic classic laddie scottish
Bruichladdich 16yr Single Malt Scotch Whisky,Unrated,3.0,$86,16 bruichladdich scotch
Bruichladdich 21yr Single Malt Scotch,Unrated,Unrated,$170,21 bruichladdich
Bruichladdich 3D3 Norrie Campbell Scotch,Unrated,4.0,$90,3d3 bruichladdich campbell norrie
Bruichladdich Octomore 3 Single Malt Scotch,Unrated,5.0,$200,3 bruichladdich octomore
Bruichladdich Octomore 5 1 Single Malt Scotch,Unrated,Unrated,$200,1 5 bruichladdich octomore
Bruichladdich Rocks Islay Scotch,Unrated,4.5,$47,bruichladdich islay rocks
Bruichladdich Torrey Pines Single Malt Scotch,Unrated,Unrated,$80,bruichladdich pines torrey
Buchanans 12yr Scotch,532,4.0,$31,12 buchanans
Buchanans 21yr Red Seal Scotch,563,Unrated,$165,21 buchanans red seal
Bunnahabhain 12yr Single Malt Scotch,574,3.8,$56,12 bunnahabhain
Bunnahabhain 25yr Single Malt Scotch,633,4.0,$297,25 bunnahabhain
Bunnahabhain Darach Ur Single Malt Scotch,Unrated,Unrated,$65,bunnahabhain darach ur
Cairnleigh 12yr Single Malt Scotch,528,5.0,$30,12 cairnleigh
Caol Ila 12yr Scotch,614,4.4,$60,12 caol ila
Caol Ila 18yr Scotch,Unrated,Unrated,$60,18 caol ila
Caol Ila 25yr Scotch,Unrated,Unrated,$250,25 caol ila
Cask Islay Single Malt Scotch,481,Unrated,$53,cask islay
Cattos 25yr Blended Scotch,454,Unrated,$200,25 blended cattos
Chivas Brothers 50yr Scotch,Unrated,5.0,$10000,50 brothers chivas
Chivas Regal 18yr Scotch,617,4.3,$75,18 chivas regal
Chivas Regal 25yr Scotch,649,4.5,$250,25 chivas regal
Chivas Regal Extra Blended Scotch,487,Unrated,$45,blended chivas extra regal
Clan Denny Islay Vatted Malt Scotch,304,Unrated,$60,clan denny islay malt vatted
Clan Gold 18yr Blended Scotch,Unrated,Unrated,$90,18 blended clan gold
Clan MacGregor Blended Scotch,Unrated,3.1,$16,blended clan macgregor
Classic Cask 20yr 1992 Strathmill Scotch,545,Unrated,$170,1992 20 cask classic strathmill
Cluny Blended Scotch,Unrated,4.0,$22,blended cluny
Compass Box Asyla Blended Scotch,479,3.0,$50,asyla blended box compass
Compass Box Elightenment Blended Malt,497,Unrated,$85,blended box compass elightenment malt
Compass Box Great King St Artists Blend Scotch,502,3.8,$45,artists blend box compass great king st
Compass Box Oak Cross Blended Scotch,Unrated,4.0,$41,blended box compass cross oak
Compass Box Peat Monster Blended Scotch,Unrated,4.7,$55,blended box compass monster peat
Cragganmore 10yr Sherry Cask Scotch,Unrated,Unrated,$150,10 cask cragganmore sherry
Cragganmore 1992 Scotch,Unrated,Unrated,$65,1992 cragganmore
Craigellachie 23yr Single Malt Scotch,581,Unrated,$350,23 craigellachie
Cu Dhub Black Single Malt Scotch,370,Unrated,$40,black cu dhub
Cutty Sark Prohibition Blended Scotch,411,4.0,$30,blended cutty prohibition sark
Dalmore 12yr Scotch,576,4.2,$65,12 dalmore
Dalmore 17yr MacKenzie Single Malt Scotch,Unrated,Unrated,$175,17 dalmore mackenzie
Dalmore 1974 Single Malt Scotch,628,5.0,$1250,1974 dalmore
Dalmore 1981 Amoroso Finesse Single Malt Scotch,589,Unrated,$1200,1981 amoroso dalmore finesse
Dalmore 21yr Scotch,Unrated,Unrated,$100,21 dalmore
Dalmore 29yr 1980 Single Malt Scotch,Unrated,Unrated,$360,1980 29 dalmore
Dalmore Alexander III Scotch,589,5.0,$250,alexander dalmore iii
Dalmore Aurora Single Malt Scotch,559,Unrated,$4500,aurora dalmore
Dalmore Cromartie Single Malt Scotch,492,Unrated,$175,cromartie dalmore
Dalmore Gran Reserva Scotch,Unrated,5.0,$64,dalmore gran reserva
Dalwhinnie 1990 Single Malt Scotch,Unrated,Unrated,$65,1990 dalwhinnie
Deanston 12yr Single Malt Scotch,611,4.5,$50,12 deanston
Deanston Virgin Oak Scotch,385,4.3,$33,deanston oak virgin
Dewars 12yr Blended Scotch,574,3.7,$45,12 blended dewars
Dewars 18yr Blended Scotch,675,4.0,$75,18 blended dewars
Dewars Signature Blended Scotch,675,5.0,$254,blended dewars signature
Dewars White Label Scratched Cask Scotch,430,3.6,$29,cask dewars scratched white
Douglas Drumlanrig Glen Grant 25yr Scotch,436,Unrated,$229,25 douglas drumlanrig glen grant
Douglas Drumlanrig Macallan 21 Single Malt Scotch,336,Unrated,$189,21 douglas drumlanrig macallan
Drumguish Single Malt Scotch,Unrated,Unrated,$25,drumguish
Duggans Dew Blended Scotch,Unrated,4.0,$0,blended dew duggans
Duncan Taylor 38yr Auld Blended Scotch,Unrated,Unrated,$181,38 auld blended duncan taylor
Duncan Taylor Big Smoke 40 Scotch Whisky,507,Unrated,$40,40 big duncan scotch smoke taylor
Duncan Taylor Scottish Glory Blended Scotch,313,Unrated,$20,blended duncan glory scottish taylor
Eades Highland Scotch,Unrated,Unrated,$70,eades highland
Eades Speyside Scotch,Unrated,Unrated,$55,eades speyside
Famous Grouse 12yr Scotch,Unrated,3.0,$35,12 famous grouse
Famous Grouse 30yr Blended Scotch,Unrated,Unrated,$160,30 blended famous grouse
Fat Trout Blended Scotch,467,Unrated,$25,blended fat trout
Fort Glen 12yr Blenders Reserve Blended Scotch,354,Unrated,$13,12 blended blenders fort glen reserve
Glen Clyde 12yr Blended Scotch,454,Unrated,$33,12 blended clyde glen
Glen Garioch 12yr Single Malt Scotch,484,5.0,$65,12 garioch glen
Glen Garioch 1991 Small Batch Scotch,427,Unrated,$100,1991 batch garioch glen small
Glen Garioch 21yr Single Malt Scotch,Unrated,Unrated,$120,21 garioch glen
Glen Garioch Founders Reserve Single Malt Scotch,585,4.0,$45,founders garioch glen reserve
Glen Grant 10yr Single Malt Scotch,454,4.2,$46,10 glen grant
Glen Grant 16yr Single Malt Scotch,545,3.0,$80,16 glen grant
Glen Keith 1971 33yr Single Malt Scotch,Unrated,Unrated,$234,1971 33 glen keith
Glen Kirk 8yr Speyside Single Malt Scotch,499,Unrated,$20,8 glen kirk speyside
Glen Moray 16yr Single Malt Scotch,Unrated,Unrated,$60,16 glen moray
Glen Moray Elgin Classic Chardonnay Scotch,507,1.0,$26,chardonnay classic elgin glen moray
Glen Ness 8yr Single Malt Scotch,398,Unrated,$22,8 glen ness
Glen Ord 30yr Scotch,Unrated,Unrated,$65,30 glen ord
Glen Orrin 5yr Blended Malt Scotch,Unrated,Unrated,$20,5 blended glen malt orrin
Glen Scotia 15yr Single Malt Scotch,603,Unrated,$79,15 glen scotia
Glen Scotia Victoriana Single Malt Scotch,603,Unrated,$108,glen scotia victoriana
Glencadam 10yr Single Malt Scotch,468,Unrated,$55,10 glencadam
Glencadam 21yr Single Malt Scotch,561,Unrated,$199,21 glencadam
GlenDronach 14yr Virgin Oak Scotch,Unrated,Unrated,$56,14 glendronach oak virgin
GlenDronach 18yr Single Malt Scotch,Unrated,2.0,$122,18 glendronach
GlenDronach 33yr Scotch,Unrated,Unrated,$420,33 glendronach
Glenfarclas 10yr Single Malt Scotch,424,Unrated,$48,10 glenfarclas
Glenfarclas 15yr Single Malt Scotch,Unrated,Unrated,$70,15 glenfarclas
Glenfarclas 1974 Single Malt Scotch Whisky,Unrated,Unrated,$280,1974 glenfarclas scotch
Glenfarclas 25y Single Malt Scotch,423,Unrated,$160,25y glenfarclas
Glenfarclas 40yr Single Malt Scotch,436,Unrated,$800,40 glenfarclas
Glenfiddich 12yr Scotch,511,3.4,$40,12 glenfiddich
Glenfiddich 15yr Scotch,596,4.3,$60,15 glenfiddich
Glenfiddich 1973 Single Malt Scotch Whisky,Unrated,Unrated,$800,1973 glenfiddich scotch
Glenfiddich 1975 Single Cask Scotch Whisky,Unrated,Unrated,$700,1975 cask glenfiddich scotch single
Glenfiddich 1978 Single Malt Scotch Whisky,Unrated,Unrated,$700,1978 glenfiddich scotch
Glenfiddich 26yr Excellence Single Malt Scotch,622,Unrated,$500,26 excellence glenfiddich
Glenfiddich 40yr Single Malt Scotch,Unrated,Unrated,$2000,40 glenfiddich
Glenfiddich Cask of Dreams Single Malt Scotch,534,4.0,$99,cask dreams glenfiddich of
Glenfiddich Original Single Malt Scotch,576,3.0,$200,glenfiddich original
Glengarry 12yr Single Malt Scotch,507,Unrated,$55,12 glengarry
Glenglassaugh 21yr Single Malt Scotch,Unrated,Unrated,$234,21 glenglassaugh
Glenglassaugh 40yr Single Malt Scotch,Unrated,Unrated,$2348,40 glenglassaugh
Glenglassaugh Revival Single Malt Scotch,395,Unrated,$65,glenglassaugh revival
Glengoyne 10yr Scotch Single Malt Scotch,422,4.0,$49,10 glengoyne scotch
Glengoyne 15yr Scottish Oak Scotch,511,Unrated,$80,15 glengoyne oak scottish
Glengoyne 17yr Scotch,436,Unrated,$50,17 glengoyne
Glengoyne 1996 Scotch,436,2.0,$80,1996 glengoyne
Glengoyne 25yr Single Malt Scotch,481,Unrated,$400,25 glengoyne
Glenkinchie 10yr Scotch,Unrated,4.0,$44,10 glenkinchie
Glenkinchie 1991 Single Malt Scotch,Unrated,Unrated,$65,1991 glenkinchie
Glenlivent Nadurra Oloroso Single Malt Scotch,395,4.0,$45,glenlivent nadurra oloroso
Glenlivet 15yr French Oak Scotch,474,4.2,$60,15 french glenlivet oak
Glenlivet 18yr Nadurra Single Malt Scotch,Unrated,4.0,$80,18 glenlivet nadurra
Glenlivet 21yr Scotch,557,4.8,$170,21 glenlivet
Glenlivet Guardians Chapter Single Malt Scotch,Unrated,Unrated,$80,chapter glenlivet guardians
Glenlivet Nadurra Oloros Cask Strength Scotch,576,Unrated,$80,cask glenlivet nadurra oloros strength
Glenmorangie 10yr Scotch,614,4.2,$40,10 glenmorangie
Glenmorangie 12yr Lasanta Scotch,523,3.6,$54,12 glenmorangie lasanta
Glenmorangie 12yr Quinta Ruban Scotch,596,4.3,$55,12 glenmorangie quinta ruban
Glenmorangie 12yr Sonnalta PX Scotch,352,4.0,$80,12 glenmorangie px sonnalta
Glenmorangie 18yr Single Malt Scotch,640,4.8,$119,18 glenmorangie
Glenmorangie 25yr Single Malt Scotch,616,4.5,$599,25 glenmorangie
Glenmorangie Astar Single Malt Scotch,363,4.0,$80,astar glenmorangie
Glenmorangie Finealta Single Malt Scotch,445,4.0,$80,finealta glenmorangie
Glenmorangie Nectar DOr Scotch,574,2.8,$75,dor glenmorangie nectar
Glenmorangie Taghta Single Malt Scotch,481,Unrated,$120,glenmorangie taghta
Glenrothes 1972 Single Malt Scotch,Unrated,Unrated,$160,1972 glenrothes
Glenrothes 1975 Single Malt Scotch,Unrated,Unrated,$480,1975 glenrothes
Glenrothes 1982 Single Malt Scotch,Unrated,Unrated,$150,1982 glenrothes
Glenrothes 1987 Single Malt Scotch,Unrated,Unrated,$85,1987 glenrothes
Glenrothes 1990 18yr Single Malt Scotch,Unrated,Unrated,$80,18 1990 glenrothes
Glenrothes 1994 Single Malt Scotch,Unrated,3.5,$80,1994 glenrothes
Glenrothes 1998 Single Malt Scotch,438,3.0,$60,1998 glenrothes
Glenrothes Alba Reserve Single Malt Scotch,419,Unrated,$55,alba glenrothes reserve
Glenrothes Peated Single Malt Scotch,554,Unrated,$40,glenrothes peated
Glenrothes Sherry Cask Single Malt Scotch,554,Unrated,$40,cask glenrothes sherry
Gordon and MacPhail Mortlach 15yr Scotch,Unrated,Unrated,$100,15 and gordon macphail mortlach
Grand Bark Scotch,Unrated,Unrated,$45,bark grand
Grand Macnish 150th Anniversary Blended Scotch,337,Unrated,$17,150th anniversary blended grand macnish
Grand Macnish Black Edition Blended Scotch,559,Unrated,$30,black blended edition grand macnish
Grand Old Parr 15yr Scotch,Unrated,Unrated,$84,15 grand old parr
Grangestone 12yr Single Malt Scotch,423,4.0,$37,12 grangestone
Grangestone 21yr Single Malt Scotch,545,Unrated,$82,21 grangestone
Grangestone 30yr Blended Scotch,557,Unrated,$90,30 blended grangestone
Grangestone Islay Blended Malt Whisky,507,3.4,$29,blended grangestone islay malt
Grangestone Sherry Cask Single Malt Scotch,403,Unrated,$35,cask grangestone sherry
Grants Blended Scotch Whisky,Unrated,1.0,$10,blended grants scotch
Guneagal 48 Special Reserve Aged Scotch,557,Unrated,$45,48 aged guneagal reserve special
Haig Supreme Blended Scotch,457,Unrated,$25,blended haig supreme
Hamiltons Islay Single Malt Scotch,403,1.0,$22,hamiltons islay
Hamiltons Speyside Scotch,454,Unrated,$22,hamiltons speyside
Hankey Bannister 21yr Blended Scotch,454,Unrated,$135,21 bannister blended hankey
Hankey Bannister Blended Scotch,513,3.0,$20,bannister blended hankey
Hart Brothers Balmenach 30yr Single Malt Scotch,Unrated,Unrated,$160,30 balmenach brothers hart
Hart Brothers Clynelish 14yr Single Malt Scotch,Unrated,Unrated,$90,14 brothers clynelish hart
Hart Brothers Glenrothes 10y Single Malt Scotch,Unrated,Unrated,$66,10y brothers glenrothes hart
Hart Brothers Longmorn 33yr Single Malt Scotch,Unrated,Unrated,$185,33 brothers hart longmorn
Hazelburn 12yr Single Malt Scotch,Unrated,Unrated,$85,12 hazelburn
High Commissioner Blended Scotch,338,Unrated,$15,blended commissioner high
Highland Mist Blended Scotch,Unrated,2.5,$12,blended highland mist
Highland Park 15yr Single Malt Scotch,564,4.8,$73,15 highland park
Highland Park 25yr Single Malt Scotch,622,Unrated,$400,25 highland park
Highland Park 40yr Single Malt Scotch,Unrated,Unrated,$1800,40 highland park
Highland Park Loki Single Malt Scotch,370,Unrated,$250,highland loki park
HM The King Blended Scotch,403,Unrated,$25,blended hm king the
Imperial Tribute Scotch,Unrated,Unrated,$350,imperial tribute
Inchmurrin 18yr Single Malt Scotch,603,Unrated,$110,18 inchmurrin
Inver House Green Plaid Scotch,545,4.0,$25,green house inver plaid
Islay Mist 8yr Scotch,Unrated,Unrated,$25,8 islay mist
Isle of Jura 16yr Diurachs Scotch,557,3.2,$73,16 diurachs isle jura of
Isle of Jura 1977 Single Malt Scotch,662,5.0,$750,1977 isle jura of
Isle of Jura 30yr Single Malt Scotch,603,Unrated,$550,30 isle jura of
Isle of Jura Prophecy Scotch,584,4.5,$80,isle jura of prophecy
Isle of Skye 12yr Scotch,507,Unrated,$37,12 isle of skye
Isle of Skye 50yr Scotch,Unrated,Unrated,$1800,50 isle of skye
J and B Scotch,481,2.4,$24,and b j
John Barr Gold Label Blended Scotch,364,Unrated,$16,barr blended gold john
John Barr Reserve Blend Scotch,515,Unrated,$25,barr blend john reserve
John Walk and Sons King George V Scotch,481,4.7,$600,and george john king sons v walk
John Walker and Sons Private Collection 2015,576,Unrated,$815,2015 and collection john private sons walker
Johnnie Walker 150th Anniversary Scotch,Unrated,Unrated,$1950,150th anniversary johnnie walker
Johnnie Walker Black Label Scotch,528,3.8,$35,black johnnie walker
Johnnie Walker Double Black Blended Scotch,622,3.8,$42,black blended double johnnie walker
Johnnie Walker Gold Label Scotch,479,4.1,$85,gold johnnie walker
Johnnie Walker Green Label Scotch,536,4.2,$60,green johnnie walker
Johnnie Walker Private Collection Blended Scotch,Unrated,Unrated,$850,blended collection johnnie private walker
Johnnie Walker Royal Route Blended Scotch,395,Unrated,$186,blended johnnie route royal walker
Johnnie Walker Swing Scotch,Unrated,4.0,$65,johnnie swing walker
Jon Mark and Robbos Smokey Peaty One,Unrated,3.0,$30,and jon mark one peaty robbos smokey
Kilchoman Islay Single Malt Scotch,Unrated,Unrated,$100,islay kilchoman
Kilchoman Sanaig Single Malt Scotch,Unrated,Unrated,$75,kilchoman sanaig
Kingdom 12yr Blended Scotch,454,Unrated,$47,12 blended kingdom
Kingdom 21yr Blended Scotch,557,Unrated,$165,21 blended kingdom
Kings Crest 25yr Scotch,Unrated,Unrated,$200,25 crest kings
Kirkland 16yr Single Malt Scotch,424,Unrated,$49,16 kirkland
Kirkland 27yr Blended Scotch,557,Unrated,$80,27 blended kirkland
Kirkland Signature Blended Scotch,463,3.0,$18,blended kirkland signature
Label 5 18yr Blended Scotch,399,Unrated,$70,18 5 blended
Label 5 Gold Heritage Blended Scotch,485,Unrated,$50,5 blended gold heritage
Lagavulin 12yr  Cask Strength Single Malt Scotch,582,Unrated,$89,12 cask lagavulin strength
Lagavulin 8yr Single Malt Scotch,Unrated,4.2,$60,8 lagavulin
Laphroaig 10yr Cask Strength Scotch,652,4.3,$50,10 cask laphroaig strength
Laphroaig 15yr Single Malt Scotch,Unrated,4.4,$75,15 laphroaig
Laphroaig 2014 Cairdeas Single Malt Scotch,Unrated,Unrated,$140,2014 cairdeas laphroaig
Laphroaig 30yr Single Malt Scotch,Unrated,Unrated,$250,30 laphroaig
Laphroaig Cairdeas 200th Anniversary Scotch,Unrated,4.0,$80,200th anniversary cairdeas laphroaig
Laphroaig PX Cask Single Malt Scotch Whisky,Unrated,Unrated,$90,cask laphroaig px scotch
Laphroaig Quarter Cask Scotch,529,4.3,$55,cask laphroaig quarter
Laphroaig Triple Wood,498,4.8,$60,laphroaig triple wood
Ledaig 10yr Scotch,584,5.0,$39,10 ledaig
Ledaig 18yr Single Malt Scotch,603,Unrated,$124,18 ledaig
Lismore 18yr Single Malt Scotch,509,4.5,$55,18 lismore
Littlemill 12yr Single Malt Scotch,Unrated,Unrated,$61,12 littlemill
Loch Lomond 18yr Single Malt Scotch,Unrated,Unrated,$0,18 loch lomond
Loch Lomond Signature Blended Scotch,338,Unrated,$25,blended loch lomond signature
Lombard 22yr Jewels of Scotland Brora Scotch,Unrated,Unrated,$180,22 brora jewels lombard of scotland
Lonach 1973 Edition Blended Scotch,336,Unrated,$135,1973 blended edition lonach
Longrow 14yr Campbeltown Single Malt Scotch,Unrated,Unrated,$69,14 campbeltown longrow
Longrow CV Campbeltwon Single Malt Scotch,Unrated,2.0,$72,campbeltwon cv longrow
Lord Elcho 15yr Blended Scotch,378,Unrated,$30,15 blended elcho lord
Lost Distillery Company Lossit Blended Malt,419,Unrated,$43,blended company distillery lossit lost malt
Macallan 10yr Cask Strength Sherry Oak Scotch,Unrated,Unrated,$50,10 cask macallan oak sherry strength
Macallan 10yr Single Malt Scotch,Unrated,3.5,$30,10 macallan
Macallan 12yr Sherry Oak Scotch,Unrated,4.1,$56,12 macallan oak sherry
Macallan 17yr Fine Oak Scotch,Unrated,4.0,$116,17 fine macallan oak
Macallan 18yr Single Malt Scotch,436,4.4,$180,18 macallan
Macallan 25yr Sherry Oak Single Malt Scotch,Unrated,5.0,$730,25 macallan oak sherry
Macallan 30yr Sherry Oak Scotch,Unrated,Unrated,$1350,30 macallan oak sherry
Macallan Estate Reserve Scotch,Unrated,5.0,$220,estate macallan reserve
Macallan Select Oak Scotch,Unrated,Unrated,$60,macallan oak select
Maccay and Scott 12yr Blended Scotch,313,Unrated,$23,12 and blended maccay scott
MacDonalds 8yr Glencoe Blended Malt Scotch,445,Unrated,$47,8 blended glencoe macdonalds malt
Macgavins Islay Single Malt Scotch,Unrated,Unrated,$24,islay macgavins
Macgavins Speyside Single Malt Scotch,Unrated,Unrated,$24,macgavins speyside
Mackinlays Rare Old Highland Malt Whisky,541,4.0,$127,highland mackinlays malt old rare
Maltman Ben Nevis 21yr Single Malt Scotch,454,Unrated,$132,21 ben maltman nevis
Maltman Glenlossie 19yr Scotch,403,Unrated,$133,19 glenlossie maltman
Maltman Ledaig 8yr Scotch,545,Unrated,$100,8 ledaig maltman
Maltman Mortlach 15yr Scotch,557,Unrated,$98,15 maltman mortlach
Marshal Blended Scotch Whisky,352,Unrated,$13,blended marshal scotch
McClellands Islay Scotch,Unrated,4.0,$21,islay mcclellands
McClellands Speyside Scotch,Unrated,4.0,$27,mcclellands speyside
McIvor 12yr Scotch,Unrated,Unrated,$30,12 mcivor
McIvor Scotch,382,4.0,$13,mcivor
Monarch of the Glen 12yr Blended Scotch,557,3.0,$20,12 blended glen monarch of the
Monarch of the Glen 3yr Blended Scotch,361,Unrated,$15,3 blended glen monarch of the
Montgomeries Ben Nevis 1995 Scotch,407,Unrated,$57,1995 ben montgomeries nevis
Montgomeries Tobermory 1994 Single Malt Scotch,593,Unrated,$72,1994 montgomeries tobermory
Mortlach 25yr Single Malt Scotch,576,Unrated,$1000,25 mortlach
Naked Grouse Blended Scotch,395,Unrated,$46,blended grouse naked
Oban 14yr Single Malt Scotch,566,3.8,$75,14 oban
Oban 1992 Single Malt Scotch,Unrated,Unrated,$100,1992 oban
Oban 21yr Cask Strength Single Malt Scotch,Unrated,Unrated,$450,21 cask oban strength
Oban Little Bay Single Malt Scotch,651,Unrated,$65,bay little oban
Ogilvies Scotch,Unrated,Unrated,$30,ogilvies
Old Keeper Blended Scotch,Unrated,Unrated,$20,blended keeper old
Old Pulteney 17yr Scotch,492,4.8,$99,17 old pulteney
Old Pulteney 30yr Single Malt Scotch,436,Unrated,$400,30 old pulteney
Old Smuggler Blended Scotch,Unrated,2.3,$15,blended old smuggler
Origine 12yr Single Malt Scotch,Unrated,3.5,$34,12 origine
Pebble Beach 12yr Scotch,Unrated,Unrated,$70,12 beach pebble
Pinch Blended Scotch,Unrated,4.3,$40,blended pinch
Poit Dubh 12yr Scotch,395,Unrated,$100,12 dubh poit
Port Dundas 18yr Single Grain Scotch,603,Unrated,$99,18 dundas grain port single
Port Ellen 29yr Single Malt Scotch,Unrated,Unrated,$500,29 ellen port
Prometheus 26yr Single Malt Scotch,507,Unrated,$950,26 prometheus
Provenance Inchgower 12yr Scotch,446,Unrated,$90,12 inchgower provenance
Real MacKenzie Scotch,Unrated,Unrated,$185,mackenzie real
Ron Burgundy Blended Scotch,Unrated,Unrated,$33,blended burgundy ron
Royal Brackla 21yr Cawdor Estate Scotch,603,Unrated,$250,21 brackla cawdor estate royal
Scallywag Blended Malt Scotch,566,Unrated,$60,blended malt scallywag
Scapa 16yr Single Malt Scotch,378,Unrated,$75,16 scapa
Scapa Skiren Orcadian Single Malt Scotch,609,Unrated,$80,orcadian scapa skiren
Scottish Leader Original Blended Scotch,Unrated,Unrated,$20,blended leader original scottish
Seagrams 100 Pipers Scotch Whisky,Unrated,1.5,$30,100 pipers scotch seagrams
Shetland Reel Blended Malt Scotch,507,Unrated,$57,blended malt reel shetland
Shieldaig 18yr Single Malt Scotch,490,Unrated,$50,18 shieldaig
Shieldaig Finest Old Highland Scotch,370,Unrated,$20,finest highland old shieldaig
Shieldaig Finest Old Speyside Scotch,341,Unrated,$18,finest old shieldaig speyside
Sia Blended Scotch,566,Unrated,$50,blended sia
Singleton of Dufftown 12yr Single Malt Scotch,Unrated,2.0,$40,12 dufftown of singleton
Singleton of Dufftown 21yr Single Malt Scotch,419,Unrated,$192,21 dufftown of singleton
Singleton of Dufftown Sunray Single Malt Whisky,Unrated,Unrated,$50,dufftown of singleton sunray
Sir Edwards 12yr Blended Scotch,454,Unrated,$25,12 blended edwards sir
Six Isles Blended Malt Scotch,481,Unrated,$53,blended isles malt six
Smokey Joe Islay Malt Scotch,395,Unrated,$55,islay joe malt smokey
Snow Grouse Blended Scotch,Unrated,5.0,$25,blended grouse snow
Spey River 12yr Single Malt Scotch,545,Unrated,$40,12 river spey
Speyburn 25yr Single Malt Scotch,603,Unrated,$249,25 speyburn
Speyburn Bradan Orach Single Malt Scotch,593,3.8,$35,bradan orach speyburn
Spinnaker 12yr Single Malt Scotch,545,Unrated,$40,12 spinnaker
Springbank 12yr Cask Strength Single Malt Scotch,Unrated,Unrated,$90,12 cask springbank strength
Springbank 18yr Single Malt Scotch,Unrated,5.0,$150,18 springbank
Springbank 9yr Marsala Single Malt Scotch,Unrated,Unrated,$110,9 marsala springbank
Stewarts Cream of the Barley Blended Scotch,Unrated,Unrated,$25,barley blended cream of stewarts the
Strathbeag Special Reserve Blended Scotch,419,Unrated,$20,blended reserve special strathbeag
Strathisla 25yr Single Malt Scotch,Unrated,Unrated,$170,25 strathisla
Strathisla 40yr Single Malt Scotch,Unrated,Unrated,$210,40 strathisla
Stronachie 18yr Single Malt Scotch,576,Unrated,$80,18 stronachie
Sutcliffe and Son Exceptional Malt Scotch,624,Unrated,$110,and exceptional malt son sutcliffe
Talisker 10yr Scotch,586,4.2,$65,10 talisker
Talisker 18yr Single Malt Scotch,Unrated,5.0,$90,18 talisker
Talisker 30yr Single Malt Scotch,Unrated,Unrated,$500,30 talisker
Talisker Storm Single Malt Scotch,631,4.6,$55,storm talisker
Tamdhu 10yr Scotch,569,4.0,$65,10 tamdhu
Tamnavulin 1967 37yr Single Malt Scotch,Unrated,Unrated,$242,1967 37 tamnavulin
Teachers Highland Cream Blended Scotch,Unrated,3.5,$18,blended cream highland teachers
The Glenlivet 1983 Cellar Collection,Unrated,Unrated,$250,1983 cellar collection glenlivet
Tobermory 15yr Single Malt Scotch,586,Unrated,$130,15 tobermory
Tomatin 12yr Scotch,627,3.9,$40,12 tomatin
Tomatin 15yr Highland Scotch,445,Unrated,$50,15 highland tomatin
Tomatin 1988 Single Malt Scotch,629,4.0,$250,1988 tomatin
Tomatin 30yr Scotch,445,Unrated,$250,30 tomatin
Tomatin 40yr Scotch,Unrated,Unrated,$800,40 tomatin
Tomatin Cu Bocan Single Malt Scotch,487,Unrated,$50,bocan cu tomatin
Tomatin Dualchas Single Malt Scotch,424,Unrated,$25,dualchas tomatin
Tomintoul 10yr Single Malt Scotch,Unrated,Unrated,$35,10 tomintoul
Tomintoul 14yr Portwood Scotch,Unrated,Unrated,$60,14 portwood tomintoul
Tomintoul 1976 Vintage Scotch,Unrated,Unrated,$378,1976 tomintoul vintage
Tomintoul 27yr Single Malt Scotch,Unrated,Unrated,$160,27 tomintoul
Tomintoul Peaty Tang Scotch,Unrated,Unrated,$47,peaty tang tomintoul
Tormore 12yr Scotch,Unrated,Unrated,$40,12 tormore
Torran Scotch,370,Unrated,$21,torran
Tullibardine 1993 Single Malt Scotch,352,Unrated,$54,1993 tullibardine
Tweeddale 12yr Batch 3 Blended Scotch,557,Unrated,$75,12 3 batch blended tweeddale
Usquaebach Old Rare Blended Scotch,650,Unrated,$115,blended old rare usquaebach
Wemyss Malts 12yr Hive Blended Scotch,604,Unrated,$74,12 blended hive malts wemyss
Wemyss Malts Smooth Gentleman Blended Scotch,385,Unrated,$40,blended gentleman malts smooth wemyss
Whiskey Peddler Macallan,Unrated,Unrated,$100,macallan peddler
Whyte and Mackay 13yr Scotch,449,4.0,$30,13 and mackay whyte
Whyte and Mackay 22yr Scotch,452,Unrated,$81,22 and mackay whyte
Whyte and Mackay 40yr Old Scotch,Unrated,Unrated,$1110,40 and mackay old whyte
Wild Scotsman 15yr Scotch,Unrated,Unrated,$80,15 scotsman wild
Wild Scotsmans 13yr Mortlach Scotch,Unrated,Unrated,$60,13 mortlach scotsmans wild
William Lawsons Blended Scotch,464,Unrated,$30,blended lawsons william
Windsor Black 17yr Blended Scotch,378,Unrated,$41,17 black blended windsor
