name,price,# of oz,type,reddit score,critic's score,awards score,va price/oz,market price/oz,price benchmark?
Senator's Club Whiskey,4.59,12.680057,BLENDED WHISKEY,NULL,NULL,NULL,0.361985778733654,NULL,No
Evan Williams Honey Whiskey,14.49,25.360113,FLAVORED WHISKEY,NULL,NULL,NULL,0.5713696815501621,NULL,No
Glenmorangie Original Angled Frame The Open,44.99,25.360113,SCOTCH WHISKY,NULL,NULL,NULL,1.7740457790209585,NULL,No
Jim Beam Maple Bourbon,17.49,25.360113,FLAVORED WHISKEY,NULL,NULL,NULL,0.6896656837396923,NULL,No
Suntory Toki Whiskey,39.99,25.360113,OTHER (IMPORTED) WHISKEY,79.0,8.210000038146973,NULL,1.5768857753717413,1.8087526379168235,Yes
Michter's Us 1 Single Barrel Straight Rye,41.99,25.360113,STRAIGHT RYE WHISKEY,77.66666666666667,NULL,NULL,1.6557497768314282,1.5772800291937359,Yes
Duggan's Dew O'kirkintilloch Scotch,27.99,59.1736,SCOTCH WHISKY,NULL,NULL,NULL,0.4730149953545654,NULL,No
Sam Clay,19.49,59.1736,STRAIGHT BOURBON WHISKEY,NULL,NULL,NULL,0.3293698544688359,NULL,No
Black Velvet,5.59,12.680057,CANADIAN WHISKY,45.0,NULL,NULL,0.4408497801933408,NULL,No
Baker's Bourbon,49.99,25.360113,STRAIGHT BOURBON WHISKEY,NULL,NULL,NULL,1.9712057826701754,NULL,No
Angel's Envy Rye Whiskey,79.99,25.360113,STRAIGHT RYE WHISKEY,89.18181818181819,NULL,NULL,3.154165654144332,2.913039053917181,Yes
Senator's Club Whiskey,15.79,59.1736,BLENDED WHISKEY,NULL,NULL,NULL,0.2668419728360049,NULL,No
Blackback Honey Rye Whiskey,38.89,25.360113,FLAVORED WHISKEY,NULL,NULL,NULL,1.5335104843162264,NULL,No
Crown Royal Black Whiskey,32.99,25.360113,CANADIAN WHISKY,76.4,8.199999809265137,579.0,1.3008617702628376,1.2815400237199104,Yes
Johnnie Walker Black Scotch,41.99,25.360113,SCOTCH WHISKY,77.36904761904762,8.270000457763672,528.0,1.6557497768314282,1.3602843680511756,Yes
Wild Turkey 101,9.49,6.7626967,STRAIGHT BOURBON WHISKEY,84.83582089552239,8.460000038146973,-1.0,1.403286311917663,NULL,No
Haller's Reserve Whiskey,14.99,59.1736,BLENDED WHISKEY,NULL,NULL,NULL,0.2533224269410967,NULL,No
Forty Creek Barrel Select Whiskey,19.99,25.360113,CANADIAN WHISKY,77.72727272727273,8.460000038146973,NULL,0.7882456855643007,0.8875931575612825,Yes
Ardbeg Quadrant Scotch,52.99,25.360113,SCOTCH WHISKY,NULL,NULL,NULL,2.0895017848597055,NULL,No
Glenlivet 12 Year Single Malt Scotch,59.99,33.813484,SCOTCH WHISKY,76.70192307692308,8.0600004196167,NULL,1.774144342476457,NULL,No
Old Forester,21.99,33.813484,STRAIGHT BOURBON WHISKEY,78.25,8.109999656677246,NULL,0.6503322652679907,NULL,No
Revel Stoke Roasted Pineapple,16.99,25.360113,FLAVORED WHISKEY,NULL,NULL,338.0,0.6699496833747706,NULL,No
Wild Turkey American Honey,49.99,59.1736,FLAVORED WHISKEY,NULL,NULL,NULL,0.844802451056614,NULL,No
Glenmorangie Quinta Ruban Scotch,61.99,25.360113,SCOTCH WHISKY,84.78899082568807,8.569999694824219,NULL,2.4443897914282964,2.066703880858029,Yes
Macallan 30yr Sherry Oak,NULL,25.360113,SCOTCH WHISKY,NULL,NULL,-1.0,NULL,NULL,No
Jefferson's Very Small Batch,34.99,25.360113,STRAIGHT BOURBON WHISKEY,72.0,7.920000076293945,NULL,1.3797257717225244,0.9069360167863981,Yes
Mattingly & Moore Bourbon,18.99,59.1736,STRAIGHT BOURBON WHISKEY,NULL,NULL,NULL,0.3209201402990871,NULL,No
Rogue Dead Guy Whiskey,45.1,25.360113,WHISKEY,58.5,NULL,NULL,1.778383172747479,NULL,No
Jeremiah Weed Sarsaparilla,17.99,25.360113,FLAVORED WHISKEY,NULL,NULL,NULL,0.709381684104614,NULL,No
Glenkinchie Distiller's Edition,67.99,25.360113,SCOTCH WHISKY,NULL,8.40999984741211,NULL,2.680981645386211,NULL,No
Haig Club Scotch,69.99,25.360113,SCOTCH WHISKY,60.0,NULL,NULL,2.759845646845898,2.9574000547382546,Yes
Johnnie Walker Blue Scotch,324.99,59.1736,SCOTCH WHISKY,79.5,8.529999732971191,NULL,5.492145051019842,NULL,No
Jim Beam Black Bourbon,32.99,33.813484,STRAIGHT BOURBON WHISKEY,76.5,8.210000038146973,NULL,0.9756463276971282,NULL,No
Lot 40,44.99,25.360113,STRAIGHT RYE WHISKEY,83.76470588235294,8.90999984741211,NULL,1.7740457790209585,1.47890123236451,Yes
Michter's US1 Sour Mash,41.99,25.360113,WHISKEY,83.0,8.359999656677246,NULL,1.6557497768314282,1.380120025544519,Yes
The Dalmore 15 Yr,139.99,25.360113,SCOTCH WHISKY,81.41666666666667,8.329999923706055,NULL,5.520085998777226,3.0767158197264823,Yes
The Macallan Fine Oak 15 Yr,119.99,25.360113,SCOTCH WHISKY,85.44,8.390000343322754,NULL,4.731445683338068,3.356101395451116,Yes
Hirsch Small Batch Reserve Bourbon,39.99,25.360113,STRAIGHT BOURBON WHISKEY,74.0,NULL,NULL,1.5768857753717413,0.998944018489366,Yes
Old Medley 12 Yr,64.99,25.360113,STRAIGHT BOURBON WHISKEY,82.5,NULL,-1.0,2.562685643196681,1.754724032478031,Yes
The Macallan Fine Oak 10yr,56.99,25.360113,SCOTCH WHISKY,81.70588235294117,8.239999771118164,NULL,2.2472297877790792,1.736105717886295,Yes
Hudson Manhattan Rye Whiskey,59.99,25.360113,STRAIGHT RYE WHISKEY,83.0,NULL,NULL,2.3655257899686095,NULL,No
Old Camp Peach Pecan Whiskey,19.99,25.360113,FLAVORED WHISKEY,NULL,NULL,NULL,0.7882456855643007,NULL,No
Caol Ila Distillers Edition Scotch,77.99,25.360113,SCOTCH WHISKY,NULL,NULL,NULL,3.075301652684645,NULL,No
Bulleit Rye,60.99,59.1736,STRAIGHT RYE WHISKEY,84.43589743589743,8.289999961853027,NULL,1.0306961627910876,NULL,No
Seagram's VO Whisky (plastic),33.99,59.1736,CANADIAN WHISKY,NULL,NULL,NULL,0.5744115976246525,NULL,No
Johnnie Walker Select Casks,44.89,25.360113,SCOTCH WHISKY,NULL,NULL,NULL,1.7701024886952867,NULL,No
Monkey Shoulder Scotch,34.99,25.360113,SCOTCH WHISKY,77.27027027027027,8.3100004196167,NULL,1.3797257717225244,1.4005158879909896,Yes
Springfield Scratch Corn Whiskey,28.99,25.360113,CORN WHISKEY,NULL,NULL,NULL,1.1431336921328914,NULL,No
Windsor,17.99,59.1736,CANADIAN WHISKY,NULL,NULL,NULL,0.30402071195958946,NULL,No
Bird Dog Cinnamon Whiskey,1.19,1.6906742,FLAVORED WHISKEY,NULL,NULL,-1.0,0.7038612567983014,NULL,No
Rich & Rare Whisky,17.99,59.1736,CANADIAN WHISKY,NULL,7.699999809265137,NULL,0.30402071195958946,NULL,No
Virginia Highland Malt Whisky,57.49,25.360113,OTHER (IMPORTED) WHISKEY,84.66666666666667,NULL,NULL,2.266945788144001,2.0701800383167783,Yes
Bulleit Bourbon,17.99,12.680057,STRAIGHT BOURBON WHISKEY,81.2,8.380000114440918,NULL,1.418763368209228,NULL,No
Fighting Cock Bourbon,1.69,1.6906742,STRAIGHT BOURBON WHISKEY,82.0,NULL,NULL,0.9996012664426472,NULL,No
Wild Turkey Diamond,129.99,25.360113,STRAIGHT BOURBON WHISKEY,NULL,NULL,NULL,5.125765991478793,NULL,No
Red Stag,17.49,25.360113,FLAVORED WHISKEY,52.0,NULL,NULL,0.6896656837396923,0.7886400145968679,Yes
Wild Turkey American Honey,29.99,33.813484,FLAVORED WHISKEY,NULL,NULL,NULL,0.8869242696470511,NULL,No
Chivas Regal Scotch,81.99,59.1736,SCOTCH WHISKY,NULL,NULL,NULL,1.3855840934543338,NULL,No
Belle Meade Bourbon,41.99,25.360113,STRAIGHT BOURBON WHISKEY,75.0,NULL,NULL,1.6557497768314282,NULL,No
Murlarkey Clemoncy Whiskey,29.99,25.360113,WHISKEY,NULL,NULL,NULL,1.1825656928627348,NULL,No
Crown Royal Special Reserve,4.99,1.6906742,CANADIAN WHISKY,69.0,NULL,NULL,2.951485160871539,NULL,No
Old Grand Dad 114,24.99,25.360113,STRAIGHT BOURBON WHISKEY,85.21153846153847,8.630000114440918,NULL,0.9854056892135178,0.9394674173885189,Yes
Balcones Baby Blue Corn Whiskey,42.99,25.360113,CORN WHISKEY,81.42857142857143,8.3100004196167,NULL,1.6951817775612716,2.168760040141387,Yes
Ardbeg 10 Year Islay Single Malt Scotch,53.99,25.360113,SCOTCH WHISKY,NULL,NULL,NULL,2.128933785589549,NULL,No
George Dickel No. 8 Tennessee Whiskey,11.49,12.680057,TENNESSEE WHISKEY,70.75,NULL,NULL,0.9061473587212638,NULL,No
Whistlepig Straight Rye Whiskey 15 Year,199.99,25.360113,STRAIGHT RYE WHISKEY,NULL,NULL,NULL,7.88600604256783,NULL,No
2 Gingers Irish Whiskey,17.99,25.360113,IRISH WHISKEY,NULL,8.050000190734863,NULL,0.709381684104614,NULL,No
Whistle Pig Straight Rye Whiskey,79.99,25.360113,STRAIGHT RYE WHISKEY,NULL,NULL,NULL,3.154165654144332,NULL,No
Crown Royal Vanilla,28.99,25.360113,FLAVORED WHISKEY,NULL,NULL,NULL,1.1431336921328914,NULL,No
Crown Royal Whiskey,17.99,12.680057,CANADIAN WHISKY,66.42857142857143,7.570000171661377,NULL,1.418763368209228,NULL,No
Benchmark No. 8 Bourbon,10.99,25.360113,STRAIGHT BOURBON WHISKEY,NULL,NULL,NULL,0.4333576789957102,NULL,No
Maker's Mark 46 Bourbon,39.99,25.360113,STRAIGHT BOURBON WHISKEY,84.25,8.760000228881836,NULL,1.5768857753717413,1.442617410041552,Yes
Yellow Stone 7yr Limited Edition 2015 Ksbw,104.99,25.360113,STRAIGHT BOURBON WHISKEY,NULL,NULL,NULL,4.139965672390417,NULL,No
Gentleman Jack Whiskey,64.99,59.1736,TENNESSEE WHISKEY,63.27272727272727,7.909999847412109,559.0,1.0982938116828747,NULL,No
Jim Beam Honey Bourbon,9.99,12.680057,FLAVORED WHISKEY,10.0,NULL,NULL,0.7878513565317337,NULL,No
Cragganmore Distiller's Edition,77.99,25.360113,SCOTCH WHISKY,NULL,NULL,NULL,3.075301652684645,NULL,No
Kentucky Tavern Bourbon,17.79,59.1736,STRAIGHT BOURBON WHISKEY,NULL,NULL,388.0,0.3006408456315509,NULL,No
Early Times Whiskey,11.99,25.360113,WHISKEY,46.333333333333336,NULL,NULL,0.47278967972555364,NULL,No
J. R. Ewing Private Reserve Bourbon,34.99,25.360113,STRAIGHT BOURBON WHISKEY,NULL,NULL,NULL,1.3797257717225244,NULL,No
Seagram's VO,16.99,25.360113,CANADIAN WHISKY,NULL,7.789999961853027,NULL,0.6699496833747706,NULL,No
Lagavulin Distillers Edition,124.99,25.360113,SCOTCH WHISKY,NULL,NULL,NULL,4.928605686987285,NULL,No
Wood Experiment Box Set 1,99.99,33.813484,STRAIGHT BOURBON WHISKEY,NULL,NULL,NULL,2.9571042515559,NULL,No
Black Velvet Toasted Caramel Whiskey,12.99,25.360113,FLAVORED WHISKEY,NULL,NULL,NULL,0.512221680455397,NULL,No
Lagavulin 12 Year Scotch,128.99,25.360113,SCOTCH WHISKY,90.57627118644068,NULL,NULL,5.086333990748949,3.9530531374729683,Yes
High West American Prairie Bourbon,40.99,25.360113,STRAIGHT BOURBON WHISKEY,NULL,8.229999542236328,NULL,1.6163177761015848,NULL,No
Seagram's 7 Crown Whiskey,15.99,25.360113,BLENDED WHISKEY,58.0,NULL,NULL,0.6305176826449272,0.6309120116774943,Yes
Clynelish Select Reserve Scotch,919.99,25.360113,SCOTCH WHISKY,NULL,NULL,NULL,36.277045966370494,NULL,No
Johnnie Walker Red Scotch,2.49,1.6906742,SCOTCH WHISKY,47.666666666666664,7.389999866485596,NULL,1.4727852536696355,NULL,No
Abraham Bowman Gingerbread Cocoa Finish Bourbon,39.99,12.680057,STRAIGHT BOURBON WHISKEY,NULL,NULL,NULL,3.1537715507434827,NULL,No
Evan Williams White Bourbon,13.99,25.360113,STRAIGHT BOURBON WHISKEY,NULL,NULL,NULL,0.5516536811852404,NULL,No
Red Stag,20.99,33.813484,FLAVORED WHISKEY,52.0,NULL,NULL,0.6207582647206081,NULL,No
Jameson Irish Whiskey,37.99,33.813484,IRISH WHISKEY,70.4090909090909,7.820000171661377,474.0,1.123516330434041,NULL,No
Johnnie Walker Blue Label 2016: Year Of The Monkey,259.99,25.360113,SCOTCH WHISKY,NULL,NULL,NULL,10.251925484673853,NULL,No
Old Crow Traveler,9.99,25.360113,STRAIGHT BOURBON WHISKEY,NULL,NULL,NULL,0.39392567826586683,NULL,No
Revelations Single Malt Corn,69.69,25.360113,CORN WHISKEY,NULL,NULL,NULL,2.7480162271323194,NULL,No
Dewar's Highlander Honey,27.99,25.360113,FLAVORED WHISKEY,55.0,NULL,NULL,1.103701691403048,0.7492080138670245,Yes
Evan Williams Honey Whiskey,7.99,12.680057,FLAVORED WHISKEY,NULL,NULL,NULL,0.63012335361236,NULL,No
Canadian Club Classic Small Batch Whisky,23.99,25.360113,CANADIAN WHISKY,NULL,NULL,NULL,0.9459736884836744,NULL,No
Old Forester,18.99,25.360113,STRAIGHT BOURBON WHISKEY,78.25,8.109999656677246,NULL,0.7488136848344574,0.7492080138670245,Yes
Woodford Reserve Bourbon,19.99,12.680057,STRAIGHT BOURBON WHISKEY,NULL,8.399999618530273,NULL,1.5764913711286015,NULL,No
Jack Daniel's No. 7 Black Tennessee Whiskey,12.99,12.680057,TENNESSEE WHISKEY,NULL,NULL,NULL,1.024443360910794,NULL,No
Jack Daniel's Tennessee Fire,12.99,12.680057,FLAVORED WHISKEY,NULL,NULL,NULL,1.024443360910794,NULL,No
Rich & Rare Reserve Canadian,24.99,59.1736,CANADIAN WHISKY,NULL,NULL,NULL,0.42231671033607265,NULL,No
Laphroaig Quarter Cask,59.99,25.360113,SCOTCH WHISKY,89.5220588235294,9.020000457763672,529.0,2.3655257899686095,2.1900936851132755,Yes
The Glenlivet Founders Reserve,44.99,25.360113,SCOTCH WHISKY,NULL,7.929999828338623,NULL,1.7740457790209585,NULL,No
Wild Turkey 101,2.49,1.6906742,STRAIGHT BOURBON WHISKEY,84.83582089552239,8.460000038146973,-1.0,1.4727852536696355,NULL,No
Kopper Kettle Virginia Whiskey Bonded,45.99,25.360113,WHISKEY,NULL,NULL,NULL,1.8134777797508017,NULL,No
Auchentosahn American Oak Scotch,39.99,25.360113,SCOTCH WHISKY,NULL,7.599999904632568,NULL,1.5768857753717413,NULL,No
The Macallan 12yr,36.99,12.680057,SCOTCH WHISKY,83.83333333333333,NULL,NULL,2.9171795463644226,NULL,No
Evan Williams Single Barrel Bourbon,31.99,25.360113,STRAIGHT BOURBON WHISKEY,84.5,8.710000038146973,NULL,1.2614296943224215,1.1238120208005369,Yes
Jim Beam Rye Whiskey,43.99,59.1736,STRAIGHT RYE WHISKEY,76.66666666666667,7.929999828338623,519.0,0.7434058810196285,NULL,No
Cold Spell Mint Whiskey,14.99,25.360113,FLAVORED WHISKEY,NULL,NULL,NULL,0.5910856819150838,NULL,No
Rhetoric Whiskey,109.99,25.360113,STRAIGHT BOURBON WHISKEY,NULL,NULL,NULL,4.3371256760396335,NULL,No
Macallan Rare Cask,299.99,25.360113,SCOTCH WHISKY,73.54545454545455,NULL,NULL,11.829205513867588,12.5393762320902,Yes
Tomatin 12 Year Scotch,36.99,25.360113,SCOTCH WHISKY,75.60606060606061,7.869999885559082,627.0,1.4585897731822113,1.3922026341299711,Yes
Bib & Tucker Bourbon,88.59,25.360113,STRAIGHT BOURBON WHISKEY,NULL,NULL,NULL,3.493280800252527,NULL,No
Jim Beam Devil's Cut Bourbon,12.99,12.680057,STRAIGHT BOURBON WHISKEY,75.3,8.0600004196167,NULL,1.024443360910794,NULL,No
Hudson Maple Cask Rye Whiskey,49.99,12.680057,STRAIGHT RYE WHISKEY,NULL,NULL,NULL,3.942411565340351,NULL,No
Templeton Rye Whiskey,39.99,25.360113,STRAIGHT RYE WHISKEY,78.2,8.0,523.0,1.5768857753717413,1.5279900282814316,Yes
Russell's Reserve Single Barrel,59.99,25.360113,STRAIGHT BOURBON WHISKEY,85.88,8.819999694824219,NULL,2.3655257899686095,2.032719637623427,Yes
Wild Turkey 81,29.99,33.813484,STRAIGHT BOURBON WHISKEY,76.15384615384616,8.170000076293945,NULL,0.8869242696470511,NULL,No
Fleischmann's Preferred Whiskey,12.99,59.1736,BLENDED WHISKEY,NULL,NULL,NULL,0.21952357026210154,NULL,No
Oban,81.99,25.360113,SCOTCH WHISKY,NULL,NULL,NULL,3.233029655604019,NULL,No
Speyburn Single Malt,29.99,25.360113,SCOTCH WHISKY,NULL,NULL,NULL,1.1825656928627348,NULL,No
Bulleit Bourbon,60.99,59.1736,STRAIGHT BOURBON WHISKEY,81.2,8.380000114440918,NULL,1.0306961627910876,NULL,No
Evan Williams White Bourbon,29.99,59.1736,STRAIGHT BOURBON WHISKEY,NULL,NULL,NULL,0.5068138520335606,NULL,No
Southern Comfort Whiskey (plastic),16.99,25.360113,FLAVORED WHISKEY,NULL,NULL,NULL,0.6699496833747706,NULL,No
Maker's Mark Cask Strength,49.99,25.360113,STRAIGHT BOURBON WHISKEY,85.88571428571429,8.710000038146973,NULL,1.9712057826701754,1.8408518235458469,Yes
Yellowstone 7yr Limited Edition 2016,99.99,25.360113,STRAIGHT BOURBON WHISKEY,NULL,NULL,NULL,3.9428056687412,NULL,No
Southern Comfort Whiskey 100 Proof,12.49,12.680057,FLAVORED WHISKEY,NULL,NULL,NULL,0.9850113601809506,NULL,No
Buffalo Trace Bourbon,26.99,25.360113,STRAIGHT BOURBON WHISKEY,84.3015873015873,8.579999923706055,NULL,1.0642696906732045,1.030784770146819,Yes
Breckenridge Distiller's High Proof Blend,59.99,25.360113,BLENDED WHISKEY,NULL,NULL,NULL,2.3655257899686095,NULL,No
Southern Comfort Whiskey,4.99,6.7626967,FLAVORED WHISKEY,25.0,NULL,NULL,0.7378712902178848,NULL,No
Barterhouse Whiskey,75.99,25.360113,STRAIGHT BOURBON WHISKEY,NULL,NULL,NULL,2.996437651224958,NULL,No
1792 High Rye,39.99,25.360113,STRAIGHT RYE WHISKEY,86.0,NULL,NULL,1.5768857753717413,1.4195520262743624,Yes
Evan Williams Cherry Whiskey,14.49,25.360113,FLAVORED WHISKEY,NULL,NULL,NULL,0.5713696815501621,NULL,No
Jim Beam Honey Bourbon,1.49,1.6906742,FLAVORED WHISKEY,10.0,NULL,NULL,0.8813052343809438,NULL,No
Glenmorangie The Original 18 Yr,115.99,25.360113,SCOTCH WHISKY,NULL,NULL,NULL,4.573717680418694,NULL,No
Wild Turkey 81,23.99,25.360113,STRAIGHT BOURBON WHISKEY,76.15384615384616,8.170000076293945,NULL,0.9459736884836744,0.8779956311272301,Yes
Jack Daniel's No. 7 Black Tennessee Whiskey,2.29,1.6906742,TENNESSEE WHISKEY,NULL,NULL,NULL,1.354489221607932,NULL,No
Jack Daniel's Tennessee Fire,2.29,1.6906742,FLAVORED WHISKEY,NULL,NULL,NULL,1.354489221607932,NULL,No
Old Bushmills,30.99,33.813484,IRISH WHISKEY,NULL,NULL,NULL,0.9164982701944336,NULL,No
West Cork Barrel Proof Irish Whiskey,55.99,25.360113,IRISH WHISKEY,NULL,NULL,387.0,2.207797787049236,NULL,No
Seagram's 7 Crown Whiskey,19.99,33.813484,BLENDED WHISKEY,58.0,NULL,NULL,0.5911842641732256,NULL,No
Buchanan's Deluxe 12 Year Scotch,85.99,59.1736,SCOTCH WHISKY,NULL,NULL,NULL,1.4531818068123241,NULL,No
Laphroaig Triplewood,74.99,25.360113,SCOTCH WHISKY,86.21621621621621,8.699999809265137,NULL,2.9570056504951148,2.502894362115323,Yes
Jim Beam Black Bourbon,22.99,25.360113,STRAIGHT BOURBON WHISKEY,76.5,8.210000038146973,NULL,0.9065416877538309,NULL,No
Wild Turkey Masters Keep Decades,149.99,25.360113,STRAIGHT BOURBON WHISKEY,84.0,NULL,NULL,5.9144060060756605,5.914800109476509,Yes
Glenkinchie 24 YR,499.99,25.360113,SCOTCH WHISKY,NULL,NULL,NULL,19.715605659836267,NULL,No
Glenlivet Nadurra Scotch,94.99,25.360113,SCOTCH WHISKY,NULL,8.869999885559082,NULL,3.745645665091983,NULL,No
Laphroaig Select Scotch,47.99,25.360113,SCOTCH WHISKY,80.0,8.289999961853027,NULL,1.8923417812104886,1.5772800291937359,Yes
The Knot Liqueur,24.99,25.360113,FLAVORED WHISKEY,NULL,NULL,NULL,0.9854056892135178,NULL,No
Black Velvet,12.99,33.813484,CANADIAN WHISKY,45.0,NULL,NULL,0.38416626034154777,NULL,No
Glenlivet 12 Year Single Malt Scotch,3.99,1.6906742,SCOTCH WHISKY,76.70192307692308,8.0600004196167,NULL,2.3600052826026734,NULL,No
The Macallan "m",NULL,25.360113,SCOTCH WHISKY,NULL,NULL,NULL,NULL,NULL,No
White Horse,19.99,25.360113,SCOTCH WHISKY,60.0,NULL,NULL,0.7882456855643007,0.5126160094879642,Yes
Angel's Envy Port Barrel Bourbon,49.99,25.360113,STRAIGHT BOURBON WHISKEY,NULL,NULL,NULL,1.9712057826701754,NULL,No
Evan Williams Black Bourbon,4.99,6.7626967,STRAIGHT BOURBON WHISKEY,79.0,8.180000305175781,NULL,0.7378712902178848,NULL,No
Lock Stock & Barrel 13 Year Rye Whiskey,99.99,25.360113,STRAIGHT RYE WHISKEY,NULL,NULL,NULL,3.9428056687412,NULL,No
1792 Port Finish Bourbon,42.99,25.360113,STRAIGHT BOURBON WHISKEY,79.4,8.470000267028809,603.0,1.6951817775612716,1.6216410300148096,Yes
Catoctin Creek Roundstone Rye Whisky,45.09,25.360113,STRAIGHT RYE WHISKEY,92.0,NULL,NULL,1.7779889189254845,2.0898960386817,Yes
Bird Dog Hot Cinnamon Flavored Whiskey,18.99,25.360113,FLAVORED WHISKEY,NULL,NULL,NULL,0.7488136848344574,NULL,No
Jack Daniel's Honey Tennessee Whiskey,32.99,33.813484,FLAVORED WHISKEY,70.5,NULL,NULL,0.9756463276971282,NULL,No
Canadian Club Reserve Triple Aged Whisky,19.49,25.360113,CANADIAN WHISKY,NULL,NULL,NULL,0.7685296851993791,NULL,No
Glenmorangie Signet Scotch,229.99,25.360113,SCOTCH WHISKY,86.42105263157895,8.979999542236328,NULL,9.068966064463133,6.283322689783789,Yes
Macallan 18 Year Single Malt Scotch,274.99,25.360113,SCOTCH WHISKY,87.28571428571429,NULL,436.0,10.843405495621504,6.703440124073378,Yes
Talisker Storm,59.99,25.360113,SCOTCH WHISKY,83.35,8.609999656677246,631.0,2.3655257899686095,2.2006610257232944,Yes
The Famous Grouse,47.99,59.1736,SCOTCH WHISKY,71.88888888888889,7.630000114440918,NULL,0.8110035943776188,NULL,No
Old Forester Signature,21.99,25.360113,STRAIGHT BOURBON WHISKEY,82.875,NULL,NULL,0.8671096870239876,0.9105207441254748,Yes
Wild Turkey Russell's Reserve Rye,44.99,25.360113,STRAIGHT RYE WHISKEY,82.0,8.699999809265137,NULL,1.7740457790209585,1.380120025544519,Yes
Bastille Hand Crafted 1789 Whiskey,39.99,25.360113,OTHER (IMPORTED) WHISKEY,NULL,NULL,NULL,1.5768857753717413,NULL,No
Jack Daniel's Honey Tennessee Whiskey,52.99,59.1736,FLAVORED WHISKEY,70.5,NULL,NULL,0.8955007360751067,NULL,No
Lord Calvert Canadian Ducks Unlimited Decanter,99.99,25.360113,BLENDED WHISKEY,NULL,NULL,NULL,3.9428056687412,NULL,No
Bird Dog Apple Bourbon,1.19,1.6906742,FLAVORED WHISKEY,NULL,NULL,-1.0,0.7038612567983014,NULL,No
Crown Royal Regal Apple Whiskey,28.99,25.360113,FLAVORED WHISKEY,NULL,NULL,NULL,1.1431336921328914,NULL,No
Black Velvet,9.99,25.360113,CANADIAN WHISKY,45.0,NULL,NULL,0.39392567826586683,NULL,No
Canadian Mist Whisky,5.99,12.680057,CANADIAN WHISKY,74.33333333333333,7.630000114440918,NULL,0.47239535069298644,NULL,No
Bushmills Black Bush Irish Whiskey,29.99,25.360113,IRISH WHISKEY,79.625,8.350000381469727,NULL,1.1825656928627348,1.0694026467954318,Yes
Balvenie 14 Year Caribbean Cask Scotch,79.99,25.360113,SCOTCH WHISKY,84.31182795698925,8.489999771118164,NULL,3.154165654144332,2.5573837771307177,Yes
The Glenlivet Nadurra Oloroso,94.99,25.360113,SCOTCH WHISKY,83.8,8.319999694824219,NULL,3.745645665091983,2.825960052305444,Yes
Eagle Rare 10 Year Bourbon,57.99,59.1736,STRAIGHT BOURBON WHISKEY,83.72131147540983,8.550000190734863,666.0,0.9799978777725947,NULL,No
Jack Daniel's Single Barrel Tennessee Whiskey,58.99,33.813484,TENNESSEE WHISKEY,78.05882352941177,8.460000038146973,NULL,1.7445703419290746,NULL,No
Redemption Rye,32.99,25.360113,STRAIGHT RYE WHISKEY,NULL,7.820000171661377,512.0,1.3008617702628376,NULL,No
Bird Dog Apple Bourbon,18.99,25.360113,FLAVORED WHISKEY,NULL,NULL,-1.0,0.7488136848344574,NULL,No
Bruichladdich Scottish Barley,54.99,25.360113,SCOTCH WHISKY,70.0,NULL,NULL,2.1683657863193924,NULL,No
Johnnie Walker Black Scotch,23.99,12.680057,SCOTCH WHISKY,77.36904761904762,8.270000457763672,528.0,1.8919473769673487,NULL,No
Michter's Limited Release Single Barrel 10 Yr Rye,131.19,25.360113,STRAIGHT RYE WHISKEY,NULL,NULL,NULL,5.173084272017689,NULL,No
Glenfiddich Ancient Reserve Single Malt,119.99,25.360113,SCOTCH WHISKY,NULL,NULL,NULL,4.731445683338068,NULL,No
Tamdhu 10 Yr Sherry Cask,80.19,25.360113,SCOTCH WHISKY,NULL,NULL,NULL,3.162052234795675,NULL,No
Jim Beam Single Barrel Bourbon,35.99,25.360113,STRAIGHT BOURBON WHISKEY,85.16666666666667,8.649999618530273,NULL,1.4191577724523678,1.1040960204356152,Yes
Crown Royal Northern Harvest Rye Whiskey,31.99,25.360113,STRAIGHT RYE WHISKEY,78.52941176470588,8.579999923706055,NULL,1.2614296943224215,1.1665041332004404,Yes
Seagram's 7 Crown Whiskey,25.99,59.1736,BLENDED WHISKEY,58.0,NULL,NULL,0.43921613867557024,NULL,No
Ballantine's Scotch,19.99,25.360113,SCOTCH WHISKY,NULL,NULL,NULL,0.7882456855643007,NULL,No
Larceny Bourbon,1.59,1.6906742,STRAIGHT BOURBON WHISKEY,NULL,NULL,NULL,0.9404532504117955,NULL,No
Old 1889 Brand,18.99,59.1736,STRAIGHT BOURBON WHISKEY,NULL,NULL,NULL,0.3209201402990871,NULL,No
Yellowstone Select,49.99,25.360113,STRAIGHT BOURBON WHISKEY,72.0,8.180000305175781,419.0,1.9712057826701754,2.149044039776465,Yes
James E. Pepper 1776 Barrel Proof Rye Whiskey,38.59,25.360113,STRAIGHT RYE WHISKEY,78.0,NULL,NULL,1.5216809141815024,NULL,No
Filibuster Boondoggler,44.79,25.360113,BLENDED WHISKEY,NULL,NULL,NULL,1.7661593487907608,NULL,No
Jack Daniel's Tennessee Fire,45.99,59.1736,FLAVORED WHISKEY,NULL,NULL,NULL,0.7772047376986236,NULL,No
Bird Dog Peach Whiskey,18.99,25.360113,FLAVORED WHISKEY,NULL,NULL,NULL,0.7488136848344574,NULL,No
Canadian Mist Easy Pour,19.99,59.1736,CANADIAN WHISKY,NULL,NULL,NULL,0.3378195686385847,NULL,No
Macallan 12 Year Single Malt Scotch,144.99,59.1736,SCOTCH WHISKY,83.83333333333333,NULL,NULL,2.4502482077750884,NULL,No
Eagle Rare 10 Year Bourbon,31.99,25.360113,STRAIGHT BOURBON WHISKEY,83.72131147540983,8.550000190734863,666.0,1.2614296943224215,1.1727599698137159,Yes
Virginia Gentleman,1.49,1.6906742,STRAIGHT BOURBON WHISKEY,71.0,NULL,NULL,0.8813052343809438,NULL,No
Wild Turkey 101,51.99,59.1736,STRAIGHT BOURBON WHISKEY,84.83582089552239,8.460000038146973,-1.0,0.8786013077356092,NULL,No
Jack Daniel's No. 7 Black Tennessee Whiskey,8.99,6.7626967,TENNESSEE WHISKEY,NULL,NULL,NULL,1.3293513095065765,NULL,No
Fireball Cinnamon Whiskey,30.99,59.1736,FLAVORED WHISKEY,NULL,NULL,NULL,0.5237132803730582,NULL,No
Dewar's White Label Scotch,14.99,12.680057,SCOTCH WHISKY,59.2962962962963,7.489999771118164,NULL,1.1821713638301676,NULL,No
Passport 3yr Scotch,29.99,59.1736,SCOTCH WHISKY,NULL,NULL,NULL,0.5068138520335606,NULL,No
Four Roses Small Batch Bourbon,37.99,25.360113,STRAIGHT BOURBON WHISKEY,85.32608695652173,8.479999542236328,NULL,1.4980217739120547,1.186512407893088,Yes
Murlarkey Cincerity,29.99,25.360113,STRAIGHT BOURBON WHISKEY,NULL,NULL,NULL,1.1825656928627348,NULL,No
Early Times Whiskey,3.99,6.7626967,WHISKEY,46.333333333333336,NULL,NULL,0.5900013206506683,NULL,No
Fireball Cinnamon Whisky,20.99,33.813484,FLAVORED WHISKEY,NULL,NULL,NULL,0.6207582647206081,NULL,No
Red Stag Whiskey (plastic),9.99,12.680057,FLAVORED WHISKEY,NULL,NULL,NULL,0.7878513565317337,NULL,No
Crown Royal Whiskey,35.99,33.813484,CANADIAN WHISKY,66.42857142857143,7.570000171661377,NULL,1.0643683293392758,NULL,No
Balvenie 15 Year Sherry Cask Scotch,124.99,25.360113,SCOTCH WHISKY,NULL,NULL,-1.0,4.928605686987285,NULL,No
Glenmorangie Tusail Scotch,99.99,25.360113,SCOTCH WHISKY,80.71428571428571,8.819999694824219,NULL,3.9428056687412,4.613544085391678,Yes
Port Dundas 12 Yr Single Malt,49.99,25.360113,SCOTCH WHISKY,NULL,NULL,NULL,1.9712057826701754,NULL,No
Talisker 30yr,889.99,25.360113,SCOTCH WHISKY,88.16666666666667,9.199999809265137,-1.0,35.0940859444752,16.24598430069548,Yes
The Glenrothes Vintage Reserve Scotch,54.99,25.360113,SCOTCH WHISKY,78.5,8.600000381469727,NULL,2.1683657863193924,NULL,No
Wild Turkey Kentucky Spirit,54.99,25.360113,STRAIGHT BOURBON WHISKEY,80.46153846153847,NULL,NULL,2.1683657863193924,1.6659638238649614,Yes
Crown Royal Monarch Whiskey 75th Anniversary,75.99,25.360113,CANADIAN WHISKY,80.0,8.760000228881836,NULL,2.996437651224958,NULL,No
Rich & Rare Whisky,8.99,25.360113,CANADIAN WHISKY,NULL,7.699999809265137,NULL,0.3544936775360234,NULL,No
Jim Beam Flavor Pack,26.29,38.209236,FLAVORED WHISKEY,NULL,NULL,NULL,0.6880535589810312,NULL,No
Canadian Mist Whisky,1.39,1.6906742,CANADIAN WHISKY,74.33333333333333,7.630000114440918,NULL,0.822157218350092,NULL,No
Crown Royal XO,49.99,25.360113,CANADIAN WHISKY,NULL,8.720000267028809,NULL,1.9712057826701754,NULL,No
Jameson Caskmates Irish Whiskey,34.99,25.360113,IRISH WHISKEY,NULL,NULL,NULL,1.3797257717225244,NULL,No
Glenmorangie The Original 10 Yr,45.99,25.360113,SCOTCH WHISKY,74.0,NULL,NULL,1.8134777797508017,1.4589840270042056,Yes
Grant's Scotch,18.99,25.360113,SCOTCH WHISKY,NULL,NULL,NULL,0.7488136848344574,NULL,No
Evan Williams 1783 Bourbon,14.99,25.360113,STRAIGHT BOURBON WHISKEY,80.0,NULL,NULL,0.5910856819150838,0.5520480102178076,Yes
Bird Dog Blackberry W/ Tervis Glass,18.99,25.360113,FLAVORED WHISKEY,NULL,NULL,NULL,0.7488136848344574,NULL,No
Rebel Yell Root Beer Whiskey,0.99,1.6906742,FLAVORED WHISKEY,NULL,NULL,NULL,0.5855652247365979,NULL,No
Balvenie Doublewood 17 Year Scotch,149.99,25.360113,SCOTCH WHISKY,86.07692307692308,8.720000267028809,NULL,5.9144060060756605,4.908850877966859,Yes
Senator's Club Whiskey,9.69,33.813484,BLENDED WHISKEY,NULL,NULL,NULL,0.2865720528943924,NULL,No
The Dalmore 12 YO,72.99,25.360113,SCOTCH WHISKY,77.54054054054055,8.4399995803833,576.0,2.8781416490354284,2.264259320806578,Yes
E H Taylor Small Batch Whiskey,39.99,25.360113,STRAIGHT BOURBON WHISKEY,NULL,NULL,NULL,1.5768857753717413,NULL,No
Forged Oak Bourbon,69.99,25.360113,STRAIGHT BOURBON WHISKEY,NULL,NULL,NULL,2.759845646845898,NULL,No
Crown Royal Whisky (plastic),17.69,12.680057,CANADIAN WHISKY,NULL,NULL,NULL,1.39510422793978,NULL,No
Glenmorangie The Original 10 Yr,81.99,59.1736,SCOTCH WHISKY,74.0,NULL,NULL,1.3855840934543338,NULL,No
Hudson Four Grain Whiskey,45.99,12.680057,STRAIGHT BOURBON WHISKEY,76.0,NULL,554.0,3.6269555595016034,NULL,No
Evan Williams Green Bourbon,22.99,59.1736,STRAIGHT BOURBON WHISKEY,79.0,NULL,-1.0,0.38851785365707747,NULL,No
Jack Daniel's Single Barrel Tennessee Whiskey,49.99,25.360113,TENNESSEE WHISKEY,78.05882352941177,8.460000038146973,NULL,1.9712057826701754,1.889626214598614,Yes
Calvert Extra Whiskey,17.49,59.1736,BLENDED WHISKEY,NULL,NULL,NULL,0.2955709977898407,NULL,No
Crown Royal Honey Whiskey,2.99,1.6906742,FLAVORED WHISKEY,NULL,NULL,NULL,1.7685252633139814,NULL,No
Crown Royal XR,132.99,25.360113,CANADIAN WHISKY,NULL,NULL,NULL,5.244061993668323,NULL,No
Dalwhinnie Single Malt Scotch,69.99,25.360113,SCOTCH WHISKY,NULL,NULL,NULL,2.759845646845898,NULL,No
Jim Beam Devil's Cut Replica,12.99,12.680057,STRAIGHT BOURBON WHISKEY,NULL,NULL,NULL,1.024443360910794,NULL,No
Wild Turkey Bourbon PET,25.99,25.360113,STRAIGHT BOURBON WHISKEY,NULL,NULL,NULL,1.024837689943361,NULL,No
Jack Daniel's Single Barrel Tennessee Whiskey,4.49,1.6906742,TENNESSEE WHISKEY,78.05882352941177,8.460000038146973,NULL,2.6557451512271935,NULL,No
Old Potrero Straight Rye Whiskey,72.89,25.360113,STRAIGHT RYE WHISKEY,NULL,NULL,NULL,2.874198509130902,NULL,No
Fireball Cinnamon Whisky,59.99,118.3472,FLAVORED WHISKEY,NULL,NULL,NULL,0.506898367225795,NULL,No
Leopold Bros. New York Apple Whiskey,39.99,25.360113,FLAVORED WHISKEY,NULL,NULL,NULL,1.5768857753717413,NULL,No
Canadian Hunter Whisky,8.99,25.360113,CANADIAN WHISKY,NULL,NULL,NULL,0.3544936775360234,NULL,No
1792 Small Batch Bourbon,33.99,25.360113,STRAIGHT BOURBON WHISKEY,78.2,NULL,593.0,1.340293770992681,1.1769168899856597,Yes
Blanton Single Barrel Bourbon,58.99,25.360113,STRAIGHT BOURBON WHISKEY,NULL,8.630000114440918,NULL,2.326093789238766,NULL,No
Van Winkle Special Reserve Bourbon 12 Yr,69.99,25.360113,STRAIGHT BOURBON WHISKEY,NULL,NULL,NULL,2.759845646845898,NULL,No
Pikesville Rye 110 Proof,49.99,25.360113,STRAIGHT RYE WHISKEY,NULL,NULL,NULL,1.9712057826701754,NULL,No
Beam's Eight Star Whiskey,15.99,59.1736,BLENDED WHISKEY,NULL,NULL,NULL,0.2702218552805943,NULL,No
Brenne Estate Cask Whisky,69.99,25.360113,OTHER (IMPORTED) WHISKEY,NULL,NULL,NULL,2.759845646845898,NULL,No
Talisker Distiller's Edition,95.99,25.360113,SCOTCH WHISKY,88.57142857142857,NULL,NULL,3.7850776658218264,3.084240028124743,Yes
Maker's Mark 46 Bourbon,22.99,12.680057,STRAIGHT BOURBON WHISKEY,84.25,8.760000228881836,NULL,1.8130833755076619,NULL,No
Michter's Us-1 Barrel Strength Rye Whiskey,77.49,25.360113,STRAIGHT RYE WHISKEY,86.55555555555556,8.970000267028809,NULL,3.0555856523197233,2.916576558133047,Yes
Kentucky Gentleman Whiskey (bourbon & Blend),17.99,59.1736,BLENDED WHISKEY,NULL,NULL,NULL,0.30402071195958946,NULL,No
Crown Royal Special Reserve,46.99,25.360113,CANADIAN WHISKY,69.0,NULL,NULL,1.8529097804806451,1.598054743720099,Yes
Crown Royal Whiskey,58.99,59.1736,CANADIAN WHISKY,66.42857142857143,7.570000171661377,NULL,0.9968973061120923,NULL,No
Evan Williams 1783 Bourbon,31.99,59.1736,STRAIGHT BOURBON WHISKEY,80.0,NULL,NULL,0.5406127087125557,NULL,No
Old Rip Van Winkle 10yr,59.99,25.360113,STRAIGHT BOURBON WHISKEY,89.88,9.029999732971191,NULL,2.3655257899686095,2.24484777224296,Yes
Jim Beam Apple Bourbon,1.49,1.6906742,FLAVORED WHISKEY,NULL,NULL,-1.0,0.8813052343809438,NULL,No
Johnnie Walker Black Scotch,87.99,59.1736,SCOTCH WHISKY,77.36904761904762,8.270000457763672,528.0,1.4869806634913194,NULL,No
Bird Dog Bourbon,18.99,25.360113,STRAIGHT BOURBON WHISKEY,NULL,NULL,-1.0,0.7488136848344574,NULL,No
Crown Royal Whiskey,9.49,6.7626967,CANADIAN WHISKY,66.42857142857143,7.570000171661377,NULL,1.403286311917663,NULL,No
Paul Jones Whiskey,15.49,59.1736,BLENDED WHISKEY,NULL,NULL,NULL,0.2617721411108455,NULL,No
Canadian Hunter Traveler,8.99,25.360113,CANADIAN WHISKY,NULL,NULL,NULL,0.3544936775360234,NULL,No
Old Bushmills Tins,23.99,25.360113,IRISH WHISKEY,NULL,NULL,NULL,0.9459736884836744,NULL,No
Chivas Regal 12 Year Scotch,49.99,33.813484,SCOTCH WHISKY,69.52083333333333,7.789999961853027,NULL,1.4784043370026316,NULL,No
Port Dundas 18 Yr Sinlge Malt,99.99,25.360113,SCOTCH WHISKY,NULL,NULL,NULL,3.9428056687412,NULL,No
The Glenlivet W/50ml's 15yr & Founders Reserve,48.99,25.360113,SCOTCH WHISKY,NULL,NULL,NULL,1.931773781940332,NULL,No
The Macallan Fine Oak 17yr,249.99,25.360113,SCOTCH WHISKY,87.375,8.789999961853027,-1.0,9.85760607906,5.007864092690111,Yes
Early Times Fire Eater Cinnamon Flavored Whiskey,15.9,25.360113,FLAVORED WHISKEY,NULL,NULL,NULL,0.6269687965623955,NULL,No
Clan Macgregor Scotch,12.99,33.813484,SCOTCH WHISKY,39.75,NULL,NULL,0.38416626034154777,NULL,No
The Macallan Fine Oak 21 YR Old,499.99,25.360113,SCOTCH WHISKY,NULL,8.520000457763672,NULL,19.715605659836267,NULL,No
Lock Stock & Barrel 16 Yr Straight Rye Whiskey,149.99,25.360113,STRAIGHT RYE WHISKEY,59.0,NULL,NULL,5.9144060060756605,NULL,No
Geo. Washington Straight Rye 2yr (distillery Only),187.99,12.680057,STRAIGHT RYE WHISKEY,NULL,NULL,NULL,14.82564406761942,NULL,No
Irishman Single Malt Whiskey,49.99,25.360113,IRISH WHISKEY,76.0,7.920000076293945,561.0,1.9712057826701754,NULL,No
Glenlivet 12 Year Single Malt Scotch,99.99,59.1736,SCOTCH WHISKY,76.70192307692308,8.0600004196167,NULL,1.6897738035652905,NULL,No
Glenlivet French Oak Reserve 15 Yr Old,69.99,25.360113,SCOTCH WHISKY,NULL,NULL,NULL,2.759845646845898,NULL,No
Laphroaig Single Malt,54.99,25.360113,SCOTCH WHISKY,NULL,NULL,NULL,2.1683657863193924,NULL,No
Jim Beam Bourbon (plastic),9.99,12.680057,STRAIGHT BOURBON WHISKEY,NULL,NULL,NULL,0.7878513565317337,NULL,No
Corsair Triple Smoke Small Batch Rum,53.99,25.360113,WHISKEY,NULL,NULL,NULL,2.128933785589549,NULL,No
Henry Mckenna Bourbon,24.99,59.1736,STRAIGHT BOURBON WHISKEY,NULL,NULL,NULL,0.42231671033607265,NULL,No
Aristocrat Whiskey,13.99,59.1736,BLENDED WHISKEY,NULL,NULL,NULL,0.23642299860159913,NULL,No
J.W. Dant's Scotch,21.49,59.1736,SCOTCH WHISKY,NULL,NULL,NULL,0.36316871114783106,NULL,No
Talisker 18 Year Scotch,149.99,25.360113,SCOTCH WHISKY,88.48148148148148,9.180000305175781,-1.0,5.9144060060756605,3.7965608536640674,Yes
The Glenlivet Nadurra First Fill,94.99,25.360113,SCOTCH WHISKY,85.5,NULL,NULL,3.745645665091983,3.273138175435129,Yes
Seagram's 7 Crown Dark Honey,19.99,33.813484,FLAVORED WHISKEY,NULL,NULL,NULL,0.5911842641732256,NULL,No
Black Velvet Portable,9.99,25.360113,CANADIAN WHISKY,NULL,NULL,NULL,0.39392567826586683,NULL,No
Red Breast,61.99,25.360113,IRISH WHISKEY,NULL,NULL,NULL,2.4443897914282964,NULL,No
Ardbeg Supernova Scotch,119.99,25.360113,SCOTCH WHISKY,NULL,NULL,NULL,4.731445683338068,NULL,No
Senator's Club Whiskey,2.99,6.7626967,BLENDED WHISKEY,NULL,NULL,NULL,0.44213131582849535,NULL,No
Senator's Club Whiskey,7.89,25.360113,BLENDED WHISKEY,NULL,NULL,NULL,0.3111184804937243,NULL,No
Tim Smith's Climax 'Wood Fired' Whiskey,34.99,25.360113,WHISKEY,NULL,NULL,NULL,1.3797257717225244,NULL,No
Mcclelland's Highland Scotch,45.99,59.1736,SCOTCH WHISKY,63.0,7.090000152587891,NULL,0.7772047376986236,NULL,No
Bushmills Irish Whiskey,44.99,25.360113,IRISH WHISKEY,NULL,NULL,589.0,1.7740457790209585,NULL,No
Ardbeg Corryvreckan Scotch,84.99,25.360113,SCOTCH WHISKY,90.09756097560975,9.09000015258789,613.0,3.351325657793549,3.4558321305282496,Yes
Highland Park Fire Edition,399.99,25.360113,SCOTCH WHISKY,90.0,NULL,NULL,15.772405586851928,NULL,No
Red Stag Honey Tea,16.9,25.360113,FLAVORED WHISKEY,NULL,NULL,-1.0,0.6664007972922389,NULL,No
Johnnie Walker Blue Scotch,229.99,25.360113,SCOTCH WHISKY,79.5,8.529999732971191,NULL,9.068966064463133,6.537179832666003,Yes
Jim Beam Bourbon,17.49,25.360113,STRAIGHT BOURBON WHISKEY,NULL,NULL,NULL,0.6896656837396923,NULL,No
Wood Experiment Box Set 2,99.99,33.813484,STRAIGHT BOURBON WHISKEY,NULL,NULL,NULL,2.9571042515559,NULL,No
Virgil Kaine Robber Baron Rye Whiskey,37.99,25.360113,STRAIGHT RYE WHISKEY,NULL,NULL,507.0,1.4980217739120547,NULL,No
Cutty Sark Scotch,19.99,25.360113,SCOTCH WHISKY,62.375,7.519999980926514,NULL,0.7882456855643007,0.7907441883098251,Yes
Evan Williams Green Bourbon,5.99,12.680057,STRAIGHT BOURBON WHISKEY,79.0,NULL,-1.0,0.47239535069298644,NULL,No
Virginia Gentleman,6.49,12.680057,STRAIGHT BOURBON WHISKEY,71.0,NULL,NULL,0.5118273514228299,NULL,No
George Dickel 14 Year Tennessee Whisey,64.99,25.360113,TENNESSEE WHISKEY,NULL,NULL,NULL,2.562685643196681,NULL,No
Catoctin Creek Mosby's Spirit Rye Whiskey,29.49,25.360113,STRAIGHT RYE WHISKEY,NULL,NULL,NULL,1.1628496924978131,NULL,No
The Quiet Man Traditional Irish Whiskey,50.99,25.360113,IRISH WHISKEY,NULL,7.519999980926514,NULL,2.0106377834000186,NULL,No
John B Stetson Bourbon,35.59,25.360113,STRAIGHT BOURBON WHISKEY,NULL,NULL,NULL,1.4033849119919724,NULL,No
Southern Comfort Caramel,19.99,33.813484,FLAVORED WHISKEY,NULL,NULL,NULL,0.5911842641732256,NULL,No
Nikka Coffey Grain Whisky,74.99,25.360113,OTHER (IMPORTED) WHISKEY,77.38461538461539,8.59000015258789,NULL,2.9570056504951148,2.3760930258514534,Yes
Knob Creek,45.99,33.813484,STRAIGHT BOURBON WHISKEY,81.5,NULL,NULL,1.3601083348131013,NULL,No
Larceny Bourbon,29.99,25.360113,STRAIGHT BOURBON WHISKEY,NULL,NULL,NULL,1.1825656928627348,NULL,No
Jim Beam Kentucky Fire Bourbon,27.99,59.1736,FLAVORED WHISKEY,NULL,NULL,NULL,0.4730149953545654,NULL,No
Canadian Limited Whisky,15.99,59.1736,CANADIAN WHISKY,NULL,NULL,NULL,0.2702218552805943,NULL,No
Jim Beam Traveler,17.49,25.360113,STRAIGHT BOURBON WHISKEY,NULL,NULL,NULL,0.6896656837396923,NULL,No
Aristocrat Whiskey,9.69,33.813484,BLENDED WHISKEY,NULL,NULL,NULL,0.2865720528943924,NULL,No
Wild Turkey American Honey Sting,24.99,25.360113,FLAVORED WHISKEY,NULL,NULL,NULL,0.9854056892135178,NULL,No
Laphroaig 25 Year,499.99,25.360113,SCOTCH WHISKY,95.0,9.15999984741211,NULL,19.715605659836267,NULL,No
Southern Comfort Whiskey,8.99,12.680057,FLAVORED WHISKEY,25.0,NULL,NULL,0.7089873550720468,NULL,No
Glenfiddich 12 Year Scotch,27.99,12.680057,SCOTCH WHISKY,77.17073170731707,8.100000381469727,511.0,2.207403382806096,NULL,No
Glenfiddich 14 Year Scotch,59.99,25.360113,SCOTCH WHISKY,NULL,NULL,NULL,2.3655257899686095,NULL,No
Johnnie Walker Gold Reserve Scotch,89.99,25.360113,SCOTCH WHISKY,NULL,8.289999961853027,NULL,3.548485661442766,NULL,No
Jim Beam Kentucky Fire Bourbon,17.49,25.360113,FLAVORED WHISKEY,NULL,NULL,NULL,0.6896656837396923,NULL,No
Glenfiddich Single Malt Scotch,99.99,59.1736,SCOTCH WHISKY,NULL,NULL,NULL,1.6897738035652905,NULL,No
Glenlivet 12 Year Single Malt Scotch,49.99,25.360113,SCOTCH WHISKY,76.70192307692308,8.0600004196167,NULL,1.9712057826701754,1.3830167365309787,Yes
The Macallan Edition No. 1,99.99,25.360113,SCOTCH WHISKY,89.75,8.8100004196167,NULL,3.9428056687412,3.746040069335123,Yes
Elijah Craig 18-year Single Barrel Bourbon,129.99,25.360113,STRAIGHT BOURBON WHISKEY,NULL,NULL,NULL,5.125765991478793,NULL,No
Kessler Whiskey,16.99,59.1736,BLENDED WHISKEY,NULL,NULL,NULL,0.28712128362009187,NULL,No
Red Stag,1.49,1.6906742,FLAVORED WHISKEY,52.0,NULL,NULL,0.8813052343809438,NULL,No
Tullamore Dew 12 Irish,44.99,25.360113,IRISH WHISKEY,NULL,NULL,NULL,1.7740457790209585,NULL,No
Dewar's White Label Scotch,8.99,6.7626967,SCOTCH WHISKY,59.2962962962963,7.489999771118164,NULL,1.3293513095065765,NULL,No
Glenlivet Archive 21 Year Single Malt Scotch,269.99,25.360113,SCOTCH WHISKY,88.75,NULL,NULL,10.646245491972287,5.608106770466617,Yes
Oban Distillers Edition,97.99,25.360113,SCOTCH WHISKY,NULL,8.710000038146973,NULL,3.8639416672815132,NULL,No
Bulleit Bourbon,32.99,25.360113,STRAIGHT BOURBON WHISKEY,81.2,8.380000114440918,NULL,1.3008617702628376,1.0753453018926062,Yes
Jefferson's Ocean - Aged At Sea,79.99,25.360113,STRAIGHT BOURBON WHISKEY,NULL,8.640000343322754,NULL,3.154165654144332,NULL,No
Wild Turkey Russell Reserve 10 Yr,35.99,25.360113,STRAIGHT BOURBON WHISKEY,NULL,NULL,NULL,1.4191577724523678,NULL,No
Booker's Bourbon,69.99,25.360113,STRAIGHT BOURBON WHISKEY,88.19047619047619,NULL,NULL,2.759845646845898,2.089430647409601,Yes
Hiram Walker's Ten High Bourbon,10.49,33.813484,STRAIGHT BOURBON WHISKEY,NULL,NULL,NULL,0.3102312589730914,NULL,No
Wild Turkey American Honey Sting,1.99,1.6906742,FLAVORED WHISKEY,NULL,NULL,NULL,1.1770452440252896,NULL,No
Cragganmore Limited Edition,599.99,25.360113,SCOTCH WHISKY,NULL,NULL,NULL,23.658805732820607,NULL,No
Glenfiddich 18 Yr Ancient Reserve,119.99,25.360113,SCOTCH WHISKY,NULL,NULL,NULL,4.731445683338068,NULL,No
Buffalo Trace Bourbon,54.99,59.1736,STRAIGHT BOURBON WHISKEY,84.3015873015873,8.579999923706055,NULL,0.9292995927541019,NULL,No
Senator's Club Whiskey (plastic),7.89,25.360113,BLENDED WHISKEY,NULL,NULL,NULL,0.3111184804937243,NULL,No
Crown Royal Maple Flavored Whiskey,28.99,25.360113,FLAVORED WHISKEY,NULL,NULL,NULL,1.1431336921328914,NULL,No
Yamazaki 12 Year Whisky,84.99,25.360113,OTHER (IMPORTED) WHISKEY,81.76086956521739,8.630000114440918,NULL,3.351325657793549,2.5098468464545323,Yes
Caol Ila 15 Year Scotch,135.99,25.360113,SCOTCH WHISKY,NULL,NULL,NULL,5.362357995857853,NULL,No
Caol Ila 30 Year Scotch,799.99,25.360113,SCOTCH WHISKY,93.33333333333333,9.329999923706055,NULL,31.545205878789286,21.924531755896865,Yes
Grand MacNish,21.99,59.1736,SCOTCH WHISKY,NULL,NULL,NULL,0.3716184253175799,NULL,No
Lord Calvert Whisky,20.99,59.1736,CANADIAN WHISKY,NULL,NULL,NULL,0.3547189969780823,NULL,No
Chivas Regal 12 Year Scotch,32.99,25.360113,SCOTCH WHISKY,69.52083333333333,7.789999961853027,NULL,1.3008617702628376,1.2567667140267642,Yes
Cutty Sark Prohibition,1.9,1.6906742,SCOTCH WHISKY,NULL,8.520000457763672,NULL,1.1238120225465318,NULL,No
The Macallan Double Cask 12 Yr,67.99,25.360113,SCOTCH WHISKY,83.33333333333333,8.59000015258789,NULL,2.680981645386211,1.7744400328429528,Yes
Early Times Whiskey,15.49,33.813484,WHISKEY,46.333333333333336,NULL,NULL,0.45810126171000415,NULL,No
Southern Comfort Caramel,1.99,1.6906742,FLAVORED WHISKEY,NULL,NULL,NULL,1.1770452440252896,NULL,No
Jameson Irish Whiskey,18.99,12.680057,IRISH WHISKEY,70.4090909090909,7.820000171661377,474.0,1.4976273696689149,NULL,No
Old Forester 1870 Craft,44.99,25.360113,STRAIGHT BOURBON WHISKEY,80.0,NULL,NULL,1.7740457790209585,1.380120025544519,Yes
Old Grand Dad 100,23.99,25.360113,STRAIGHT BOURBON WHISKEY,NULL,NULL,NULL,0.9459736884836744,NULL,No
Woodford Reserve Double Oaked,56.99,25.360113,STRAIGHT BOURBON WHISKEY,82.0,8.770000457763672,NULL,2.2472297877790792,2.0297766328723,Yes
Hibiki 12 Year,82.59,25.360113,OTHER (IMPORTED) WHISKEY,78.6,8.630000114440918,NULL,3.2566887958734667,2.5612441573606746,Yes
Chivas Regal Extra,49.99,25.360113,SCOTCH WHISKY,66.0,NULL,NULL,1.9712057826701754,NULL,No
The Glenrothes Sherry Cask Reserve Scotch,59.99,25.360113,SCOTCH WHISKY,81.66666666666667,8.130000114440918,NULL,2.3655257899686095,1.4195520262743624,Yes
Abraham Bowman Wheat Bourbon Limited Edition,69.99,25.360113,STRAIGHT BOURBON WHISKEY,NULL,NULL,NULL,2.759845646845898,NULL,No
Chivas Regal 12 Year Scotch,3.19,1.6906742,SCOTCH WHISKY,69.52083333333333,7.789999961853027,NULL,1.8868212953756849,NULL,No
Woodford Reserve Rye,36.99,25.360113,STRAIGHT RYE WHISKEY,85.0,8.470000267028809,NULL,1.4585897731822113,1.5772800291937359,Yes
Virginia Black,34.99,25.360113,WHISKEY,51.0,7.630000114440918,NULL,1.3797257717225244,1.1693083252162322,Yes
Wild Turkey American Honey,24.99,25.360113,FLAVORED WHISKEY,NULL,NULL,NULL,0.9854056892135178,NULL,No
Ardbeg 21-year Scotch,499.99,25.360113,SCOTCH WHISKY,NULL,9.180000305175781,NULL,19.715605659836267,NULL,No
Ardbeg Kelpie,119.99,25.360113,SCOTCH WHISKY,89.0,NULL,NULL,4.731445683338068,4.731840087581208,Yes
White Horse Scotch,35.99,59.1736,SCOTCH WHISKY,60.0,NULL,NULL,0.6082104543036477,NULL,No
J.T.S. Brown,18.99,59.1736,STRAIGHT BOURBON WHISKEY,NULL,NULL,NULL,0.3209201402990871,NULL,No
Old Grand Dad,18.99,25.360113,STRAIGHT BOURBON WHISKEY,NULL,NULL,NULL,0.7488136848344574,NULL,No
Whistlepig 12 Year Old World Straight Rye Whiskey,129.99,25.360113,STRAIGHT RYE WHISKEY,NULL,NULL,NULL,5.125765991478793,NULL,No
Seagram's 7 Crown Whiskey (traveler),15.99,25.360113,BLENDED WHISKEY,NULL,NULL,NULL,0.6305176826449272,NULL,No
Evan Williams Fire Bourbon,14.49,25.360113,FLAVORED WHISKEY,NULL,NULL,NULL,0.5713696815501621,NULL,No
Macallan Edition No. 2,99.99,25.360113,SCOTCH WHISKY,88.0,8.8100004196167,NULL,3.9428056687412,3.9234840726194182,Yes
Virgil Kaine Ashcat Bourbon,69.99,25.360113,BLENDED WHISKEY,NULL,NULL,NULL,2.759845646845898,NULL,No
Johnnie Walker Blue Alfred Dunhill Limited Edition,244.99,25.360113,SCOTCH WHISKY,NULL,NULL,NULL,9.660446075410784,NULL,No
Elijah Craig 21 Year Single Barrel Bourbon,158.29,25.360113,STRAIGHT BOURBON WHISKEY,NULL,NULL,NULL,6.2416911307856955,NULL,No
Ancient Age Bourbon,6.49,12.680057,STRAIGHT BOURBON WHISKEY,76.33333333333333,NULL,NULL,0.5118273514228299,NULL,No
Rebel Yell,28.99,59.1736,STRAIGHT BOURBON WHISKEY,70.0,7.590000152587891,612.0,0.489914423694063,NULL,No
Gentleman Jack Whiskey,2.99,1.6906742,TENNESSEE WHISKEY,63.27272727272727,7.909999847412109,559.0,1.7685252633139814,NULL,No
Jack Daniel's 150th Anniversary Tennessee Whiskey,27.99,25.360113,TENNESSEE WHISKEY,NULL,8.90999984741211,NULL,1.103701691403048,NULL,No
Paul Jones Whiskey,4.49,12.680057,BLENDED WHISKEY,NULL,NULL,NULL,0.35409934850345626,NULL,No
Ardbeg Uigeadall Scotch,79.99,25.360113,SCOTCH WHISKY,NULL,9.199999809265137,NULL,3.154165654144332,NULL,No
Cutty Sark Scotch,24.99,33.813484,SCOTCH WHISKY,62.375,7.519999980926514,NULL,0.7390542669101383,NULL,No
J & B Rare Scotch,39.99,59.1736,SCOTCH WHISKY,NULL,NULL,NULL,0.6758081676616381,NULL,No
E H Taylor Jr. Barrel Proof Whiskey,69.99,25.360113,STRAIGHT BOURBON WHISKEY,NULL,NULL,NULL,2.759845646845898,NULL,No
Maker's Mark Bourbon,18.49,12.680057,STRAIGHT BOURBON WHISKEY,79.97368421052632,8.229999542236328,NULL,1.4581953689390714,NULL,No
Fireball Cinnamon Whisky,0.99,1.6906742,FLAVORED WHISKEY,NULL,NULL,NULL,0.5855652247365979,NULL,No
Wild Turkey American Honey,1.99,1.6906742,FLAVORED WHISKEY,NULL,NULL,NULL,1.1770452440252896,NULL,No
Johnnie Walker Green Scotch,61.99,25.360113,SCOTCH WHISKY,83.70769230769231,8.539999961853027,536.0,2.4443897914282964,2.310433596096511,Yes
Belle Meade Bourbon Sherry Finish,85.29,25.360113,STRAIGHT BOURBON WHISKEY,NULL,NULL,NULL,3.3631553783494184,NULL,No
Four Roses Bourbon,21.99,25.360113,STRAIGHT BOURBON WHISKEY,NULL,8.699999809265137,603.0,0.8671096870239876,NULL,No
Jefferson's Reserve Groth Cask Finish,79.99,25.360113,STRAIGHT BOURBON WHISKEY,78.0,NULL,NULL,3.154165654144332,NULL,No
Mccauley's Virginia Bourbon Whiskey,36.99,25.360113,STRAIGHT BOURBON WHISKEY,NULL,NULL,NULL,1.4585897731822113,NULL,No
Speyburn Bradan Orach,21.99,25.360113,SCOTCH WHISKY,58.666666666666664,NULL,593.0,0.8671096870239876,1.090952020192334,Yes
Colonel's Pride Bourbon,9.69,33.813484,STRAIGHT BOURBON WHISKEY,NULL,NULL,NULL,0.2865720528943924,NULL,No
Canadian Club Rye Whisky,19.99,25.360113,STRAIGHT RYE WHISKEY,74.5,NULL,NULL,0.7882456855643007,NULL,No
Copper Fox Rye Whiskey,44.99,25.360113,STRAIGHT RYE WHISKEY,85.0,NULL,545.0,1.7740457790209585,1.892736035032483,Yes
Jameson Irish Whiskey,59.99,59.1736,IRISH WHISKEY,70.4090909090909,7.820000171661377,474.0,1.01379673445159,NULL,No
Dewar's Special Reserve 12 Year Scotch,69.99,59.1736,SCOTCH WHISKY,67.0,NULL,NULL,1.1827909533803627,NULL,No
Elijah Craig 12yr,49.99,59.1736,STRAIGHT BOURBON WHISKEY,84.1029411764706,8.670000076293945,NULL,0.844802451056614,NULL,No
Maker's Mark Bourbon,3.99,1.6906742,STRAIGHT BOURBON WHISKEY,79.97368421052632,8.229999542236328,NULL,2.3600052826026734,NULL,No
Bird Dog Blackberry Whiskey,18.99,25.360113,FLAVORED WHISKEY,NULL,NULL,NULL,0.7488136848344574,NULL,No
Isle Of Jura Scotch,59.99,25.360113,SCOTCH WHISKY,NULL,NULL,NULL,2.3655257899686095,NULL,No
Talisker 25 YR,659.99,25.360113,SCOTCH WHISKY,91.15384615384616,8.979999542236328,NULL,26.024725776611213,7.7161455857931776,Yes
Belle Meade Bourbon Single Barrel,68.29,25.360113,STRAIGHT BOURBON WHISKEY,NULL,NULL,NULL,2.6928113659420805,NULL,No
Four Roses Single Barrel Bourbon,44.99,25.360113,STRAIGHT BOURBON WHISKEY,87.875,NULL,NULL,1.7740457790209585,1.5009450450802562,Yes
Ardbog Scotch,96.99,25.360113,SCOTCH WHISKY,NULL,NULL,NULL,3.82450966655167,NULL,No
Evan Williams Green Bourbon,12.49,33.813484,STRAIGHT BOURBON WHISKEY,79.0,NULL,-1.0,0.3693792600678565,NULL,No
Reservoir Bourbon Whiskey,42.19,12.680057,STRAIGHT BOURBON WHISKEY,NULL,NULL,NULL,3.3272721132809613,NULL,No
Blanton Single Barrel Bourbon,26.99,12.680057,STRAIGHT BOURBON WHISKEY,NULL,8.630000114440918,NULL,2.128539381346409,NULL,No
Evan Williams Black Bourbon,26.99,59.1736,STRAIGHT BOURBON WHISKEY,79.0,8.180000305175781,NULL,0.45611556701506784,NULL,No
Jack Daniel's No. 7 Black Tennessee Whiskey,32.99,33.813484,TENNESSEE WHISKEY,NULL,NULL,NULL,0.9756463276971282,NULL,No
Rich & Rare Whisky,4.99,12.680057,CANADIAN WHISKY,NULL,7.699999809265137,NULL,0.3935313492332997,NULL,No
Kilbeggan Irish Whiskey,24.99,25.360113,IRISH WHISKEY,52.4,NULL,NULL,0.9854056892135178,0.8668082681188726,Yes
Duke Bourbon,41.19,25.360113,STRAIGHT BOURBON WHISKEY,NULL,NULL,NULL,1.6242040559106372,NULL,No
Jack Daniel's 150th Super Premium,99.99,33.813484,TENNESSEE WHISKEY,NULL,NULL,NULL,2.9571042515559,NULL,No
Bird Dog Chocolate Whiskey,1.19,1.6906742,FLAVORED WHISKEY,NULL,NULL,NULL,0.7038612567983014,NULL,No
Old Forester Mint Julep,21.99,33.813484,FLAVORED WHISKEY,NULL,NULL,NULL,0.6503322652679907,NULL,No
Canadian Club Whisky,7.99,12.680057,CANADIAN WHISKY,74.5,NULL,NULL,0.63012335361236,NULL,No
Jim Beam's Choice Bourbon,19.99,25.360113,STRAIGHT BOURBON WHISKEY,78.0,NULL,-1.0,0.7882456855643007,0.7097760131371812,Yes
Virginia Gentleman,16.99,33.813484,STRAIGHT BOURBON WHISKEY,71.0,NULL,NULL,0.502462262531078,NULL,No
Gentleman Jack Whiskey,32.99,25.360113,TENNESSEE WHISKEY,63.27272727272727,7.909999847412109,559.0,1.3008617702628376,1.0149424699287448,Yes
Jack Daniel's No. 7 Black Tennessee Whiskey,52.99,59.1736,TENNESSEE WHISKEY,NULL,NULL,NULL,0.8955007360751067,NULL,No
JP Wiser's Rye,19.99,25.360113,STRAIGHT RYE WHISKEY,NULL,NULL,NULL,0.7882456855643007,NULL,No
Pennington's Strawberry Rye Whiskey,22.99,25.360113,FLAVORED WHISKEY,NULL,NULL,NULL,0.9065416877538309,NULL,No
Canadian Macnaughton Whisky,19.99,59.1736,CANADIAN WHISKY,NULL,NULL,NULL,0.3378195686385847,NULL,No
Bourbon Supreme Bourbon,20.99,59.1736,STRAIGHT BOURBON WHISKEY,NULL,NULL,NULL,0.3547189969780823,NULL,No
Jim Beam Black Bourbon,52.99,59.1736,STRAIGHT BOURBON WHISKEY,76.5,8.210000038146973,NULL,0.8955007360751067,NULL,No
Balcones 1 Texas Single Malt,79.99,25.360113,WHISKEY,NULL,NULL,NULL,3.154165654144332,NULL,No
Jim Beam Honey Bourbon,32.99,59.1736,FLAVORED WHISKEY,10.0,NULL,NULL,0.5575121692851549,NULL,No
Lagavulin 8yr,64.99,25.360113,SCOTCH WHISKY,85.6875,8.850000381469727,-1.0,2.562685643196681,2.3692458101882194,Yes
Eagle Rare 10 Year Bourbon,18.99,12.680057,STRAIGHT BOURBON WHISKEY,83.72131147540983,8.550000190734863,666.0,1.4976273696689149,NULL,No
George Dickel No. 12 Tennessee Whiskey,45.99,59.1736,TENNESSEE WHISKEY,80.85714285714286,8.260000228881836,NULL,0.7772047376986236,NULL,No
Cinerator Hot Cinnamon Whiskey,1.09,1.6906742,FLAVORED WHISKEY,NULL,NULL,NULL,0.6447132407674496,NULL,No
Knob Creek 2001 Bourbon,126.29,25.360113,STRAIGHT BOURBON WHISKEY,NULL,NULL,NULL,4.979867408272997,NULL,No
Woodford Reserve Bourbon,69.99,59.1736,STRAIGHT BOURBON WHISKEY,NULL,8.399999618530273,NULL,1.1827909533803627,NULL,No
Tin Cup Whiskey,32.99,25.360113,WHISKEY,NULL,NULL,NULL,1.3008617702628376,NULL,No
Harwood Canadian Whisky,17.69,59.1736,CANADIAN WHISKY,NULL,NULL,NULL,0.2989508963509808,NULL,No
Balvenie Portwood 21 Year Scotch,229.99,25.360113,SCOTCH WHISKY,88.17948717948718,8.779999732971191,NULL,9.068966064463133,6.55056049551132,Yes
Clyde May's Straight Bourbon,36.99,25.360113,STRAIGHT BOURBON WHISKEY,NULL,NULL,NULL,1.4585897731822113,NULL,No
Lexington Bourbon,27.99,25.360113,STRAIGHT BOURBON WHISKEY,NULL,NULL,427.0,1.103701691403048,NULL,No
Knob Creek Rye Whiskey,33.99,25.360113,STRAIGHT RYE WHISKEY,80.72222222222223,NULL,626.0,1.340293770992681,1.5016540821943392,Yes
Paul Jones Whiskey,7.8,25.360113,BLENDED WHISKEY,NULL,NULL,NULL,0.30756961321383575,NULL,No
Yukon Jack,26.99,25.360113,FLAVORED WHISKEY,NULL,NULL,NULL,1.0642696906732045,NULL,No
Clan Macgregor Scotch (plastic),19.99,59.1736,SCOTCH WHISKY,NULL,NULL,NULL,0.3378195686385847,NULL,No
Johnnie Walker Blue Label 2015: Year Of The Ram,259.99,25.360113,SCOTCH WHISKY,NULL,NULL,NULL,10.251925484673853,NULL,No
Fireball Cinnamon Whisky (plastic),17.99,25.360113,FLAVORED WHISKEY,NULL,NULL,NULL,0.709381684104614,NULL,No
Balvenie Doublewood 12 Year Scotch,67.99,25.360113,SCOTCH WHISKY,81.58715596330275,8.40999984741211,NULL,2.680981645386211,1.9912939967916585,Yes
Evan Williams Black Bourbon,13.99,25.360113,STRAIGHT BOURBON WHISKEY,79.0,8.180000305175781,NULL,0.5516536811852404,0.5369070238627354,Yes
Jim Beam Bonded,24.99,25.360113,STRAIGHT BOURBON WHISKEY,81.88888888888889,8.59000015258789,NULL,0.9854056892135178,0.928940938115011,Yes
High West Whiskey Double Rye,40.99,25.360113,STRAIGHT RYE WHISKEY,87.0,8.699999809265137,545.0,1.6163177761015848,1.5328689005259701,Yes
Paul Jones Whiskey,7.99,25.360113,BLENDED WHISKEY,NULL,NULL,NULL,0.31506167680618,NULL,No
J.daniel Tin Honey & J. Daniel Tin Fire,24.99,25.360113,FLAVORED WHISKEY,NULL,NULL,NULL,0.9854056892135178,NULL,No
J & B Rare Scotch,31.99,33.813484,SCOTCH WHISKY,NULL,NULL,NULL,0.9460722707418162,NULL,No
Wild Turkey 81,46.99,59.1736,STRAIGHT BOURBON WHISKEY,76.15384615384616,8.170000076293945,NULL,0.7941041660381212,NULL,No
George Dickel No. 12 Tennessee Whiskey,25.99,25.360113,TENNESSEE WHISKEY,80.85714285714286,8.260000228881836,NULL,1.024837689943361,0.8902719110397312,Yes
Red Stag Hardcore Cider,1.69,1.6906742,FLAVORED WHISKEY,37.333333333333336,NULL,NULL,0.9996012664426472,NULL,No
Crown Royal Special Reserve,27.99,12.680057,CANADIAN WHISKY,69.0,NULL,NULL,2.207403382806096,NULL,No
Bruichladdich Islay Barley Scotch,67.99,25.360113,SCOTCH WHISKY,NULL,NULL,NULL,2.680981645386211,NULL,No
Chivas Regal 12 Year Scotch,21.99,12.680057,SCOTCH WHISKY,69.52083333333333,7.789999961853027,NULL,1.7342193740479752,NULL,No
Elmer T Lee Bourbon,35.99,25.360113,STRAIGHT BOURBON WHISKEY,93.0,NULL,454.0,1.4191577724523678,1.380120025544519,Yes
Chicken Cock Cherry Bounce Whiskey,18.99,25.360113,FLAVORED WHISKEY,NULL,NULL,NULL,0.7488136848344574,NULL,No
Maker's Mark Bourbon,61.99,59.1736,STRAIGHT BOURBON WHISKEY,79.97368421052632,8.229999542236328,NULL,1.047595591130585,NULL,No
Virginia Gentleman,13.99,25.360113,STRAIGHT BOURBON WHISKEY,71.0,NULL,NULL,0.5516536811852404,0.4929000091230425,Yes
Kopper Kettle Whiskey,33.99,25.360113,WHISKEY,82.5,NULL,NULL,1.340293770992681,0.985800018246085,Yes
Crown Royal Whiskey,28.99,25.360113,CANADIAN WHISKY,66.42857142857143,7.570000171661377,NULL,1.1431336921328914,0.8852851041023382,Yes
Benrinnes 21 Year Scotch,459.99,25.360113,SCOTCH WHISKY,NULL,NULL,NULL,18.138325630642534,NULL,No
Buchanan's Deluxe 12 Year Scotch,41.99,25.360113,SCOTCH WHISKY,NULL,NULL,NULL,1.6557497768314282,NULL,No
Gentleman Jack Whiskey,39.99,33.813484,TENNESSEE WHISKEY,63.27272727272727,7.909999847412109,559.0,1.1826643315288061,NULL,No
George Dickel Rye Whiskey,28.99,25.360113,STRAIGHT RYE WHISKEY,78.33333333333333,8.529999732971191,685.0,1.1431336921328914,0.9915743550900221,Yes
Coldcock American Herbal Whiskey,22.99,25.360113,FLAVORED WHISKEY,NULL,NULL,NULL,0.9065416877538309,NULL,No
Canadian Club Whisky,19.99,33.813484,CANADIAN WHISKY,74.5,NULL,NULL,0.5911842641732256,NULL,No
Ardbeg Perpetuum Scotch,99.99,25.360113,SCOTCH WHISKY,82.7,8.899999618530273,NULL,3.9428056687412,3.8117600705515287,Yes
Ancient Ancient Age Bourbon,28.99,59.1736,STRAIGHT BOURBON WHISKEY,NULL,NULL,NULL,0.489914423694063,NULL,No
David Nicholson 1843,29.99,25.360113,STRAIGHT BOURBON WHISKEY,85.0,NULL,NULL,1.1825656928627348,0.4731840087581208,Yes
Filibuster Bourbon,46.29,25.360113,STRAIGHT BOURBON WHISKEY,85.0,NULL,NULL,1.8253073498855257,2.7208080503591945,Yes
Defiant Whisky,38.99,25.360113,WHISKEY,60.0,NULL,313.0,1.537453774641898,1.97160003649217,Yes
Ezra Brooks Bourbon,12.99,25.360113,STRAIGHT BOURBON WHISKEY,NULL,NULL,NULL,0.512221680455397,NULL,No
Canadian Club Whisky,29.99,59.1736,CANADIAN WHISKY,74.5,NULL,NULL,0.5068138520335606,NULL,No
Seagram's VO Gold,19.99,25.360113,CANADIAN WHISKY,78.0,NULL,NULL,0.7882456855643007,1.0252320189759283,Yes
Oban Little Bay,64.99,25.360113,SCOTCH WHISKY,79.8,8.390000343322754,651.0,2.562685643196681,2.9278260541908723,Yes
Jim Beam Bourbon,32.99,59.1736,STRAIGHT BOURBON WHISKEY,NULL,NULL,NULL,0.5575121692851549,NULL,No
E H Taylor Jr. Straight Rye Whiskey,59.99,25.360113,STRAIGHT RYE WHISKEY,NULL,NULL,NULL,2.3655257899686095,NULL,No
Old Overholt,22.99,25.360113,STRAIGHT RYE WHISKEY,69.6,NULL,NULL,0.9065416877538309,0.686116812699275,Yes
Smooth Ambler Old Scout Bourbon,42.79,25.360113,STRAIGHT BOURBON WHISKEY,NULL,NULL,NULL,1.687295347331074,NULL,No
George Dickel No. 8 Tennessee Whiskey,25.99,33.813484,TENNESSEE WHISKEY,70.75,NULL,NULL,0.7686282674575209,NULL,No
The Famous Grouse,32.99,33.813484,SCOTCH WHISKY,71.88888888888889,7.630000114440918,NULL,0.9756463276971282,NULL,No
Evan Williams Black Bourbon,6.99,12.680057,STRAIGHT BOURBON WHISKEY,79.0,8.180000305175781,NULL,0.5512593521526733,NULL,No
I W Harper Bourbon,34.99,25.360113,STRAIGHT BOURBON WHISKEY,72.5,NULL,NULL,1.3797257717225244,1.0843800200706935,Yes
Jack Daniel's Honey Tennessee Whiskey,24.99,25.360113,FLAVORED WHISKEY,70.5,NULL,NULL,0.9854056892135178,0.9646793852257705,Yes
Cutty Sark Prohibition,29.99,25.360113,SCOTCH WHISKY,NULL,8.520000457763672,NULL,1.1825656928627348,NULL,No
Scoresby Rare,19.99,59.1736,SCOTCH WHISKY,NULL,NULL,NULL,0.3378195686385847,NULL,No
Hudson Baby Bourbon,45.99,12.680057,STRAIGHT BOURBON WHISKEY,59.75,NULL,501.0,3.6269555595016034,NULL,No
Knob Creek,3.99,1.6906742,STRAIGHT BOURBON WHISKEY,81.5,NULL,NULL,2.3600052826026734,NULL,No
Old Forester Birthday Bourbon 2016,79.99,25.360113,STRAIGHT BOURBON WHISKEY,88.5,NULL,NULL,3.154165654144332,3.5488800656859056,Yes
Glenmorangie Bacalta 46%,97.09,25.360113,SCOTCH WHISKY,NULL,NULL,NULL,3.828452806456196,NULL,No
Lagavulin 25 YR,NULL,25.360113,SCOTCH WHISKY,NULL,NULL,NULL,NULL,NULL,No
Evan Williams Green Bourbon,10.99,25.360113,STRAIGHT BOURBON WHISKEY,79.0,NULL,-1.0,0.4333576789957102,0.3548880065685906,Yes
John J Bowman Virginia Straight Bourbon,49.99,25.360113,STRAIGHT BOURBON WHISKEY,NULL,NULL,NULL,1.9712057826701754,NULL,No
Crown Royal Vanilla,17.99,12.680057,FLAVORED WHISKEY,NULL,NULL,NULL,1.418763368209228,NULL,No
Southern Comfort Whiskey,0.99,1.6906742,FLAVORED WHISKEY,25.0,NULL,NULL,0.5855652247365979,NULL,No
Chivas Regal 18 Year Scotch,79.99,25.360113,SCOTCH WHISKY,76.0,8.229999542236328,617.0,3.154165654144332,2.643952321611239,Yes
Glenmorangie Nectar D'or Scotch,73.99,25.360113,SCOTCH WHISKY,74.66666666666667,8.760000228881836,NULL,2.917573649765272,2.9232710010670124,Yes
Colonel's Pride Bourbon,16.99,59.1736,STRAIGHT BOURBON WHISKEY,NULL,NULL,NULL,0.28712128362009187,NULL,No
Wild Turkey Rare Breed,44.99,25.360113,STRAIGHT BOURBON WHISKEY,87.1891891891892,8.720000267028809,653.0,1.7740457790209585,1.5985055638696286,Yes
(ri)1 Rye Whiskey,39.99,25.360113,STRAIGHT RYE WHISKEY,NULL,NULL,NULL,1.5768857753717413,NULL,No
Rebel Yell Small Batch Rye,29.99,25.360113,STRAIGHT RYE WHISKEY,NULL,NULL,NULL,1.1825656928627348,NULL,No
Early Times Fire Eater Cinnamon Whiskey,1.19,1.6906742,FLAVORED WHISKEY,NULL,NULL,384.0,0.7038612567983014,NULL,No
Jim Beam Apple,29.99,59.1736,FLAVORED WHISKEY,NULL,NULL,-1.0,0.5068138520335606,NULL,No
West Cork Black Reserve Irish Whiskey,39.99,25.360113,IRISH WHISKEY,NULL,NULL,NULL,1.5768857753717413,NULL,No
Ancient Age Bourbon,26.99,59.1736,STRAIGHT BOURBON WHISKEY,76.33333333333333,NULL,NULL,0.45611556701506784,NULL,No
Bird Dog Small Batch Bourbon,29.99,25.360113,STRAIGHT BOURBON WHISKEY,NULL,NULL,NULL,1.1825656928627348,NULL,No
Old Forester 1897 Craft Bourbon,49.99,25.360113,STRAIGHT BOURBON WHISKEY,71.0,NULL,NULL,1.9712057826701754,NULL,No
War Horn Whisky (distillery Only),24.99,12.680057,CORN WHISKEY,NULL,NULL,NULL,1.9708113784270356,NULL,No
Rebel Yell Root Beer Whiskey,15.99,25.360113,FLAVORED WHISKEY,NULL,NULL,NULL,0.6305176826449272,NULL,No
Laphroaig Lore,124.99,25.360113,SCOTCH WHISKY,85.375,8.859999656677246,NULL,4.928605686987285,5.914800109476509,Yes
Canadian Club Whisky,15.49,25.360113,CANADIAN WHISKY,74.5,NULL,NULL,0.6108016822800055,NULL,No
Basil Hayden's Bourbon,41.99,25.360113,STRAIGHT BOURBON WHISKEY,80.14285714285714,8.369999885559082,NULL,1.6557497768314282,1.3771621692123064,Yes
Old Ripy,59.99,12.680057,STRAIGHT BOURBON WHISKEY,79.0,NULL,NULL,4.731051579937219,NULL,No
Rebel Yell Ginger,0.99,1.6906742,FLAVORED WHISKEY,NULL,NULL,NULL,0.5855652247365979,NULL,No
Serpent's Bite Apple Cider Flavored Whisky,15.99,25.360113,FLAVORED WHISKEY,NULL,NULL,NULL,0.6305176826449272,NULL,No
Cooper's Croze,69.99,25.360113,IRISH WHISKEY,NULL,8.609999656677246,NULL,2.759845646845898,NULL,No
Highland Park 12 Year Scotch,52.99,25.360113,SCOTCH WHISKY,84.39873417721519,NULL,NULL,2.0895017848597055,1.8654876142291965,Yes
Four Roses Limited Edition Small Batch Barrel,93.59,25.360113,STRAIGHT BOURBON WHISKEY,NULL,NULL,NULL,3.690440803901744,NULL,No
Henry Mckenna Bourbon,6.69,12.680057,STRAIGHT BOURBON WHISKEY,NULL,NULL,NULL,0.527600174277939,NULL,No
Maker's Mark Bourbon,29.99,25.360113,STRAIGHT BOURBON WHISKEY,79.97368421052632,8.229999542236328,NULL,1.1825656928627348,1.0358100815997824,Yes
Evan Williams Honey Whiskey,22.99,59.1736,FLAVORED WHISKEY,NULL,NULL,NULL,0.38851785365707747,NULL,No
Revel Stoke Pumpkin Spiced Flavored Whisky,16.99,25.360113,FLAVORED WHISKEY,NULL,NULL,NULL,0.6699496833747706,NULL,No
Southern Comfort Whiskey 100 Proof,34.99,59.1736,FLAVORED WHISKEY,NULL,NULL,NULL,0.5913110259641501,NULL,No
Wild Turkey American Honey,14.99,12.680057,FLAVORED WHISKEY,NULL,NULL,NULL,1.1821713638301676,NULL,No
Inver House Scotch,11.99,33.813484,SCOTCH WHISKY,NULL,NULL,NULL,0.3545922597941652,NULL,No
Old Crow,19.99,59.1736,STRAIGHT BOURBON WHISKEY,71.4,NULL,NULL,0.3378195686385847,NULL,No
Crown Royal Black Whiskey,62.99,59.1736,CANADIAN WHISKY,76.4,8.199999809265137,579.0,1.0644950194700826,NULL,No
Old Pulteney,45.99,25.360113,SCOTCH WHISKY,NULL,NULL,NULL,1.8134777797508017,NULL,No
Elijah Craig Small Batch Barrel Proof,49.99,25.360113,STRAIGHT BOURBON WHISKEY,NULL,NULL,NULL,1.9712057826701754,NULL,No
Henry Mckenna Bourbon,14.99,33.813484,STRAIGHT BOURBON WHISKEY,NULL,NULL,NULL,0.44331426143631286,NULL,No
Hudson Baby Bourbon,59.99,25.360113,STRAIGHT BOURBON WHISKEY,59.75,NULL,501.0,2.3655257899686095,2.6419440488995076,Yes
Knob Creek Bourbon,67.99,59.1736,STRAIGHT BOURBON WHISKEY,81.5,NULL,NULL,1.1489920967013676,NULL,No
Larceny Bourbon,49.99,59.1736,STRAIGHT BOURBON WHISKEY,NULL,NULL,NULL,0.844802451056614,NULL,No
Wild Turkey Spiced,1.89,1.6906742,FLAVORED WHISKEY,79.5,NULL,378.0,1.117897227994438,NULL,No
Distiller's Pride,17.49,59.1736,STRAIGHT BOURBON WHISKEY,NULL,NULL,NULL,0.2955709977898407,NULL,No
Passport,29.99,59.1736,SCOTCH WHISKY,42.0,NULL,NULL,0.5068138520335606,NULL,No
Southern Comfort Whiskey,16.99,25.360113,FLAVORED WHISKEY,25.0,NULL,NULL,0.6699496833747706,NULL,No
Tullamore Dew Phoenix,59.99,25.360113,IRISH WHISKEY,80.0,NULL,562.0,2.3655257899686095,2.168760040141387,Yes
The Famous Grouse Smoky Black,54.99,59.1736,SCOTCH WHISKY,77.0,NULL,NULL,0.9292995927541019,NULL,No
Four Roses 2016 Limited Edition Small Batch,97.39,25.360113,STRAIGHT BOURBON WHISKEY,92.0,NULL,NULL,3.8402825270120653,5.520480102178076,Yes
Medley Bros. Straight Bourbon Whiskey,24.99,25.360113,STRAIGHT BOURBON WHISKEY,NULL,NULL,NULL,0.9854056892135178,NULL,No
Filibuster Dual Cask Rye Whiskey,46.29,25.360113,STRAIGHT RYE WHISKEY,NULL,NULL,407.0,1.8253073498855257,NULL,No
Rabble Rouser Straight Rye (distillery Only),135.99,25.360113,STRAIGHT RYE WHISKEY,NULL,NULL,NULL,5.362357995857853,NULL,No
Canadian Limited Whisky,9.99,33.813484,CANADIAN WHISKY,NULL,NULL,NULL,0.2954442586994001,NULL,No
Cinerator Hot Cinnamon Whiskey,15.99,25.360113,FLAVORED WHISKEY,NULL,NULL,NULL,0.6305176826449272,NULL,No
Canadian Mist Whisky,14.99,33.813484,CANADIAN WHISKY,74.33333333333333,7.630000114440918,NULL,0.44331426143631286,NULL,No
House Of Stuart Scotch,10.99,33.813484,SCOTCH WHISKY,36.0,NULL,NULL,0.3250182592467827,NULL,No
Fighting Cock Bourbon,18.99,25.360113,STRAIGHT BOURBON WHISKEY,82.0,NULL,NULL,0.7488136848344574,0.7229200133804622,Yes
Henry Mckenna Bourbon,11.99,25.360113,STRAIGHT BOURBON WHISKEY,NULL,NULL,NULL,0.47278967972555364,NULL,No
Jim Beam Double Oak,24.99,25.360113,STRAIGHT BOURBON WHISKEY,85.0,8.170000076293945,-1.0,0.9854056892135178,0.9463680175162416,Yes
Mattingly & Moore,8.99,33.813484,STRAIGHT BOURBON WHISKEY,NULL,NULL,NULL,0.2658702581520176,NULL,No
Johnnie Walker Black Scotch,54.99,33.813484,SCOTCH WHISKY,77.36904761904762,8.270000457763672,528.0,1.6262743397395443,NULL,No
Ancient Age Bourbon,14.99,33.813484,STRAIGHT BOURBON WHISKEY,76.33333333333333,NULL,NULL,0.44331426143631286,NULL,No
Bird Dog 100ml Variety Pack #2,13.99,3.3813484,STRAIGHT BOURBON WHISKEY,NULL,NULL,NULL,4.137402667234882,NULL,No
Wild Turkey 101,25.99,25.360113,STRAIGHT BOURBON WHISKEY,84.83582089552239,8.460000038146973,-1.0,1.024837689943361,1.277925330229679,Yes
Woodford Reserve Master Collection Straight,99.99,25.360113,STRAIGHT BOURBON WHISKEY,NULL,NULL,NULL,3.9428056687412,NULL,No
Seagram's 7 Crown Whiskey,8.49,12.680057,BLENDED WHISKEY,58.0,NULL,NULL,0.6695553543422035,NULL,No
Early Times Whiskey,1.39,1.6906742,WHISKEY,46.333333333333336,NULL,NULL,0.822157218350092,NULL,No
Black Velvet Portable,19.99,59.1736,CANADIAN WHISKY,NULL,NULL,NULL,0.3378195686385847,NULL,No
Virginia Sweetwater Shiners Gold Moonshine 101 Pro,34.89,25.360113,CORN WHISKEY,NULL,NULL,NULL,1.3757824813968529,NULL,No
Evan Williams Black Carry Pack,13.99,25.360113,STRAIGHT BOURBON WHISKEY,NULL,NULL,NULL,0.5516536811852404,NULL,No
Jack Daniel's 4 Year Single Barrel Rye Whiskey,54.99,25.360113,STRAIGHT RYE WHISKEY,NULL,NULL,NULL,2.1683657863193924,NULL,No
Bird Dog Jalapeno Honey Whiskey,18.99,25.360113,FLAVORED WHISKEY,NULL,NULL,NULL,0.7488136848344574,NULL,No
Ardbeg Dark Cove Committee Release,109.99,25.360113,SCOTCH WHISKY,86.33333333333333,NULL,NULL,4.3371256760396335,4.593828085026756,Yes
Mortlach Rare,129.99,25.360113,SCOTCH WHISKY,NULL,8.420000076293945,NULL,5.125765991478793,NULL,No
Clyde May's Whiskey,32.99,25.360113,WHISKEY,NULL,NULL,NULL,1.3008617702628376,NULL,No
Bunnahabhain 12 Year Single Malt Scotch,69.99,25.360113,SCOTCH WHISKY,85.66666666666667,8.579999923706055,574.0,2.759845646845898,2.182076727441,Yes
Johnnie Walker Black Scotch,13.49,6.7626967,SCOTCH WHISKY,77.36904761904762,8.270000457763672,528.0,1.9947663312063548,NULL,No
The Macallan 25yr,NULL,25.360113,SCOTCH WHISKY,NULL,NULL,NULL,NULL,NULL,No
White Label Corn Whiskey,32.49,25.360113,CORN WHISKEY,NULL,NULL,NULL,1.2811457698979158,NULL,No
Johnnie Walker Red Scotch,27.49,25.360113,SCOTCH WHISKY,47.666666666666664,7.389999866485596,NULL,1.0839856910381263,0.9097163224452455,Yes
Kavalan Classic Single Malt,94.99,25.360113,SCOTCH WHISKY,NULL,NULL,591.0,3.745645665091983,NULL,No
Singleton Of Glendullan,40.69,25.360113,SCOTCH WHISKY,80.0,NULL,NULL,1.6044880555457155,1.6662643653133953,Yes
Bond & Lillard,59.99,12.680057,STRAIGHT BOURBON WHISKEY,NULL,NULL,NULL,4.731051579937219,NULL,No
George Dickel No. 8 Tennessee Whiskey,22.99,25.360113,TENNESSEE WHISKEY,70.75,NULL,NULL,0.9065416877538309,0.8083560149617897,Yes
Carstairs White Seal Whiskey,11.99,59.1736,BLENDED WHISKEY,NULL,NULL,NULL,0.20262414192260395,NULL,No
Bird Dog Maple Whiskey,1.19,1.6906742,FLAVORED WHISKEY,NULL,NULL,-1.0,0.7038612567983014,NULL,No
Crown Royal Hand Selected Barrel,54.99,25.360113,CANADIAN WHISKY,83.0,8.819999694824219,689.0,2.1683657863193924,2.0701800383167783,Yes
Glenfiddich Single Malt,49.99,25.360113,SCOTCH WHISKY,NULL,NULL,NULL,1.9712057826701754,NULL,No
Blood Oath: Pact 2,109.99,25.360113,STRAIGHT BOURBON WHISKEY,NULL,NULL,NULL,4.3371256760396335,NULL,No
Old Forester,37.99,59.1736,STRAIGHT BOURBON WHISKEY,78.25,8.109999656677246,NULL,0.6420093109826429,NULL,No
Wild Turkey Rye 81,25.99,25.360113,STRAIGHT RYE WHISKEY,NULL,8.020000457763672,568.0,1.024837689943361,NULL,No
Dr. Stoner's Smoky Herb Whiskey,32.99,25.360113,WHISKEY,NULL,NULL,NULL,1.3008617702628376,NULL,No
Seagram's Orchard Apple,15.99,25.360113,FLAVORED WHISKEY,NULL,NULL,NULL,0.6305176826449272,NULL,No
Aberlour 16 Year Single Malt Scotch,84.99,25.360113,SCOTCH WHISKY,85.29629629629629,NULL,496.0,3.351325657793549,2.534028889901892,Yes
Knob Creek Bourbon,33.99,25.360113,STRAIGHT BOURBON WHISKEY,81.5,NULL,NULL,1.340293770992681,1.0646640197057717,Yes
Cutty Sark Scotch,35.99,59.1736,SCOTCH WHISKY,62.375,7.519999980926514,NULL,0.6082104543036477,NULL,No
Dewar's White Label Scotch,35.99,33.813484,SCOTCH WHISKY,59.2962962962963,7.489999771118164,NULL,1.0643683293392758,NULL,No
Kentucky Gentleman Whiskey (bourbon & Blend),5.99,12.680057,BLENDED WHISKEY,NULL,NULL,NULL,0.47239535069298644,NULL,No
Jim Beam Bourbon,1.49,1.6906742,STRAIGHT BOURBON WHISKEY,NULL,NULL,NULL,0.8813052343809438,NULL,No
Stranahan Colorado Whiskey,59.99,25.360113,STRAIGHT BOURBON WHISKEY,82.5,8.539999961853027,NULL,2.3655257899686095,2.15417834324238,Yes
Cabin Fever Maple Whiskey,1.49,1.6906742,FLAVORED WHISKEY,NULL,NULL,NULL,0.8813052343809438,NULL,No
Seagram's VO,21.99,33.813484,CANADIAN WHISKY,NULL,7.789999961853027,NULL,0.6503322652679907,NULL,No
Red Bush,20.99,25.360113,IRISH WHISKEY,NULL,NULL,NULL,0.8276776862941442,NULL,No
Dewar's White Label Scotch,44.99,59.1736,SCOTCH WHISKY,59.2962962962963,7.489999771118164,NULL,0.760305309359126,NULL,No
Jefferson's Ocean Aged At Sea Cask Strength,99.99,25.360113,STRAIGHT BOURBON WHISKEY,NULL,NULL,NULL,3.9428056687412,NULL,No
Jack Daniel's Sinatra Select,149.99,33.813484,TENNESSEE WHISKEY,NULL,NULL,NULL,4.435804504556746,NULL,No
Bushmills 21 Year Single Malt Irish Whiskey,129.99,25.360113,IRISH WHISKEY,85.75,8.930000305175781,559.0,5.125765991478793,4.238940078458165,Yes
Highland Park 25yr Single Malt,799.99,25.360113,SCOTCH WHISKY,90.45,9.170000076293945,622.0,31.545205878789286,12.846954321535577,Yes
Oban 18 Yr,154.99,25.360113,SCOTCH WHISKY,88.4,8.729999542236328,NULL,6.111566009724878,3.8117600705515287,Yes
Michter's Us1 Small Batch Bourbon,41.99,25.360113,STRAIGHT BOURBON WHISKEY,83.66666666666667,8.5,NULL,1.6557497768314282,1.8730200346675614,Yes
Bernheim Original Wheat Whiskey,26.99,25.360113,WHISKEY,NULL,NULL,NULL,1.0642696906732045,NULL,No
Irishman Founders Reserve,29.99,25.360113,IRISH WHISKEY,NULL,8.319999694824219,NULL,1.1825656928627348,NULL,No
Kinahan's 10 Yr Single Malt Irish Whiskey,68.99,25.360113,IRISH WHISKEY,NULL,NULL,NULL,2.7204136461160546,NULL,No
Dalwhinnie Distiller's Edition,84.99,25.360113,SCOTCH WHISKY,78.85714285714286,8.579999923706055,NULL,3.351325657793549,2.9574000547382546,Yes
House Of Stuart Scotch,17.99,59.1736,SCOTCH WHISKY,36.0,NULL,NULL,0.30402071195958946,NULL,No
Old Potrero 18th Century Style Whiskey,72.89,25.360113,STRAIGHT RYE WHISKEY,NULL,NULL,NULL,2.874198509130902,NULL,No
Chivas Regal,12.9,6.7626967,SCOTCH WHISKY,NULL,NULL,NULL,1.9075230057981007,NULL,No
Haig & Haig Pinch,42.99,25.360113,SCOTCH WHISKY,NULL,NULL,NULL,1.6951817775612716,NULL,No
Woodford Reserve Master Collection Brandy Finish,99.99,25.360113,STRAIGHT BOURBON WHISKEY,NULL,NULL,NULL,3.9428056687412,NULL,No
Crown Royal Regal Apple Whiskey,17.99,12.680057,FLAVORED WHISKEY,NULL,NULL,NULL,1.418763368209228,NULL,No
Kentucky Supreme No. 8 Bourbon,18.49,59.1736,STRAIGHT BOURBON WHISKEY,NULL,NULL,NULL,0.3124704261293383,NULL,No
Fireball Cinnamon Whisky,8.99,12.680057,FLAVORED WHISKEY,NULL,NULL,NULL,0.7089873550720468,NULL,No
Knappogue Castle 12 Yr,39.99,25.360113,IRISH WHISKEY,77.83333333333333,8.5,NULL,1.5768857753717413,1.9972393207191665,Yes
Mcclelland's Highland Scotch,26.99,25.360113,SCOTCH WHISKY,63.0,7.090000152587891,NULL,1.0642696906732045,1.0117401447638061,Yes
Rebel Yell,15.99,25.360113,STRAIGHT BOURBON WHISKEY,70.0,7.590000152587891,612.0,0.6305176826449272,0.48304200894058164,Yes
Jim Beam Kentucky Fire Bourbon,1.49,1.6906742,FLAVORED WHISKEY,NULL,NULL,NULL,0.8813052343809438,NULL,No
Pennington's Vanilla Rye,22.99,25.360113,FLAVORED WHISKEY,NULL,NULL,NULL,0.9065416877538309,NULL,No
Yukon Jack Jacapple,17.99,25.360113,FLAVORED WHISKEY,NULL,NULL,NULL,0.709381684104614,NULL,No
Pendleton Canadian,25.49,25.360113,CANADIAN WHISKY,NULL,NULL,NULL,1.0051216895784394,NULL,No
Pogues Irish Whiskey,39.99,25.360113,IRISH WHISKEY,NULL,NULL,NULL,1.5768857753717413,NULL,No
Dewar's Special Reserve,35.99,25.360113,SCOTCH WHISKY,NULL,NULL,NULL,1.4191577724523678,NULL,No
Ancient Age Traveler,12.99,25.360113,STRAIGHT BOURBON WHISKEY,NULL,NULL,NULL,0.512221680455397,NULL,No
Jefferson's Reserve Pritchard Hill Bourbon,79.99,25.360113,STRAIGHT BOURBON WHISKEY,NULL,NULL,NULL,3.154165654144332,NULL,No
The Gifted Horse,49.99,25.360113,STRAIGHT BOURBON WHISKEY,NULL,NULL,NULL,1.9712057826701754,NULL,No
Wild Turkey 101,33.49,33.813484,STRAIGHT BOURBON WHISKEY,84.83582089552239,8.460000038146973,-1.0,0.9904333279708195,NULL,No
Bird Dog Maple Flavored Whiskey,18.99,25.360113,FLAVORED WHISKEY,NULL,NULL,NULL,0.7488136848344574,NULL,No
Red Stag,32.99,59.1736,FLAVORED WHISKEY,52.0,NULL,NULL,0.5575121692851549,NULL,No
Bowmore 12 Year Single Malt Scotch,51.99,25.360113,SCOTCH WHISKY,76.14545454545454,8.390000343322754,NULL,2.050069784129862,1.7336361411270238,Yes
Mcclelland's Islay Scotch,27.99,25.360113,SCOTCH WHISKY,63.166666666666664,7.929999828338623,NULL,1.103701691403048,1.087277185052208,Yes
Pappy Van Winkle Family Reserve 15yr,99.99,25.360113,STRAIGHT BOURBON WHISKEY,92.04761904761905,9.239999771118164,NULL,3.9428056687412,5.810586964690495,Yes
Seagram's 7 Crown Dark Honey,15.99,25.360113,FLAVORED WHISKEY,NULL,NULL,NULL,0.6305176826449272,NULL,No
Elijah Craig 23 Year Single Barrel Bourbon,200.69,25.360113,STRAIGHT BOURBON WHISKEY,NULL,NULL,NULL,7.913608322741805,NULL,No
Joseph Magnus Bourbon,91.99,25.360113,STRAIGHT BOURBON WHISKEY,NULL,NULL,NULL,3.6273496629024526,NULL,No
Paul Jones Whiskey,9.69,33.813484,BLENDED WHISKEY,NULL,NULL,NULL,0.2865720528943924,NULL,No
Wild Turkey Forgiven Whiskey,54.99,25.360113,BLENDED WHISKEY,79.14285714285714,NULL,NULL,2.1683657863193924,1.9152686068781077,Yes
Bare Knuckle American Wheat Whiskey,35.99,25.360113,WHISKEY,NULL,NULL,NULL,1.4191577724523678,NULL,No
Glenfiddich Solera Reserve Single Malt,69.99,25.360113,SCOTCH WHISKY,NULL,NULL,NULL,2.759845646845898,NULL,No
Macallan 30yr Fine Oak,NULL,25.360113,SCOTCH WHISKY,NULL,8.569999694824219,NULL,NULL,NULL,No
Early Times PET,21.99,59.1736,WHISKEY,NULL,NULL,NULL,0.3716184253175799,NULL,No
Bird Dog Jalapeno Honey Flavored Whiskey,1.19,1.6906742,FLAVORED WHISKEY,NULL,NULL,NULL,0.7038612567983014,NULL,No
Pendleton Limited Edition-wnp15,25.49,25.360113,CANADIAN WHISKY,NULL,NULL,NULL,1.0051216895784394,NULL,No
Aberlour 12 Year Single Malt Scotch,59.99,25.360113,SCOTCH WHISKY,NULL,NULL,587.0,2.3655257899686095,NULL,No
Wild Turkey 101,13.99,12.680057,STRAIGHT BOURBON WHISKEY,84.83582089552239,8.460000038146973,-1.0,1.1033073623704808,NULL,No
George Dickel No. 12 Tennessee Whiskey,13.49,12.680057,TENNESSEE WHISKEY,80.85714285714286,8.260000228881836,NULL,1.0638753616406373,NULL,No
Evan Williams Peach Bourbon,14.49,25.360113,FLAVORED WHISKEY,NULL,NULL,NULL,0.5713696815501621,NULL,No
Johnnie Walker Blue Label 2017:year Of The Rooster,259.99,25.360113,SCOTCH WHISKY,NULL,NULL,NULL,10.251925484673853,NULL,No
Johnnie Walker Red Scotch,36.49,33.813484,SCOTCH WHISKY,47.666666666666664,7.389999866485596,NULL,1.0791553296129672,NULL,No
Wild Turkey Rare Breed,23.99,12.680057,STRAIGHT BOURBON WHISKEY,87.1891891891892,8.720000267028809,653.0,1.8919473769673487,NULL,No
War Horn Whisky,34.89,25.360113,CORN WHISKEY,NULL,NULL,NULL,1.3757824813968529,NULL,No
Dewar's White Label Scotch,26.99,25.360113,SCOTCH WHISKY,59.2962962962963,7.489999771118164,NULL,1.0642696906732045,0.8254448348123868,Yes
West Cork 10 Yr Irish Whiskey,39.99,25.360113,IRISH WHISKEY,73.0,NULL,408.0,1.5768857753717413,NULL,No
Brora 38yr,NULL,25.360113,SCOTCH WHISKY,85.0,NULL,NULL,NULL,NULL,No
Caol Ila 12 Year Scotch,65.99,25.360113,SCOTCH WHISKY,84.87755102040816,8.720000267028809,614.0,2.6021176439265243,2.300453626705251,Yes
Talisker Single Malt,76.99,25.360113,SCOTCH WHISKY,NULL,NULL,NULL,3.0358696519548016,NULL,No
Henry Mckenna Single Barrel Bourbon,29.99,25.360113,STRAIGHT BOURBON WHISKEY,NULL,NULL,NULL,1.1825656928627348,NULL,No
Jim Beam Signature Craft Quarter Cask Bourbon,36.99,25.360113,STRAIGHT BOURBON WHISKEY,NULL,NULL,NULL,1.4585897731822113,NULL,No
Balvenie 12 Year Single Barrel Scotch,89.99,25.360113,SCOTCH WHISKY,NULL,8.619999885559082,NULL,3.548485661442766,NULL,No
Laphroaig Cairdeas Madeira,74.99,25.360113,SCOTCH WHISKY,NULL,8.850000381469727,NULL,2.9570056504951148,NULL,No
1792 Bourbon Full Proof,47.99,25.360113,STRAIGHT BOURBON WHISKEY,84.0,8.949999809265137,NULL,1.8923417812104886,1.8730200346675614,Yes
Breckenridge Port Cask Finish Whiskey,59.99,25.360113,STRAIGHT BOURBON WHISKEY,NULL,NULL,NULL,2.3655257899686095,NULL,No
Woodford Reserve Derby,45.99,33.813484,STRAIGHT BOURBON WHISKEY,NULL,NULL,NULL,1.3601083348131013,NULL,No
Grant's Scotch,34.99,59.1736,SCOTCH WHISKY,NULL,NULL,NULL,0.5913110259641501,NULL,No
Lagavulin Single Malt,105.99,25.360113,SCOTCH WHISKY,NULL,NULL,NULL,4.179397673120261,NULL,No
Evan Williams Black Bourbon,15.99,33.813484,STRAIGHT BOURBON WHISKEY,79.0,8.180000305175781,NULL,0.4728882619836954,NULL,No
Old Forester 1920 Craft Bourbon,59.99,25.360113,STRAIGHT BOURBON WHISKEY,86.3,NULL,NULL,2.3655257899686095,2.2363577556782612,Yes
Cragganmore Single Malt Scotch,64.99,25.360113,SCOTCH WHISKY,NULL,NULL,NULL,2.562685643196681,NULL,No
Glenfiddich 12 Year Scotch,59.99,33.813484,SCOTCH WHISKY,77.17073170731707,8.100000381469727,511.0,1.774144342476457,NULL,No
Johnnie Walker Black Scotch,3.49,1.6906742,SCOTCH WHISKY,77.36904761904762,8.270000457763672,528.0,2.0642652729583273,NULL,No
Johnnie Walker Blenders Batch,29.99,25.360113,SCOTCH WHISKY,NULL,NULL,NULL,1.1825656928627348,NULL,No
1792 Sweet Wheat Bourbon,39.99,25.360113,STRAIGHT BOURBON WHISKEY,81.875,8.65999984741211,NULL,1.5768857753717413,1.4195520262743624,Yes
Burnside Bourbon,34.99,25.360113,STRAIGHT BOURBON WHISKEY,NULL,NULL,NULL,1.3797257717225244,NULL,No
Rod And Rifle Straight Bourbon Whiskey,37.09,25.360113,STRAIGHT BOURBON WHISKEY,NULL,NULL,NULL,1.4625329130867375,NULL,No
Gentleman Jack Whiskey,16.99,12.680057,TENNESSEE WHISKEY,63.27272727272727,7.909999847412109,559.0,1.3398993667495411,NULL,No
George Dickel No. 12 Tennessee Whiskey,29.99,33.813484,TENNESSEE WHISKEY,80.85714285714286,8.260000228881836,NULL,0.8869242696470511,NULL,No
Very Old Barton 86 Proof,23.99,59.1736,STRAIGHT BOURBON WHISKEY,NULL,NULL,NULL,0.40541728199657506,NULL,No
Virgil Kaine Ginger Infused Bourbon,34.99,25.360113,FLAVORED WHISKEY,NULL,NULL,NULL,1.3797257717225244,NULL,No
Jameson Irish Whiskey,3.49,1.6906742,IRISH WHISKEY,70.4090909090909,7.820000171661377,474.0,2.0642652729583273,NULL,No
Glenfiddich India Pale Ale Cask,74.99,25.360113,SCOTCH WHISKY,NULL,NULL,NULL,2.9570056504951148,NULL,No
Jim Beam Distiller's Masterpiece,199.99,25.360113,STRAIGHT BOURBON WHISKEY,NULL,NULL,NULL,7.88600604256783,NULL,No
Old Bushmills,52.99,59.1736,IRISH WHISKEY,NULL,NULL,NULL,0.8955007360751067,NULL,No
Dewar's White Label Scotch,2.29,1.6906742,SCOTCH WHISKY,59.2962962962963,7.489999771118164,NULL,1.354489221607932,NULL,No
Jack Daniel's Honey Tennessee Whiskey,12.99,12.680057,FLAVORED WHISKEY,70.5,NULL,NULL,1.024443360910794,NULL,No
Jim Beam Honey Bourbon,17.49,25.360113,FLAVORED WHISKEY,10.0,NULL,NULL,0.6896656837396923,NULL,No
Knob Creek Smoked Maple Bourbon,33.99,25.360113,FLAVORED WHISKEY,57.666666666666664,NULL,NULL,1.340293770992681,NULL,No
Canadian Hunter Whisky,9.99,33.813484,CANADIAN WHISKY,NULL,NULL,NULL,0.2954442586994001,NULL,No
The Dubliner Irish Whiskey,28.99,25.360113,IRISH WHISKEY,NULL,NULL,470.0,1.1431336921328914,NULL,No
Cragganmore 25 Year Scotch,569.99,25.360113,SCOTCH WHISKY,NULL,9.039999961853027,NULL,22.475845710925306,NULL,No
Linkwood 37yr,899.99,25.360113,SCOTCH WHISKY,NULL,NULL,NULL,35.48840595177363,NULL,No
The Macallan 12yr Scotch,9.99,1.6906742,SCOTCH WHISKY,83.83333333333333,NULL,NULL,5.908885257314998,NULL,No
Jim Beam Bourbon (plastic),5.99,6.7626967,STRAIGHT BOURBON WHISKEY,NULL,NULL,NULL,0.8857412950400577,NULL,No
Alberta Dark Batch Rye Whiskey,29.99,25.360113,STRAIGHT RYE WHISKEY,NULL,8.699999809265137,NULL,1.1825656928627348,NULL,No
Ironclad Bourbon Whiskey,38.69,12.680057,STRAIGHT BOURBON WHISKEY,NULL,NULL,NULL,3.0512481081720573,NULL,No
Westland American Single Malt Whiskey,74.99,25.360113,WHISKEY,81.4,8.569999694824219,NULL,2.9570056504951148,2.9574000547382546,Yes
Glenmorangie The Original 10 Yr,52.99,33.813484,SCOTCH WHISKY,74.0,NULL,NULL,1.5671263386447791,NULL,No
Johnnie Walker Red Scotch,15.49,12.680057,SCOTCH WHISKY,47.666666666666664,7.389999866485596,NULL,1.221603364560011,NULL,No
Hiram Walker's Ten High Bourbon,17.99,59.1736,STRAIGHT BOURBON WHISKEY,NULL,NULL,NULL,0.30402071195958946,NULL,No
Wild Turkey Masters 17yr,149.99,25.360113,STRAIGHT BOURBON WHISKEY,NULL,NULL,NULL,5.9144060060756605,NULL,No
Hell Cat Maggie Irish Whiskey,24.99,25.360113,IRISH WHISKEY,NULL,NULL,NULL,0.9854056892135178,NULL,No
Auchentoshan Three Wood Scotch,69.99,25.360113,SCOTCH WHISKY,82.34042553191489,8.25,NULL,2.759845646845898,2.635867636311454,Yes
Ancient Ancient Age Bourbon,16.99,33.813484,STRAIGHT BOURBON WHISKEY,NULL,NULL,NULL,0.502462262531078,NULL,No
Jefferson's Wood Experiment Collection,99.99,33.813484,STRAIGHT BOURBON WHISKEY,NULL,NULL,NULL,2.9571042515559,NULL,No
George Washington Rye Whiskey (distlllery Only),97.99,12.680057,STRAIGHT RYE WHISKEY,NULL,NULL,NULL,7.7278833345630265,NULL,No
Bird Dog Ruby Red Grapefruit Flavored Whiskey,1.19,1.6906742,FLAVORED WHISKEY,NULL,NULL,NULL,0.7038612567983014,NULL,No
Seagram's VO,8.99,12.680057,CANADIAN WHISKY,NULL,7.789999961853027,NULL,0.7089873550720468,NULL,No
Old Crow,10.99,33.813484,STRAIGHT BOURBON WHISKEY,71.4,NULL,NULL,0.3250182592467827,NULL,No
Bulleit Rye Whiskey,17.99,12.680057,STRAIGHT RYE WHISKEY,84.43589743589743,8.289999961853027,NULL,1.418763368209228,NULL,No
Bird Dog Ruby Red Grapefruit Flavored Whiskey,18.99,25.360113,FLAVORED WHISKEY,NULL,NULL,NULL,0.7488136848344574,NULL,No
Bowman Brothers Virginia Straight Bourbon,29.99,25.360113,STRAIGHT BOURBON WHISKEY,NULL,NULL,NULL,1.1825656928627348,NULL,No
Michter's Single Barrel 10 Yr. Bourbon,114.99,25.360113,STRAIGHT BOURBON WHISKEY,NULL,NULL,NULL,4.534285679688851,NULL,No
Jim Beam Signature Craft 12 Year Bourbon,36.99,25.360113,STRAIGHT BOURBON WHISKEY,78.88888888888889,8.600000381469727,473.0,1.4585897731822113,1.613258811689498,Yes
Knob Creek Single Barrel Reserve,47.99,25.360113,STRAIGHT BOURBON WHISKEY,84.5,8.75,NULL,1.8923417812104886,1.583700846036211,Yes
Stagg Jr.,52.99,25.360113,STRAIGHT BOURBON WHISKEY,87.14285714285714,NULL,NULL,2.0895017848597055,2.0570595476450078,Yes
Crown Royal Black Whiskey,18.49,12.680057,CANADIAN WHISKY,76.4,8.199999809265137,579.0,1.4581953689390714,NULL,No
Highland Park Dark Origins,79.99,25.360113,SCOTCH WHISKY,82.6,8.470000267028809,NULL,3.154165654144332,3.438235604270765,Yes
Elijah Craig,29.99,25.360113,STRAIGHT BOURBON WHISKEY,NULL,NULL,NULL,1.1825656928627348,NULL,No
Catoctin Creek Roundstone Rye Whiskey 92 Proof,52.79,25.360113,STRAIGHT RYE WHISKEY,NULL,NULL,NULL,2.0816153546295078,NULL,No
Early Times Whiskey,6.49,12.680057,WHISKEY,46.333333333333336,NULL,NULL,0.5118273514228299,NULL,No
Crown Royal Whiskey,2.99,1.6906742,CANADIAN WHISKY,66.42857142857143,7.570000171661377,NULL,1.7685252633139814,NULL,No
Cluny Scotch,22.79,59.1736,SCOTCH WHISKY,NULL,NULL,NULL,0.38513798732903887,NULL,No
George Dickel No. 8 Tennessee Whiskey,40.99,59.1736,TENNESSEE WHISKEY,70.75,NULL,NULL,0.6927075960011356,NULL,No
Jack Daniel's Single Barrel - Barrel Proof,69.99,25.360113,TENNESSEE WHISKEY,74.4,NULL,NULL,2.759845646845898,2.5630800474398208,Yes
JP Wiser's Rye,0.99,1.6906742,STRAIGHT RYE WHISKEY,NULL,NULL,NULL,0.5855652247365979,NULL,No
Midleton Rare,159.99,25.360113,IRISH WHISKEY,NULL,8.8100004196167,NULL,6.308726013374095,NULL,No
Teacher's Scotch,19.99,25.360113,SCOTCH WHISKY,NULL,NULL,NULL,0.7882456855643007,NULL,No
Maker's Mark Bourbon,40.99,33.813484,STRAIGHT BOURBON WHISKEY,79.97368421052632,8.229999542236328,NULL,1.2122383320761887,NULL,No
Fireball Cinnamon Whisky,17.99,25.360113,FLAVORED WHISKEY,NULL,NULL,NULL,0.709381684104614,NULL,No
Power's,29.99,25.360113,IRISH WHISKEY,NULL,NULL,NULL,1.1825656928627348,NULL,No
Wathen's Single Barrel Bourbon,39.99,25.360113,STRAIGHT BOURBON WHISKEY,83.25,NULL,NULL,1.5768857753717413,1.182960021895302,Yes
Bulleit Rye Whiskey,33.99,25.360113,STRAIGHT RYE WHISKEY,84.43589743589743,8.289999961853027,NULL,1.340293770992681,1.065128362730514,Yes
Jim Beam Bourbon Operation Homefront (plastic),31.99,59.1736,STRAIGHT BOURBON WHISKEY,NULL,NULL,NULL,0.5406127087125557,NULL,No
Virginia Gentleman,27.99,59.1736,STRAIGHT BOURBON WHISKEY,71.0,NULL,NULL,0.4730149953545654,NULL,No
Whoop & Holler,189.99,25.360113,STRAIGHT BOURBON WHISKEY,NULL,NULL,NULL,7.491686035269397,NULL,No
Russell's Reserve Single Barrel Rye,64.99,25.360113,STRAIGHT RYE WHISKEY,84.71428571428571,NULL,NULL,2.562685643196681,2.3856360441555253,Yes
Kentucky Gentleman Whiskey (bourbon & Blend),10.59,33.813484,BLENDED WHISKEY,NULL,NULL,NULL,0.31318867030941555,NULL,No
Benchmark No. 8 Bourbon,21.99,59.1736,STRAIGHT BOURBON WHISKEY,NULL,NULL,NULL,0.3716184253175799,NULL,No
Woodford Reserve Bourbon,45.99,33.813484,STRAIGHT BOURBON WHISKEY,NULL,8.399999618530273,NULL,1.3601083348131013,NULL,No
Glenlivet 12 Year Single Malt Scotch,25.99,12.680057,SCOTCH WHISKY,76.70192307692308,8.0600004196167,NULL,2.049675379886722,NULL,No
J & B Rare Scotch,19.99,25.360113,SCOTCH WHISKY,NULL,NULL,NULL,0.7882456855643007,NULL,No
The Black Grouse,50.59,59.1736,SCOTCH WHISKY,71.58333333333333,NULL,NULL,0.8549420822738313,NULL,No
Maker's Mark American Pharaoh,74.99,33.813484,STRAIGHT BOURBON WHISKEY,NULL,NULL,NULL,2.217754237871336,NULL,No
Maker's Mark Bourbon,9.99,6.7626967,STRAIGHT BOURBON WHISKEY,79.97368421052632,8.229999542236328,NULL,1.4772213143287496,NULL,No
Dewar's Highlander Honey Scotch,2.29,1.6906742,FLAVORED WHISKEY,55.0,NULL,NULL,1.354489221607932,NULL,No
Jameson Black Barrel Irish Whiskey,39.99,25.360113,IRISH WHISKEY,NULL,NULL,586.0,1.5768857753717413,NULL,No
Ardbeg Auriverdes Scotch,99.99,25.360113,SCOTCH WHISKY,84.14285714285714,8.890000343322754,NULL,3.9428056687412,3.9995315025984017,Yes
1792 Single Barrel Bourbon,42.99,25.360113,STRAIGHT BOURBON WHISKEY,NULL,8.600000381469727,NULL,1.6951817775612716,NULL,No
Ezra Brooks Bourbon,25.99,59.1736,STRAIGHT BOURBON WHISKEY,NULL,NULL,NULL,0.43921613867557024,NULL,No
Jack Daniel's No. 7 Black Tennessee Whiskey,24.99,25.360113,TENNESSEE WHISKEY,NULL,NULL,NULL,0.9854056892135178,NULL,No
Evan Williams Kentucky Cider,8.49,25.360113,FLAVORED WHISKEY,NULL,NULL,NULL,0.33477767717110174,NULL,No
Jack Daniel's Tennessee Fire,24.99,25.360113,FLAVORED WHISKEY,NULL,NULL,NULL,0.9854056892135178,NULL,No
Kopper Kettle Apple Whiskey,24.99,25.360113,FLAVORED WHISKEY,NULL,NULL,NULL,0.9854056892135178,NULL,No
Glenlivet 18 Year Single Malt Scotch,119.99,25.360113,SCOTCH WHISKY,83.9245283018868,8.609999656677246,NULL,4.731445683338068,3.4845331487966726,Yes
Crown Royal Vanilla,2.99,1.6906742,FLAVORED WHISKEY,NULL,NULL,NULL,1.7685252633139814,NULL,No
Southern Comfort Whiskey,20.99,33.813484,FLAVORED WHISKEY,25.0,NULL,NULL,0.6207582647206081,NULL,No
Crown Royal Black Whiskey,38.99,33.813484,CANADIAN WHISKY,76.4,8.199999809265137,579.0,1.1530903309814236,NULL,No
Buchanan's Deluxe 18 Year Scotch,74.99,25.360113,SCOTCH WHISKY,NULL,NULL,NULL,2.9570056504951148,NULL,No
Old Taylor PET,18.99,59.1736,STRAIGHT BOURBON WHISKEY,NULL,NULL,NULL,0.3209201402990871,NULL,No
James E. Pepper 1776 Rye Whiskey,29.89,25.360113,STRAIGHT RYE WHISKEY,89.0,NULL,NULL,1.178622477747636,0.985800018246085,Yes
Jameson Irish Whiskey,29.99,25.360113,IRISH WHISKEY,70.4090909090909,7.820000171661377,474.0,1.1825656928627348,1.0516384857568446,Yes
Knob Creek Bourbon,19.99,12.680057,STRAIGHT BOURBON WHISKEY,81.5,NULL,NULL,1.5764913711286015,NULL,No
Bulleit 10 Year Bourbon,51.99,25.360113,STRAIGHT BOURBON WHISKEY,85.25,8.529999732971191,NULL,2.050069784129862,1.533904828390908,Yes
Jim Beam Devil's Cut Bourbon,24.99,25.360113,STRAIGHT BOURBON WHISKEY,75.3,8.0600004196167,NULL,0.9854056892135178,0.8969510862274425,Yes
Woodford Reserve Master Collection Classic,99.99,25.360113,STRAIGHT BOURBON WHISKEY,NULL,NULL,NULL,3.9428056687412,NULL,No
Booker's Rye Whiskey,299.99,25.360113,STRAIGHT RYE WHISKEY,91.8,9.289999961853027,NULL,11.829205513867588,11.809884218588097,Yes
Jim Beam Rye Whiskey,22.99,25.360113,STRAIGHT RYE WHISKEY,76.66666666666667,7.929999828338623,519.0,0.9065416877538309,0.7492080138670245,Yes
Canadian Mist Whisky,2.99,6.7626967,CANADIAN WHISKY,74.33333333333333,7.630000114440918,NULL,0.44213131582849535,NULL,No
Jameson 18 Year Irish Whiskey,139.99,25.360113,IRISH WHISKEY,82.66666666666667,NULL,NULL,5.520085998777226,2.5630800474398208,Yes
Jack Daniel's Master Distiller,29.99,25.360113,TENNESSEE WHISKEY,NULL,8.600000381469727,NULL,1.1825656928627348,NULL,No
The Glenrothes Bourbon Cask Reserve,59.99,25.360113,SCOTCH WHISKY,84.0,8.15999984741211,NULL,2.3655257899686095,NULL,No
Parker's Heritage 24 Yr Bib,249.99,25.360113,STRAIGHT BOURBON WHISKEY,NULL,NULL,NULL,9.85760607906,NULL,No
Woodford Reserve Bourbon (plastic),3.49,1.6906742,STRAIGHT BOURBON WHISKEY,NULL,NULL,NULL,2.0642652729583273,NULL,No
Black Velvet,2.99,6.7626967,CANADIAN WHISKY,45.0,NULL,NULL,0.44213131582849535,NULL,No
Ancient Age Bourbon,12.99,25.360113,STRAIGHT BOURBON WHISKEY,76.33333333333333,NULL,NULL,0.512221680455397,NULL,No
Belle Meade Bourbon Madeira Cask Finish,84.99,25.360113,STRAIGHT BOURBON WHISKEY,NULL,NULL,NULL,3.351325657793549,NULL,No
Sazerac Rye 6 Yr,29.99,25.360113,STRAIGHT RYE WHISKEY,NULL,NULL,NULL,1.1825656928627348,NULL,No
Bowman's Scotch,21.99,59.1736,SCOTCH WHISKY,NULL,NULL,NULL,0.3716184253175799,NULL,No
Inver House Scotch,21.99,59.1736,SCOTCH WHISKY,NULL,NULL,NULL,0.3716184253175799,NULL,No
Johnnie Walker Double Black,49.99,25.360113,SCOTCH WHISKY,78.35,8.420000076293945,NULL,1.9712057826701754,1.5203226948061843,Yes
Imperial Whiskey,11.99,59.1736,BLENDED WHISKEY,NULL,NULL,NULL,0.20262414192260395,NULL,No
2 Gingers Irish Whiskey,2.49,1.6906742,IRISH WHISKEY,NULL,8.050000190734863,NULL,1.4727852536696355,NULL,No
Teeling Small Batch Irish Whiskey,39.99,25.360113,IRISH WHISKEY,81.33333333333333,NULL,NULL,1.5768857753717413,1.5892168496051031,Yes
Bowmore 15 Year Single Malt Scotch,75.99,25.360113,SCOTCH WHISKY,NULL,NULL,NULL,2.996437651224958,NULL,No
Jim Beam Bourbon,20.99,33.813484,STRAIGHT BOURBON WHISKEY,NULL,NULL,NULL,0.6207582647206081,NULL,No
Crown Royal Noble Collection,59.99,25.360113,CANADIAN WHISKY,NULL,NULL,NULL,2.3655257899686095,NULL,No
Johnnie Walker Platinum,108.99,25.360113,SCOTCH WHISKY,78.25,8.479999542236328,NULL,4.29769367530979,3.7217699685135948,Yes
Four Roses 2015 Limited Edition Small Batch,97.39,25.360113,STRAIGHT BOURBON WHISKEY,NULL,NULL,NULL,3.8402825270120653,NULL,No
Four Roses Elliott's Select 2016 Limited Edition,124.99,25.360113,STRAIGHT BOURBON WHISKEY,NULL,NULL,NULL,4.928605686987285,NULL,No
Wasmund's Single Malt,44.99,25.360113,WHISKEY,NULL,NULL,NULL,1.7740457790209585,NULL,No
Crown Royal Regal Apple Whiskey,58.99,59.1736,FLAVORED WHISKEY,NULL,NULL,NULL,0.9968973061120923,NULL,No
Jim Beam Maple Bourbon,1.69,1.6906742,FLAVORED WHISKEY,NULL,NULL,NULL,0.9996012664426472,NULL,No
Rosebank 21 Year,569.99,25.360113,SCOTCH WHISKY,88.0,NULL,NULL,22.475845710925306,NULL,No
Woodford Reserve Bourbon,36.99,25.360113,STRAIGHT BOURBON WHISKEY,NULL,8.399999618530273,NULL,1.4585897731822113,NULL,No
Serpent's Bite Apple Cider Flavored Whisky,1.69,1.6906742,FLAVORED WHISKEY,NULL,NULL,NULL,0.9996012664426472,NULL,No
Southern Comfort Whiskey,26.99,59.1736,FLAVORED WHISKEY,25.0,NULL,NULL,0.45611556701506784,NULL,No
Glenmorangie Milsean Scotch,99.99,25.360113,SCOTCH WHISKY,73.33333333333333,8.489999771118164,NULL,3.9428056687412,4.100928075903713,Yes
Jim Beam Apple Bourbon,17.49,25.360113,FLAVORED WHISKEY,NULL,NULL,-1.0,0.6896656837396923,NULL,No
Crown Royal Black Whiskey,2.99,1.6906742,CANADIAN WHISKY,76.4,8.199999809265137,579.0,1.7685252633139814,NULL,No
Canadian Mist Whisky,10.99,25.360113,CANADIAN WHISKY,74.33333333333333,7.630000114440918,NULL,0.4333576789957102,0.39432000729843397,Yes
Tullamore Dew,29.99,25.360113,IRISH WHISKEY,66.0,NULL,NULL,1.1825656928627348,0.7718555719339113,Yes
Glendronach 12 Year Single Malt Scotch,64.99,25.360113,SCOTCH WHISKY,84.16666666666667,8.59000015258789,NULL,2.562685643196681,1.7993365374541508,Yes
Canadian Hunter Whisky,18.99,59.1736,CANADIAN WHISKY,NULL,NULL,NULL,0.3209201402990871,NULL,No
Tullamore Dew,36.99,33.813484,IRISH WHISKEY,66.0,NULL,NULL,1.0939423298866584,NULL,No
Hibiki Harmony Whiskey,64.99,25.360113,OTHER (IMPORTED) WHISKEY,73.0,8.380000114440918,615.0,2.562685643196681,2.7431755242534166,Yes
Old Smuggler,21.99,59.1736,SCOTCH WHISKY,61.0,NULL,NULL,0.3716184253175799,NULL,No
Jefferson's Reserve Bourbon,52.99,25.360113,STRAIGHT BOURBON WHISKEY,81.2,NULL,NULL,2.0895017848597055,1.8828780348500223,Yes
Sagamore Spirit Rye Whiskey,44.99,25.360113,STRAIGHT RYE WHISKEY,NULL,NULL,NULL,1.7740457790209585,NULL,No
Rebel Yell Ginger,15.99,25.360113,FLAVORED WHISKEY,NULL,NULL,NULL,0.6305176826449272,NULL,No
Southern Comfort Whiskey 100 Proof,19.99,25.360113,FLAVORED WHISKEY,NULL,NULL,NULL,0.7882456855643007,NULL,No
Breckenridge Bourbon,49.99,25.360113,STRAIGHT BOURBON WHISKEY,79.9,NULL,NULL,1.9712057826701754,1.7251500319306485,Yes
Jim Beam With State Coasters,17.49,25.360113,STRAIGHT BOURBON WHISKEY,NULL,NULL,NULL,0.6896656837396923,NULL,No
Kentucky Gentleman Whiskey (bourbon & Blend),8.99,25.360113,BLENDED WHISKEY,NULL,NULL,NULL,0.3544936775360234,NULL,No
Glenmorangie Lasanta Scotch,57.99,25.360113,SCOTCH WHISKY,78.61666666666666,8.399999618530273,NULL,2.2866617885089227,1.9749330494284636,Yes
The Macallan 12yr Scotch,67.99,25.360113,SCOTCH WHISKY,83.83333333333333,NULL,NULL,2.680981645386211,2.0898960386817,Yes
Clyde May's Special Reserve Whiskey,56.99,25.360113,STRAIGHT BOURBON WHISKEY,80.0,NULL,NULL,2.2472297877790792,2.365920043790604,Yes
Crown Royal Honey Whiskey,28.99,25.360113,FLAVORED WHISKEY,NULL,NULL,NULL,1.1431336921328914,NULL,No
Johnnie Walker Red Scotch,47.99,59.1736,SCOTCH WHISKY,47.666666666666664,7.389999866485596,NULL,0.8110035943776188,NULL,No
The Famous Grouse,24.99,25.360113,SCOTCH WHISKY,71.88888888888889,7.630000114440918,NULL,0.9854056892135178,0.9200773576609683,Yes
