STRAIGHT BOURBON WHISKEY,21228,1792 Bourbon Full Proof,750ml,,125.0,$47.99 ,1792 full proof,25.36011361330899,47.99 ,
STRAIGHT BOURBON WHISKEY,21232,1792 Port Finish Bourbon,750ml,,88.9,$42.99 ,1792 finish port,25.36011361330899,42.99 ,
STRAIGHT BOURBON WHISKEY,21244,1792 Single Barrel Bourbon,750ml,,98.6,$42.99 ,1792 barrel single,25.36011361330899,42.99 ,
STRAIGHT BOURBON WHISKEY,21236,1792 Small Batch Bourbon,750ml,,93.7,$33.99 ,1792 batch small,25.36011361330899,33.99 ,
STRAIGHT BOURBON WHISKEY,21242,1792 Sweet Wheat Bourbon,750ml,,91.2,$39.99 ,1792 sweet wheat,25.36011361330899,39.99 ,
STRAIGHT BOURBON WHISKEY,27833,Abraham Bowman Gingerbread Cocoa Finish Bourbon,375ml,,90.0,$39.99 ,abraham bowman cocoa finish gingerbread,12.680056806654495,39.99 ,
STRAIGHT BOURBON WHISKEY,27484,Abraham Bowman Wheat Bourbon Limited Edition,750ml,,94.0,$69.99 ,abraham bowman edition limited wheat,25.36011361330899,69.99 ,
STRAIGHT BOURBON WHISKEY,16514,Ancient Age Bourbon,375ml,4YR,80.0,$6.49 ,age ancient,12.680056806654495,6.49 ,4
STRAIGHT BOURBON WHISKEY,16516,Ancient Age Bourbon,750ml,4YR,80.0,$12.99 ,age ancient,25.36011361330899,12.99 ,4
STRAIGHT BOURBON WHISKEY,16517,Ancient Age Bourbon,1L,4YR,80.0,$14.99 ,age ancient,33.81348481774532,14.99 ,4
STRAIGHT BOURBON WHISKEY,16518,Ancient Age Bourbon,1.75L,4YR,80.0,$26.99 ,age ancient,59.17359843105431,26.99 ,4
STRAIGHT BOURBON WHISKEY,16530,Ancient Age Traveler,750ml,4YR,80.0,$12.99 ,age ancient traveler,25.36011361330899,12.99 ,4
STRAIGHT BOURBON WHISKEY,16537,Ancient Ancient Age Bourbon,1L,4YR,90.0,$16.99 ,age ancient ancient,33.81348481774532,16.99 ,4
STRAIGHT BOURBON WHISKEY,16538,Ancient Ancient Age Bourbon,1.75L,4YR,90.0,$28.99 ,age ancient ancient,59.17359843105431,28.99 ,4
STRAIGHT BOURBON WHISKEY,16562,Angel's Envy Port Barrel Bourbon,750ml,,86.6,$49.99 ,angel barrel envy port,25.36011361330899,49.99 ,
STRAIGHT BOURBON WHISKEY,16580,Baker's Bourbon,750ml,7YR,107.0,$49.99 ,baker,25.36011361330899,49.99 ,7
STRAIGHT BOURBON WHISKEY,16666,Barterhouse Whiskey,750ml,,90.2,$75.99 ,barterhouse,25.36011361330899,75.99 ,
STRAIGHT BOURBON WHISKEY,16676,Basil Hayden's Bourbon,750ml,8YR,80.0,$41.99 ,basil hayden,25.36011361330899,41.99 ,8
STRAIGHT BOURBON WHISKEY,16796,Belle Meade Bourbon,750ml,,90.4,$41.99 ,belle meade,25.36011361330899,41.99 ,
STRAIGHT BOURBON WHISKEY,16790,Belle Meade Bourbon Madeira Cask Finish,750ml,,90.4,$84.99 ,belle cask finish madeira meade,25.36011361330899,84.99 ,
STRAIGHT BOURBON WHISKEY,16798,Belle Meade Bourbon Sherry Finish,750ml,,90.4,$85.29 ,belle finish meade sherry,25.36011361330899,85.29 ,
STRAIGHT BOURBON WHISKEY,16794,Belle Meade Bourbon Single Barrel,750ml,,92.0,$68.29 ,barrel belle meade single,25.36011361330899,68.29 ,
STRAIGHT BOURBON WHISKEY,21480,Benchmark No. 8 Bourbon,750ml,,80.0,$10.99 ,8 benchmark,25.36011361330899,10.99 ,
STRAIGHT BOURBON WHISKEY,21482,Benchmark No. 8 Bourbon,1.75L,,80.0,$21.99 ,8 benchmark,59.17359843105431,21.99 ,
STRAIGHT BOURBON WHISKEY,16814,Bib & Tucker Bourbon,750ml,,92.0,$88.59 ,bib tucker,25.36011361330899,88.59 ,
STRAIGHT BOURBON WHISKEY,252,Bird Dog 100ml Variety Pack #2,100ml,,80.0,$13.99 ,#2 100ml bird dog pack variety,3.3813484817745314,13.99 ,
STRAIGHT BOURBON WHISKEY,16826,Bird Dog Bourbon,750ml,,80.0,$18.99 ,bird dog,25.36011361330899,18.99 ,
STRAIGHT BOURBON WHISKEY,16829,Bird Dog Small Batch Bourbon,750ml,,86.0,$29.99 ,batch bird dog small,25.36011361330899,29.99 ,
STRAIGHT BOURBON WHISKEY,16845,Blanton Single Barrel Bourbon,375ml,,93.0,$26.99 ,barrel blanton single,12.680056806654495,26.99 ,
STRAIGHT BOURBON WHISKEY,16850,Blanton Single Barrel Bourbon,750ml,,93.0,$58.99 ,barrel blanton single,25.36011361330899,58.99 ,
STRAIGHT BOURBON WHISKEY,16862,Blood Oath: Pact 2,750ml,,49.0,$109.99 ,2 blood oath: pact,25.36011361330899,109.99 ,
STRAIGHT BOURBON WHISKEY,16890,Bond & Lillard,375ml,,100.0,$59.99 ,bond lillard,12.680056806654495,59.99 ,
STRAIGHT BOURBON WHISKEY,16906,Booker's Bourbon,750ml,8YR,126.0,$69.99 ,booker,25.36011361330899,69.99 ,8
STRAIGHT BOURBON WHISKEY,16968,Bourbon Supreme Bourbon,1.75L,4YR,80.0,$20.99 ,supreme,59.17359843105431,20.99 ,4
STRAIGHT BOURBON WHISKEY,17020,Bowman Brothers Virginia Straight Bourbon,750ml,,90.0,$29.99 ,bowman brothers straight virginia,25.36011361330899,29.99 ,
STRAIGHT BOURBON WHISKEY,23056,Breckenridge Bourbon,750ml,,86.0,$49.99 ,breckenridge,25.36011361330899,49.99 ,
STRAIGHT BOURBON WHISKEY,28002,Breckenridge Port Cask Finish Whiskey,750ml,,90.0,$59.99 ,breckenridge cask finish port,25.36011361330899,59.99 ,
STRAIGHT BOURBON WHISKEY,18006,Buffalo Trace Bourbon,750ml,,90.0,$26.99 ,buffalo trace,25.36011361330899,26.99 ,
STRAIGHT BOURBON WHISKEY,18008,Buffalo Trace Bourbon,1.75L,,90.0,$54.99 ,buffalo trace,59.17359843105431,54.99 ,
STRAIGHT BOURBON WHISKEY,17090,Bulleit 10 Year Bourbon,750ml,,91.2,$51.99 ,10 bulleit,25.36011361330899,51.99 ,
STRAIGHT BOURBON WHISKEY,17085,Bulleit Bourbon,375ml,,90.0,$17.99 ,bulleit,12.680056806654495,17.99 ,
STRAIGHT BOURBON WHISKEY,17086,Bulleit Bourbon,750ml,,90.0,$32.99 ,bulleit,25.36011361330899,32.99 ,
STRAIGHT BOURBON WHISKEY,17088,Bulleit Bourbon,1.75L,,90.0,$60.99 ,bulleit,59.17359843105431,60.99 ,
STRAIGHT BOURBON WHISKEY,27804,Burnside Bourbon,750ml,,96.0,$34.99 ,burnside,25.36011361330899,34.99 ,
STRAIGHT BOURBON WHISKEY,17512,Clyde May's Special Reserve Whiskey,750ml,,110.0,$56.99 ,clyde may reserve special,25.36011361330899,56.99 ,
STRAIGHT BOURBON WHISKEY,17520,Clyde May's Straight Bourbon,750ml,,92.0,$36.99 ,clyde may straight,25.36011361330899,36.99 ,
STRAIGHT BOURBON WHISKEY,17507,Colonel's Pride Bourbon,1L,,80.0,$9.69 ,colonel pride,33.81348481774532,9.69 ,
STRAIGHT BOURBON WHISKEY,17508,Colonel's Pride Bourbon,1.75L,,80.0,$16.99 ,colonel pride,59.17359843105431,16.99 ,
STRAIGHT BOURBON WHISKEY,17566,David Nicholson 1843,750ml,,100.0,$29.99 ,1843 david nicholson,25.36011361330899,29.99 ,
STRAIGHT BOURBON WHISKEY,17668,Distiller's Pride,1.75L,,80.0,$17.49 ,distiller pride,59.17359843105431,17.49 ,
STRAIGHT BOURBON WHISKEY,17669,Duke Bourbon,750ml,,88.0,$41.19 ,duke,25.36011361330899,41.19 ,
STRAIGHT BOURBON WHISKEY,17670,Duke Bourbon,750ml,,88.0,$41.19 ,duke,25.36011361330899,41.19 ,
STRAIGHT BOURBON WHISKEY,21600,E H Taylor Jr. Barrel Proof Whiskey,750ml,,129.0,$69.99 ,barrel e h jr. proof taylor,25.36011361330899,69.99 ,
STRAIGHT BOURBON WHISKEY,21602,E H Taylor Small Batch Whiskey,750ml,,100.0,$39.99 ,batch e h small taylor,25.36011361330899,39.99 ,
STRAIGHT BOURBON WHISKEY,17766,Eagle Rare 10 Year Bourbon,750ml,,90.0,$31.99 ,10 eagle rare,25.36011361330899,31.99 ,
STRAIGHT BOURBON WHISKEY,17768,Eagle Rare 10 Year Bourbon,1.75L,10YR,90.0,$57.99 ,10 eagle rare,59.17359843105431,57.99 ,10
STRAIGHT BOURBON WHISKEY,17764,Eagle Rare 10 Year Bourbon,375ml,10YR,90.0,$18.99 ,10 eagle rare,12.680056806654495,18.99 ,10
STRAIGHT BOURBON WHISKEY,17916,Elijah Craig,750ml,12YR,94.0,$29.99 ,craig elijah,25.36011361330899,29.99 ,12
STRAIGHT BOURBON WHISKEY,17919,Elijah Craig 12yr,1.75L,,94.0,$49.99 ,12 craig elijah,59.17359843105431,49.99 ,
STRAIGHT BOURBON WHISKEY,17920,Elijah Craig 18-year Single Barrel Bourbon,750ml,18YR,90.0,$129.99 ,18 barrel craig elijah single,25.36011361330899,129.99 ,18
STRAIGHT BOURBON WHISKEY,17923,Elijah Craig 21 Year Single Barrel Bourbon,750ml,,90.0,$158.29 ,21 barrel craig elijah single,25.36011361330899,158.29 ,
STRAIGHT BOURBON WHISKEY,17925,Elijah Craig 23 Year Single Barrel Bourbon,750ml,,90.0,$200.69 ,23 barrel craig elijah single,25.36011361330899,200.69 ,
STRAIGHT BOURBON WHISKEY,17914,Elijah Craig Small Batch Barrel Proof,750ml,,132.0,$49.99 ,barrel batch craig elijah proof small,25.36011361330899,49.99 ,
STRAIGHT BOURBON WHISKEY,17946,Elmer T Lee Bourbon,750ml,,90.0,$35.99 ,elmer lee t,25.36011361330899,35.99 ,
STRAIGHT BOURBON WHISKEY,18096,Evan Williams 1783 Bourbon,750ml,,86.0,$14.99 ,1783 evan williams,25.36011361330899,14.99 ,
STRAIGHT BOURBON WHISKEY,18098,Evan Williams 1783 Bourbon,1.75L,,86.0,$31.99 ,1783 evan williams,59.17359843105431,31.99 ,
STRAIGHT BOURBON WHISKEY,17953,Evan Williams Black Bourbon,200ml,,86.0,$4.99 ,black evan williams,6.762696963549063,4.99 ,
STRAIGHT BOURBON WHISKEY,17954,Evan Williams Black Bourbon,375ml,,86.0,$6.99 ,black evan williams,12.680056806654495,6.99 ,
STRAIGHT BOURBON WHISKEY,17956,Evan Williams Black Bourbon,750ml,,86.0,$13.99 ,black evan williams,25.36011361330899,13.99 ,
STRAIGHT BOURBON WHISKEY,17957,Evan Williams Black Bourbon,1L,,86.0,$15.99 ,black evan williams,33.81348481774532,15.99 ,
STRAIGHT BOURBON WHISKEY,17958,Evan Williams Black Bourbon,1.75L,,86.0,$26.99 ,black evan williams,59.17359843105431,26.99 ,
STRAIGHT BOURBON WHISKEY,18116,Evan Williams Black Carry Pack,750ml,,86.0,$13.99 ,black carry evan pack williams,25.36011361330899,13.99 ,
STRAIGHT BOURBON WHISKEY,18044,Evan Williams Green Bourbon,375ml,,80.0,$5.99 ,evan green williams,12.680056806654495,5.99 ,
STRAIGHT BOURBON WHISKEY,18046,Evan Williams Green Bourbon,750ml,,80.0,$10.99 ,evan green williams,25.36011361330899,10.99 ,
STRAIGHT BOURBON WHISKEY,18047,Evan Williams Green Bourbon,1L,,80.0,$12.49 ,evan green williams,33.81348481774532,12.49 ,
STRAIGHT BOURBON WHISKEY,18048,Evan Williams Green Bourbon,1.75L,,80.0,$22.99 ,evan green williams,59.17359843105431,22.99 ,
STRAIGHT BOURBON WHISKEY,18120,Evan Williams Single Barrel Bourbon,750ml,7YR,86.6,$31.99 ,barrel evan single williams,25.36011361330899,31.99 ,7
STRAIGHT BOURBON WHISKEY,16096,Evan Williams White Bourbon,750ml,,100.0,$13.99 ,evan white williams,25.36011361330899,13.99 ,
STRAIGHT BOURBON WHISKEY,16098,Evan Williams White Bourbon,1.75L,,100.0,$29.99 ,evan white williams,59.17359843105431,29.99 ,
STRAIGHT BOURBON WHISKEY,18196,Ezra Brooks Bourbon,750ml,4YR,90.0,$12.99 ,brooks ezra,25.36011361330899,12.99 ,4
STRAIGHT BOURBON WHISKEY,18198,Ezra Brooks Bourbon,1.75L,4YR,90.0,$25.99 ,brooks ezra,59.17359843105431,25.99 ,4
STRAIGHT BOURBON WHISKEY,18271,Fighting Cock Bourbon,50ml,6YR,103.0,$1.69 ,cock fighting,1.6906742408872657,1.69 ,6
STRAIGHT BOURBON WHISKEY,18276,Fighting Cock Bourbon,750ml,,103.0,$18.99 ,cock fighting,25.36011361330899,18.99 ,
STRAIGHT BOURBON WHISKEY,18286,Filibuster Bourbon,750ml,,90.0,$46.29 ,filibuster,25.36011361330899,46.29 ,
STRAIGHT BOURBON WHISKEY,18326,Forged Oak Bourbon,750ml,,90.5,$69.99 ,forged oak,25.36011361330899,69.99 ,
STRAIGHT BOURBON WHISKEY,18361,Four Roses 2015 Limited Edition Small Batch,750ml,,111.8,$97.39 ,2015 edition four limited roses,25.36011361330899,97.39 ,
STRAIGHT BOURBON WHISKEY,18367,Four Roses 2016 Limited Edition Small Batch,750ml,,111.2,$97.39 ,2016 batch edition four limited roses small,25.36011361330899,97.39 ,
STRAIGHT BOURBON WHISKEY,18352,Four Roses Bourbon,750ml,,80.0,$21.99 ,four roses,25.36011361330899,21.99 ,
STRAIGHT BOURBON WHISKEY,18368,Four Roses Elliott's Select 2016 Limited Edition,750ml,,120.0,$124.99 ,2016 edition elliott four limited roses select,25.36011361330899,124.99 ,
STRAIGHT BOURBON WHISKEY,18365,Four Roses Limited Edition Small Batch Barrel,750ml,,111.8,$93.59 ,barrel batch edition four limited roses small,25.36011361330899,93.59 ,
STRAIGHT BOURBON WHISKEY,18350,Four Roses Single Barrel Bourbon,750ml,,100.0,$44.99 ,barrel four roses single,25.36011361330899,44.99 ,
STRAIGHT BOURBON WHISKEY,18348,Four Roses Small Batch Bourbon,750ml,,90.0,$37.99 ,batch four roses small,25.36011361330899,37.99 ,
STRAIGHT BOURBON WHISKEY,18564,Henry Mckenna Bourbon,375ml,4YR,80.0,$6.69 ,henry mckenna,12.680056806654495,6.69 ,4
STRAIGHT BOURBON WHISKEY,18566,Henry Mckenna Bourbon,750ml,4YR,80.0,$11.99 ,henry mckenna,25.36011361330899,11.99 ,4
STRAIGHT BOURBON WHISKEY,18567,Henry Mckenna Bourbon,1L,4YR,80.0,$14.99 ,henry mckenna,33.81348481774532,14.99 ,4
STRAIGHT BOURBON WHISKEY,18568,Henry Mckenna Bourbon,1.75L,4YR,80.0,$24.99 ,henry mckenna,59.17359843105431,24.99 ,4
STRAIGHT BOURBON WHISKEY,18656,Henry Mckenna Single Barrel Bourbon,750ml,10YR,100.0,$29.99 ,barrel henry mckenna single,25.36011361330899,29.99 ,10
STRAIGHT BOURBON WHISKEY,18604,High West American Prairie Bourbon,750ml,,92.0,$40.99 ,american high prairie west,25.36011361330899,40.99 ,
STRAIGHT BOURBON WHISKEY,21597,Hiram Walker's Ten High Bourbon,1L,4YR,80.0,$10.49 ,high hiram ten walker,33.81348481774532,10.49 ,4
STRAIGHT BOURBON WHISKEY,21598,Hiram Walker's Ten High Bourbon,1.75L,4YR,80.0,$17.99 ,high hiram ten walker,59.17359843105431,17.99 ,4
STRAIGHT BOURBON WHISKEY,18620,Hirsch Small Batch Reserve Bourbon,750ml,,92.0,$39.99 ,batch hirsch reserve small,25.36011361330899,39.99 ,
STRAIGHT BOURBON WHISKEY,18661,Hudson Baby Bourbon,750ml,,92.0,$59.99 ,baby hudson,25.36011361330899,59.99 ,
STRAIGHT BOURBON WHISKEY,18660,Hudson Baby Bourbon,375ml,,92.0,$45.99 ,baby hudson,12.680056806654495,45.99 ,
STRAIGHT BOURBON WHISKEY,18662,Hudson Four Grain Whiskey,375ml,,92.0,$45.99 ,four grain hudson,12.680056806654495,45.99 ,
STRAIGHT BOURBON WHISKEY,18788,I W Harper Bourbon,750ml,,82.0,$34.99 ,harper i.w.,25.36011361330899,34.99 ,
STRAIGHT BOURBON WHISKEY,27865,Ironclad Bourbon Whiskey,375ml,,90.0,$38.69 ,ironclad,12.680056806654495,38.69 ,
STRAIGHT BOURBON WHISKEY,18906,J. R. Ewing Private Reserve Bourbon,750ml,4YR,80.0,$34.99 ,ewing j. private r. reserve,25.36011361330899,34.99 ,4
STRAIGHT BOURBON WHISKEY,18928,J.T.S. Brown,1.75L,,80.0,$18.99 ,brown j.t.s.,59.17359843105431,18.99 ,
STRAIGHT BOURBON WHISKEY,19017,Jefferson's Ocean - Aged At Sea,750ml,,90.0,$79.99 ,aged at jefferson ocean sea,25.36011361330899,79.99 ,
STRAIGHT BOURBON WHISKEY,19046,Jefferson's Ocean Aged At Sea Cask Strength,750ml,,112.0,$99.99 ,aged at cask jefferson ocean sea strength,25.36011361330899,99.99 ,
STRAIGHT BOURBON WHISKEY,19006,Jefferson's Reserve Bourbon,750ml,,90.0,$52.99 ,jefferson reserve,25.36011361330899,52.99 ,
STRAIGHT BOURBON WHISKEY,19044,Jefferson's Reserve Groth Cask Finish,750ml,,90.2,$79.99 ,cask finish groth jefferson reserve,25.36011361330899,79.99 ,
STRAIGHT BOURBON WHISKEY,18997,Jefferson's Reserve Pritchard Hill Bourbon,750ml,,90.2,$79.99 ,hill jefferson pritchard reserve,25.36011361330899,79.99 ,
STRAIGHT BOURBON WHISKEY,19009,Jefferson's Very Small Batch,750ml,,82.0,$34.99 ,batch jefferson small very,25.36011361330899,34.99 ,
STRAIGHT BOURBON WHISKEY,207,Jefferson's Wood Experiment Collection,1L,,92.0,$99.99 ,collection experiment jefferson wood,33.81348481774532,99.99 ,
STRAIGHT BOURBON WHISKEY,19028,Jim Beam Black Bourbon,1.75L,8YR,86.0,$52.99 ,beam black jim,59.17359843105431,52.99 ,8
STRAIGHT BOURBON WHISKEY,19027,Jim Beam Black Bourbon,1L,8YR,86.0,$32.99 ,beam black jim,33.81348481774532,32.99 ,8
STRAIGHT BOURBON WHISKEY,19026,Jim Beam Black Bourbon,750ml,8YR,86.0,$22.99 ,beam black jim,25.36011361330899,22.99 ,8
STRAIGHT BOURBON WHISKEY,16196,Jim Beam Bonded,750ml,,100.0,$24.99 ,beam bonded jim,25.36011361330899,24.99 ,
STRAIGHT BOURBON WHISKEY,19061,Jim Beam Bourbon,50ml,4YR,80.0,$1.49 ,beam jim,1.6906742408872657,1.49 ,4
STRAIGHT BOURBON WHISKEY,19066,Jim Beam Bourbon,750ml,4YR,80.0,$17.49 ,beam jim,25.36011361330899,17.49 ,4
STRAIGHT BOURBON WHISKEY,19067,Jim Beam Bourbon,1L,4YR,80.0,$20.99 ,beam jim,33.81348481774532,20.99 ,4
STRAIGHT BOURBON WHISKEY,19068,Jim Beam Bourbon,1.75L,4YR,80.0,$32.99 ,beam jim,59.17359843105431,32.99 ,4
STRAIGHT BOURBON WHISKEY,19063,Jim Beam Bourbon (plastic),200ml,4YR,80.0,$5.99 ,beam jim plastic,6.762696963549063,5.99 ,4
STRAIGHT BOURBON WHISKEY,19064,Jim Beam Bourbon (plastic),375ml,4YR,80.0,$9.99 ,beam jim plastic,12.680056806654495,9.99 ,4
STRAIGHT BOURBON WHISKEY,19082,Jim Beam Bourbon Operation Homefront (plastic),1.75L,,80.0,$31.99 ,beam homefront jim operation plastic,59.17359843105431,31.99 ,
STRAIGHT BOURBON WHISKEY,19111,Jim Beam Devil's Cut Bourbon,375ml,,90.0,$12.99 ,beam cut devil jim,12.680056806654495,12.99 ,
STRAIGHT BOURBON WHISKEY,19112,Jim Beam Devil's Cut Bourbon,750ml,,90.0,$24.99 ,beam cut devil jim,25.36011361330899,24.99 ,
STRAIGHT BOURBON WHISKEY,19115,Jim Beam Devil's Cut Replica,375ml,,90.0,$12.99 ,beam cut devil jim replica,12.680056806654495,12.99 ,
STRAIGHT BOURBON WHISKEY,19040,Jim Beam Distiller's Masterpiece,750ml,,100.0,$199.99 ,beam distiller jim masterpiece,25.36011361330899,199.99 ,
STRAIGHT BOURBON WHISKEY,19048,Jim Beam Double Oak,750ml,,86.0,$24.99 ,beam double jim oak,25.36011361330899,24.99 ,
STRAIGHT BOURBON WHISKEY,19036,Jim Beam Signature Craft 12 Year Bourbon,750ml,,86.0,$36.99 ,12 beam jim signature,25.36011361330899,36.99 ,
STRAIGHT BOURBON WHISKEY,19037,Jim Beam Signature Craft Quarter Cask Bourbon,750ml,,86.0,$36.99 ,beam cask jim quarter signature,25.36011361330899,36.99 ,
STRAIGHT BOURBON WHISKEY,19116,Jim Beam Single Barrel Bourbon,750ml,,95.0,$35.99 ,barrel beam jim single,25.36011361330899,35.99 ,
STRAIGHT BOURBON WHISKEY,19096,Jim Beam Traveler,750ml,4YR,80.0,$17.49 ,beam jim traveler,25.36011361330899,17.49 ,4
STRAIGHT BOURBON WHISKEY,100218,Jim Beam With State Coasters,750ml,,80.0,$17.49 ,beam coasters jim state with,25.36011361330899,17.49 ,
STRAIGHT BOURBON WHISKEY,16706,Jim Beam's Choice Bourbon,750ml,5YR,80.0,$19.99 ,beam choice jim,25.36011361330899,19.99 ,5
STRAIGHT BOURBON WHISKEY,19120,John B Stetson Bourbon,750ml,,84.0,$35.59 ,b john stetson,25.36011361330899,35.59 ,
STRAIGHT BOURBON WHISKEY,17022,John J Bowman Virginia Straight Bourbon,750ml,,100.0,$49.99 ,bowman j john straight virginia,25.36011361330899,49.99 ,
STRAIGHT BOURBON WHISKEY,27928,Joseph Magnus Bourbon,750ml,,100.0,$91.99 ,joseph magnus,25.36011361330899,91.99 ,
STRAIGHT BOURBON WHISKEY,19341,Kentucky Supreme No. 8 Bourbon,1.75L,,80.0,$18.49 ,8 kentucky supreme,59.17359843105431,18.49 ,
STRAIGHT BOURBON WHISKEY,20538,Kentucky Tavern Bourbon,1.75L,4YR,80.0,$17.79 ,kentucky tavern,59.17359843105431,17.79 ,4
STRAIGHT BOURBON WHISKEY,19227,Knob Creek,1L,,100.0,$45.99 ,creek knob,33.81348481774532,45.99 ,
STRAIGHT BOURBON WHISKEY,19221,Knob Creek,50ml,9YR,100.0,$3.99 ,creek knob,1.6906742408872657,3.99 ,9
STRAIGHT BOURBON WHISKEY,19240,Knob Creek 2001 Bourbon,750ml,15YR,100.0,$126.29 ,2001 creek knob,25.36011361330899,126.29 ,15
STRAIGHT BOURBON WHISKEY,19226,Knob Creek Bourbon,750ml,9YR,100.0,$33.99 ,creek knob,25.36011361330899,33.99 ,9
STRAIGHT BOURBON WHISKEY,19228,Knob Creek Bourbon,1.75L,9YR,100.0,$67.99 ,creek knob,59.17359843105431,67.99 ,9
STRAIGHT BOURBON WHISKEY,19224,Knob Creek Bourbon,375ml,9YR,100.0,$19.99 ,creek knob,12.680056806654495,19.99 ,9
STRAIGHT BOURBON WHISKEY,19235,Knob Creek Single Barrel Reserve,750ml,,120.0,$47.99 ,barrel creek knob reserve single,25.36011361330899,47.99 ,
STRAIGHT BOURBON WHISKEY,18858,Larceny Bourbon,1.75L,,92.0,$49.99 ,larceny,59.17359843105431,49.99 ,
STRAIGHT BOURBON WHISKEY,18852,Larceny Bourbon,50ml,,92.0,$1.59 ,larceny,1.6906742408872657,1.59 ,
STRAIGHT BOURBON WHISKEY,18856,Larceny Bourbon,750ml,,92.0,$29.99 ,larceny,25.36011361330899,29.99 ,
STRAIGHT BOURBON WHISKEY,19436,Lexington Bourbon,750ml,,86.0,$27.99 ,lexington,25.36011361330899,27.99 ,
STRAIGHT BOURBON WHISKEY,19485,Maker's Mark 46 Bourbon,375ml,,94.0,$22.99 ,46 maker mark,12.680056806654495,22.99 ,
STRAIGHT BOURBON WHISKEY,19486,Maker's Mark 46 Bourbon,750ml,,94.0,$39.99 ,46 maker mark,25.36011361330899,39.99 ,
STRAIGHT BOURBON WHISKEY,19562,Maker's Mark American Pharaoh,1L,,0.0,$74.99 ,american maker mark pharaoh,33.81348481774532,74.99 ,
STRAIGHT BOURBON WHISKEY,19473,Maker's Mark Bourbon,200ml,,90.0,$9.99 ,maker mark,6.762696963549063,9.99 ,
STRAIGHT BOURBON WHISKEY,19475,Maker's Mark Bourbon,375ml,,90.0,$18.49 ,maker mark,12.680056806654495,18.49 ,
STRAIGHT BOURBON WHISKEY,19471,Maker's Mark Bourbon,50ml,,90.0,$3.99 ,maker mark,1.6906742408872657,3.99 ,
STRAIGHT BOURBON WHISKEY,19476,Maker's Mark Bourbon,750ml,4YR,90.0,$29.99 ,maker mark,25.36011361330899,29.99 ,4
STRAIGHT BOURBON WHISKEY,19477,Maker's Mark Bourbon,1L,,90.0,$40.99 ,maker mark,33.81348481774532,40.99 ,
STRAIGHT BOURBON WHISKEY,19478,Maker's Mark Bourbon,1.75L,4YR,90.0,$61.99 ,maker mark,59.17359843105431,61.99 ,4
STRAIGHT BOURBON WHISKEY,19481,Maker's Mark Cask Strength,750ml,,110.0,$49.99 ,cask maker mark strength,25.36011361330899,49.99 ,
STRAIGHT BOURBON WHISKEY,19632,Mattingly & Moore,1L,,80.0,$8.99 ,mattingly moore,33.81348481774532,8.99 ,
STRAIGHT BOURBON WHISKEY,19633,Mattingly & Moore Bourbon,1.75L,,80.0,$18.99 ,mattingly moore,59.17359843105431,18.99 ,
STRAIGHT BOURBON WHISKEY,27936,Mccauley's Virginia Bourbon Whiskey,750ml,,90.0,$36.99 ,mccauley virginia,25.36011361330899,36.99 ,
STRAIGHT BOURBON WHISKEY,19826,Medley Bros. Straight Bourbon Whiskey,750ml,,102.0,$24.99 ,bros. medley straight,25.36011361330899,24.99 ,
STRAIGHT BOURBON WHISKEY,19876,Michter's Single Barrel 10 Yr. Bourbon,750ml,10YR,94.4,$114.99 ,. 10 barrel michter single,25.36011361330899,114.99 ,10
STRAIGHT BOURBON WHISKEY,19880,Michter's Us1 Small Batch Bourbon,750ml,,91.4,$41.99 ,batch michter small,25.36011361330899,41.99 ,
STRAIGHT BOURBON WHISKEY,27767,Murlarkey Cincerity,750ml,,80.0,$29.99 ,cincerity murlarkey,25.36011361330899,29.99 ,
STRAIGHT BOURBON WHISKEY,20908,Old 1889 Brand,1.75L,,80.0,$18.99 ,1889 brand old,59.17359843105431,18.99 ,
STRAIGHT BOURBON WHISKEY,20247,Old Crow,1L,4YR,80.0,$10.99 ,crow old,33.81348481774532,10.99 ,4
STRAIGHT BOURBON WHISKEY,20248,Old Crow,1.75L,4YR,80.0,$19.99 ,crow old,59.17359843105431,19.99 ,4
STRAIGHT BOURBON WHISKEY,20286,Old Crow Traveler,750ml,4YR,80.0,$9.99 ,crow old traveler,25.36011361330899,9.99 ,4
STRAIGHT BOURBON WHISKEY,20366,Old Forester,750ml,,86.0,$18.99 ,forester old,25.36011361330899,18.99 ,
STRAIGHT BOURBON WHISKEY,20367,Old Forester,1L,,86.0,$21.99 ,forester old,33.81348481774532,21.99 ,
STRAIGHT BOURBON WHISKEY,20368,Old Forester,1.75L,,86.0,$37.99 ,forester old,59.17359843105431,37.99 ,
STRAIGHT BOURBON WHISKEY,20369,Old Forester 1870 Craft,750ml,,90.0,$44.99 ,1870 forester old,25.36011361330899,44.99 ,
STRAIGHT BOURBON WHISKEY,20372,Old Forester 1897 Craft Bourbon,750ml,,100.0,$49.99 ,1897 forester old,25.36011361330899,49.99 ,
STRAIGHT BOURBON WHISKEY,20376,Old Forester 1920 Craft Bourbon,750ml,,115.0,$59.99 ,1920 forester old,25.36011361330899,59.99 ,
STRAIGHT BOURBON WHISKEY,811,Old Forester Birthday Bourbon 2016,750ml,,97.0,$79.99 ,2016 birthday forester old,25.36011361330899,79.99 ,
STRAIGHT BOURBON WHISKEY,16396,Old Forester Signature,750ml,,100.0,$21.99 ,forester old signature,25.36011361330899,21.99 ,
STRAIGHT BOURBON WHISKEY,20454,Old Grand Dad,750ml,,80.0,$18.99 ,dad grand old,25.36011361330899,18.99 ,
STRAIGHT BOURBON WHISKEY,16416,Old Grand Dad 100,750ml,,100.0,$23.99 ,100 dad grand old,25.36011361330899,23.99 ,
STRAIGHT BOURBON WHISKEY,20116,Old Grand Dad 114,750ml,,114.0,$24.99 ,114 dad grand old,25.36011361330899,24.99 ,
STRAIGHT BOURBON WHISKEY,20676,Old Medley 12 Yr,750ml,,86.8,$64.99 ,12 medley old,25.36011361330899,64.99 ,
STRAIGHT BOURBON WHISKEY,20140,Old Rip Van Winkle 10yr,750ml,,107.0,$59.99 ,10 old rip van winkle,25.36011361330899,59.99 ,
STRAIGHT BOURBON WHISKEY,20726,Old Ripy,375ml,,104.0,$59.99 ,old ripy,12.680056806654495,59.99 ,
STRAIGHT BOURBON WHISKEY,20819,Old Taylor PET,1.75L,,80.0,$18.99 ,old pet taylor,59.17359843105431,18.99 ,
STRAIGHT BOURBON WHISKEY,20150,Pappy Van Winkle Family Reserve 15yr,750ml,,107.0,$99.99 ,15 family pappy reserve van winkle,25.36011361330899,99.99 ,
STRAIGHT BOURBON WHISKEY,27879,Parker's Heritage 24 Yr Bib,750ml,,100.0,$249.99 ,24 bib heritage parker,25.36011361330899,249.99 ,
STRAIGHT BOURBON WHISKEY,21206,Rebel Yell,750ml,4YR,80.0,$15.99 ,rebel yell,25.36011361330899,15.99 ,4
STRAIGHT BOURBON WHISKEY,21208,Rebel Yell,1.75L,4YR,80.0,$28.99 ,rebel yell,59.17359843105431,28.99 ,4
STRAIGHT BOURBON WHISKEY,16454,Reservoir Bourbon Whiskey,375ml,,100.0,$42.19 ,reservoir,12.680056806654495,42.19 ,
STRAIGHT BOURBON WHISKEY,21230,Rhetoric Whiskey,750ml,22YR,90.0,$109.99 ,rhetoric,25.36011361330899,109.99 ,22
STRAIGHT BOURBON WHISKEY,732,Rod And Rifle Straight Bourbon Whiskey,750ml,,80.0,$37.09 ,and rifle rod straight,25.36011361330899,37.09 ,
STRAIGHT BOURBON WHISKEY,22178,Russell's Reserve Single Barrel,750ml,,110.0,$59.99 ,barrel reserve russell single,25.36011361330899,59.99 ,
STRAIGHT BOURBON WHISKEY,21348,Sam Clay,1.75L,6YR,80.0,$19.49 ,clay sam,59.17359843105431,19.49 ,6
STRAIGHT BOURBON WHISKEY,27590,Smooth Ambler Old Scout Bourbon,750ml,,99.0,$42.79 ,ambler old scout smooth,25.36011361330899,42.79 ,
STRAIGHT BOURBON WHISKEY,21540,Stagg Jr.,750ml,,134.4,$52.99 ,jr. stagg,25.36011361330899,52.99 ,
STRAIGHT BOURBON WHISKEY,27560,Stranahan Colorado Whiskey,750ml,,94.0,$59.99 ,colorado stranahan,25.36011361330899,59.99 ,
STRAIGHT BOURBON WHISKEY,27835,The Gifted Horse,750ml,,115.0,$49.99 ,gifted horse,25.36011361330899,49.99 ,
STRAIGHT BOURBON WHISKEY,21906,Van Winkle Special Reserve Bourbon 12 Yr,750ml,,90.4,$69.99 ,12 reserve special van winkle,25.36011361330899,69.99 ,
STRAIGHT BOURBON WHISKEY,21878,Very Old Barton 86 Proof,1.75L,6YR,86.0,$23.99 ,86 barton old proof very,59.17359843105431,23.99 ,6
STRAIGHT BOURBON WHISKEY,21751,Virginia Gentleman,50ml,4YR,80.0,$1.49 ,gentleman virginia,1.6906742408872657,1.49 ,4
STRAIGHT BOURBON WHISKEY,21754,Virginia Gentleman,375ml,4YR,80.0,$6.49 ,gentleman virginia,12.680056806654495,6.49 ,4
STRAIGHT BOURBON WHISKEY,21755,Virginia Gentleman,750ml,4YR,80.0,$13.99 ,gentleman virginia,25.36011361330899,13.99 ,4
STRAIGHT BOURBON WHISKEY,21756,Virginia Gentleman,750ml,4YR,80.0,$13.99 ,gentleman virginia,25.36011361330899,13.99 ,4
STRAIGHT BOURBON WHISKEY,21757,Virginia Gentleman,1L,4YR,80.0,$16.99 ,gentleman virginia,33.81348481774532,16.99 ,4
STRAIGHT BOURBON WHISKEY,21758,Virginia Gentleman,1.75L,4YR,80.0,$27.99 ,gentleman virginia,59.17359843105431,27.99 ,4
STRAIGHT BOURBON WHISKEY,21970,Wathen's Single Barrel Bourbon,750ml,,94.0,$39.99 ,barrel single wathen,25.36011361330899,39.99 ,
STRAIGHT BOURBON WHISKEY,27926,Whoop & Holler,750ml,,84.0,$189.99 ,holler whoop,25.36011361330899,189.99 ,
STRAIGHT BOURBON WHISKEY,22151,Wild Turkey 101,50ml,,101.0,$2.49 ,101 turkey wild,1.6906742408872657,2.49 ,
STRAIGHT BOURBON WHISKEY,22153,Wild Turkey 101,200ml,,101.0,$9.49 ,101 turkey wild,6.762696963549063,9.49 ,
STRAIGHT BOURBON WHISKEY,22154,Wild Turkey 101,375ml,8YR,101.0,$13.99 ,101 turkey wild,12.680056806654495,13.99 ,8
STRAIGHT BOURBON WHISKEY,22156,Wild Turkey 101,750ml,,101.0,$25.99 ,101 turkey wild,25.36011361330899,25.99 ,
STRAIGHT BOURBON WHISKEY,22157,Wild Turkey 101,1L,,101.0,$33.49 ,101 turkey wild,33.81348481774532,33.49 ,
STRAIGHT BOURBON WHISKEY,22158,Wild Turkey 101,1.75L,,101.0,$51.99 ,101 turkey wild,59.17359843105431,51.99 ,
STRAIGHT BOURBON WHISKEY,22121,Wild Turkey 81,750ml,,81.0,$23.99 ,81 turkey wild,25.36011361330899,23.99 ,
STRAIGHT BOURBON WHISKEY,22122,Wild Turkey 81,1L,,81.0,$29.99 ,81 turkey wild,33.81348481774532,29.99 ,
STRAIGHT BOURBON WHISKEY,22123,Wild Turkey 81,1.75L,,81.0,$46.99 ,81 turkey wild,59.17359843105431,46.99 ,
STRAIGHT BOURBON WHISKEY,22166,Wild Turkey Bourbon PET,750ml,,101.0,$25.99 ,pet turkey wild,25.36011361330899,25.99 ,
STRAIGHT BOURBON WHISKEY,22095,Wild Turkey Diamond,750ml,,91.0,$129.99 ,diamond turkey wild,25.36011361330899,129.99 ,
STRAIGHT BOURBON WHISKEY,21946,Wild Turkey Kentucky Spirit,750ml,,101.0,$54.99 ,kentucky spirit turkey wild,25.36011361330899,54.99 ,
STRAIGHT BOURBON WHISKEY,22099,Wild Turkey Masters 17yr,750ml,,86.8,$149.99 ,17 masters turkey wild,25.36011361330899,149.99 ,
STRAIGHT BOURBON WHISKEY,22097,Wild Turkey Masters Keep Decades,750ml,,104.0,$149.99 ,keep masters turkey wild,25.36011361330899,149.99 ,
STRAIGHT BOURBON WHISKEY,22199,Wild Turkey Rare Breed,750ml,,112.8,$44.99 ,breed rare turkey wild,25.36011361330899,44.99 ,
STRAIGHT BOURBON WHISKEY,22198,Wild Turkey Rare Breed,375ml,,112.8,$23.99 ,breed rare turkey wild,12.680056806654495,23.99 ,
STRAIGHT BOURBON WHISKEY,22204,Wild Turkey Rare Breed,375ml,,108.0,$23.99 ,breed rare turkey wild,12.680056806654495,23.99 ,
STRAIGHT BOURBON WHISKEY,22205,Wild Turkey Rare Breed,750ml,,108.0,$44.99 ,breed rare turkey wild,25.36011361330899,44.99 ,
STRAIGHT BOURBON WHISKEY,22175,Wild Turkey Russell Reserve 10 Yr,750ml,,90.0,$35.99 ,10 reserve russell turkey wild,25.36011361330899,35.99 ,
STRAIGHT BOURBON WHISKEY,347,Wood Experiment Box Set 1,1L,,46.0,$99.99 ,1 box experiment set wood,33.81348481774532,99.99 ,
STRAIGHT BOURBON WHISKEY,348,Wood Experiment Box Set 2,1L,,46.0,$99.99 ,2 box experiment set wood,33.81348481774532,99.99 ,
STRAIGHT BOURBON WHISKEY,22215,Woodford Reserve Bourbon,750ml,,90.4,$36.99 ,reserve woodford,25.36011361330899,36.99 ,
STRAIGHT BOURBON WHISKEY,22217,Woodford Reserve Bourbon,1L,,90.4,$45.99 ,reserve woodford,33.81348481774532,45.99 ,
STRAIGHT BOURBON WHISKEY,22213,Woodford Reserve Bourbon,1.75L,,90.4,$69.99 ,reserve woodford,59.17359843105431,69.99 ,
STRAIGHT BOURBON WHISKEY,22214,Woodford Reserve Bourbon,375ml,,90.0,$19.99 ,reserve woodford,12.680056806654495,19.99 ,
STRAIGHT BOURBON WHISKEY,22209,Woodford Reserve Bourbon (plastic),50ml,,90.4,$3.49 ,plastic reserve woodford,1.6906742408872657,3.49 ,
STRAIGHT BOURBON WHISKEY,22219,Woodford Reserve Derby,1L,,90.4,$45.99 ,derby reserve woodford,33.81348481774532,45.99 ,
STRAIGHT BOURBON WHISKEY,22228,Woodford Reserve Double Oaked,750ml,,90.4,$56.99 ,double oaked reserve woodford,25.36011361330899,56.99 ,
STRAIGHT BOURBON WHISKEY,22222,Woodford Reserve Master Collection Brandy Finish,750ml,,90.4,$99.99 ,brandy collection finish master reserve woodford,25.36011361330899,99.99 ,
STRAIGHT BOURBON WHISKEY,22230,Woodford Reserve Master Collection Classic,750ml,,90.4,$99.99 ,classic collection master reserve woodford,25.36011361330899,99.99 ,
STRAIGHT BOURBON WHISKEY,22231,Woodford Reserve Master Collection Straight,750ml,,90.4,$99.99 ,collection master reserve straight woodford,25.36011361330899,99.99 ,
STRAIGHT BOURBON WHISKEY,22246,Yellow Stone 7yr Limited Edition 2015 Ksbw,750ml,7YR,52.5,$104.99 ,2015 7 edition ksbw limited stone yellow,25.36011361330899,104.99 ,7
STRAIGHT BOURBON WHISKEY,22248,Yellowstone 7yr Limited Edition 2016,750ml,7YR,101.0,$99.99 ,2016 7 edition limited yellowstone,25.36011361330899,99.99 ,7
STRAIGHT BOURBON WHISKEY,22244,Yellowstone Select,750ml,,46.5,$49.99 ,select yellowstone,25.36011361330899,49.99 ,
TENNESSEE WHISKEY,26582,Gentleman Jack Whiskey,1L,,80.0,$39.99 ,daniel gentleman jack jack,33.81348481774532,39.99 ,
TENNESSEE WHISKEY,26585,Gentleman Jack Whiskey,375ml,,80.0,$16.99 ,daniel gentleman jack jack,12.680056806654495,16.99 ,
TENNESSEE WHISKEY,26581,Gentleman Jack Whiskey,50ml,,80.0,$2.99 ,daniel gentleman jack jack,1.6906742408872657,2.99 ,
TENNESSEE WHISKEY,26586,Gentleman Jack Whiskey,750ml,,80.0,$32.99 ,daniel gentleman jack jack,25.36011361330899,32.99 ,
TENNESSEE WHISKEY,26589,Gentleman Jack Whiskey,1.75L,,80.0,$64.99 ,daniel gentleman jack jack,59.17359843105431,64.99 ,
TENNESSEE WHISKEY,26594,George Dickel 14 Year Tennessee Whisey,750ml,,106.0,$64.99 ,14 dickel george whisey,25.36011361330899,64.99 ,
TENNESSEE WHISKEY,26654,George Dickel No. 12 Tennessee Whiskey,375ml,4YR,90.0,$13.49 ,12 dickel george,12.680056806654495,13.49 ,4
TENNESSEE WHISKEY,26656,George Dickel No. 12 Tennessee Whiskey,750ml,4YR,90.0,$25.99 ,12 dickel george,25.36011361330899,25.99 ,4
TENNESSEE WHISKEY,26657,George Dickel No. 12 Tennessee Whiskey,1L,4YR,90.0,$29.99 ,12 dickel george,33.81348481774532,29.99 ,4
TENNESSEE WHISKEY,26658,George Dickel No. 12 Tennessee Whiskey,1.75L,4YR,90.0,$45.99 ,12 dickel george,59.17359843105431,45.99 ,4
TENNESSEE WHISKEY,26604,George Dickel No. 8 Tennessee Whiskey,375ml,4YR,80.0,$11.49 ,8 dickel george,12.680056806654495,11.49 ,4
TENNESSEE WHISKEY,26606,George Dickel No. 8 Tennessee Whiskey,750ml,4YR,80.0,$22.99 ,8 dickel george,25.36011361330899,22.99 ,4
TENNESSEE WHISKEY,26607,George Dickel No. 8 Tennessee Whiskey,1L,4YR,80.0,$25.99 ,8 dickel george,33.81348481774532,25.99 ,4
TENNESSEE WHISKEY,26608,George Dickel No. 8 Tennessee Whiskey,1.75L,4YR,80.0,$40.99 ,8 dickel george,59.17359843105431,40.99 ,4
TENNESSEE WHISKEY,26879,Jack Daniel's 150th Anniversary Tennessee Whiskey,750ml,,86.0,$27.99 ,150th anniversary daniel jack,25.36011361330899,27.99 ,
TENNESSEE WHISKEY,26881,Jack Daniel's 150th Super Premium,1L,,100.0,$99.99 ,150th daniel jack premium super,33.81348481774532,99.99 ,
TENNESSEE WHISKEY,832,Jack Daniel's Master Distiller,750ml,,86.0,$29.99 ,daniel distiller jack master,25.36011361330899,29.99 ,
TENNESSEE WHISKEY,26827,Jack Daniel's No. 7 Black Tennessee Whiskey,1L,,80.0,$32.99 ,black daniel jack seven,33.81348481774532,32.99 ,
TENNESSEE WHISKEY,26828,Jack Daniel's No. 7 Black Tennessee Whiskey,1.75L,,80.0,$52.99 ,black daniel jack seven,59.17359843105431,52.99 ,
TENNESSEE WHISKEY,26820,Jack Daniel's No. 7 Black Tennessee Whiskey,375ml,,80.0,$12.99 ,black daniel jack seven,12.680056806654495,12.99 ,
TENNESSEE WHISKEY,26821,Jack Daniel's No. 7 Black Tennessee Whiskey,50ml,,80.0,$2.29 ,black daniel jack seven,1.6906742408872657,2.29 ,
TENNESSEE WHISKEY,26823,Jack Daniel's No. 7 Black Tennessee Whiskey,200ml,,80.0,$8.99 ,black daniel jack seven,6.762696963549063,8.99 ,
TENNESSEE WHISKEY,26826,Jack Daniel's No. 7 Black Tennessee Whiskey,750ml,,80.0,$24.99 ,black daniel jack seven,25.36011361330899,24.99 ,
TENNESSEE WHISKEY,804,Jack Daniel's Sinatra Select,1L,,90.0,$149.99 ,daniel jack select sinatra,33.81348481774532,149.99 ,
TENNESSEE WHISKEY,367,Jack Daniel's Single Barrel - Barrel Proof,750ml,,125.0,$69.99 ,barrel barrel daniel jack proof single,25.36011361330899,69.99 ,
TENNESSEE WHISKEY,26902,Jack Daniel's Single Barrel Tennessee Whiskey,50ml,,94.0,$4.49 ,barrel daniel jack single,1.6906742408872657,4.49 ,
TENNESSEE WHISKEY,26907,Jack Daniel's Single Barrel Tennessee Whiskey,1L,,94.0,$58.99 ,barrel daniel jack single,33.81348481774532,58.99 ,
TENNESSEE WHISKEY,26906,Jack Daniel's Single Barrel Tennessee Whiskey,750ml,,94.0,$49.99 ,barrel daniel jack single,25.36011361330899,49.99 ,
CORN WHISKEY,27250,Balcones Baby Blue Corn Whiskey,750ml,,92.0,$42.99 ,baby balcones blue,25.36011361330899,42.99 ,
CORN WHISKEY,27279,Revelations Single Malt Corn,750ml,,95.0,$69.69 ,corn revelations,25.36011361330899,69.69 ,
CORN WHISKEY,27267,Springfield Scratch Corn Whiskey,750ml,,90.0,$28.99 ,corn scratch springfield,25.36011361330899,28.99 ,
CORN WHISKEY,27298,Virginia Sweetwater Shiners Gold Moonshine 101 Pro,750ml,,101.0,$34.89 ,101 gold moonshine pro shiners sweetwater virginia,25.36011361330899,34.89 ,
CORN WHISKEY,27311,War Horn Whisky,750ml,,80.0,$34.89 ,horn war,25.36011361330899,34.89 ,
CORN WHISKEY,29503,War Horn Whisky (distillery Only),375ml,,85.0,$24.99 ,distillery horn only war,12.680056806654495,24.99 ,
CORN WHISKEY,27883,White Label Corn Whiskey,750ml,,100.0,$32.49 ,corn white,25.36011361330899,32.49 ,
STRAIGHT RYE WHISKEY,27080,(ri)1 Rye Whiskey,750ml,,92.0,$39.99 ,ri1 rye,25.36011361330899,39.99 ,
STRAIGHT RYE WHISKEY,21248,1792 High Rye,750ml,,94.3,$39.99 ,1792 high rye,25.36011361330899,39.99 ,
STRAIGHT RYE WHISKEY,11520,Alberta Dark Batch Rye Whiskey,750ml,,94.0,$29.99 ,alberta batch dark rye,25.36011361330899,29.99 ,
STRAIGHT RYE WHISKEY,27380,Angel's Envy Rye Whiskey,750ml,,100.0,$79.99 ,angel envy rye,25.36011361330899,79.99 ,
STRAIGHT RYE WHISKEY,27000,Booker's Rye Whiskey,750ml,,136.2,$299.99 ,booker rye,25.36011361330899,299.99 ,
STRAIGHT RYE WHISKEY,27022,Bulleit Rye,1.75L,,90.0,$60.99 ,bulleit rye,59.17359843105431,60.99 ,
STRAIGHT RYE WHISKEY,27021,Bulleit Rye Whiskey,375ml,,45.0,$17.99 ,bulleit rye,12.680056806654495,17.99 ,
STRAIGHT RYE WHISKEY,27025,Bulleit Rye Whiskey,750ml,,90.0,$33.99 ,bulleit rye,25.36011361330899,33.99 ,
STRAIGHT RYE WHISKEY,10855,Canadian Club Rye Whisky,750ml,,80.0,$19.99 ,canadian club,25.36011361330899,19.99 ,
STRAIGHT RYE WHISKEY,27488,Catoctin Creek Mosby's Spirit Rye Whiskey,750ml,,80.0,$29.49 ,catoctin creek mosby rye spirit,25.36011361330899,29.49 ,
STRAIGHT RYE WHISKEY,27018,Catoctin Creek Roundstone Rye Whiskey 92 Proof,750ml,4YR,92.0,$52.79 ,92 catoctin creek proof roundstone rye,25.36011361330899,52.79 ,4
STRAIGHT RYE WHISKEY,27030,Catoctin Creek Roundstone Rye Whisky,750ml,,80.0,$45.09 ,catoctin creek roundstone rye,25.36011361330899,45.09 ,
STRAIGHT RYE WHISKEY,27043,Copper Fox Rye Whiskey,750ml,,90.0,$44.99 ,copper fox rye,25.36011361330899,44.99 ,
STRAIGHT RYE WHISKEY,10828,Crown Royal Northern Harvest Rye Whiskey,750ml,,90.0,$31.99 ,crown harvest northern royal rye,25.36011361330899,31.99 ,
STRAIGHT RYE WHISKEY,27101,E H Taylor Jr. Straight Rye Whiskey,750ml,,100.0,$59.99 ,e h jr. rye straight taylor,25.36011361330899,59.99 ,
STRAIGHT RYE WHISKEY,27007,Filibuster Dual Cask Rye Whiskey,750ml,,90.0,$46.29 ,cask dual filibuster rye,25.36011361330899,46.29 ,
STRAIGHT RYE WHISKEY,27031,Geo. Washington Straight Rye 2yr (distillery Only),375ml,,86.0,$187.99 ,2 distillery geo. only rye straight washington,12.680056806654495,187.99 ,
STRAIGHT RYE WHISKEY,27037,George Dickel Rye Whiskey,750ml,,90.0,$28.99 ,dickel george rye,25.36011361330899,28.99 ,
STRAIGHT RYE WHISKEY,27033,George Washington Rye Whiskey (distlllery Only),375ml,,86.0,$97.99 ,distlllery george only rye washington,12.680056806654495,97.99 ,
STRAIGHT RYE WHISKEY,27040,High West Whiskey Double Rye,750ml,,92.0,$40.99 ,double high rye west,25.36011361330899,40.99 ,
STRAIGHT RYE WHISKEY,27123,Hudson Manhattan Rye Whiskey,750ml,,92.0,$59.99 ,hudson manhattan rye,25.36011361330899,59.99 ,
STRAIGHT RYE WHISKEY,27122,Hudson Maple Cask Rye Whiskey,375ml,,92.0,$49.99 ,cask hudson maple rye,12.680056806654495,49.99 ,
STRAIGHT RYE WHISKEY,308,Jack Daniel's 4 Year Single Barrel Rye Whiskey,750ml,4YR,94.0,$54.99 ,4 barrel daniel jack rye single,25.36011361330899,54.99 ,4
STRAIGHT RYE WHISKEY,27136,James E. Pepper 1776 Barrel Proof Rye Whiskey,750ml,,117.0,$38.59 ,1776 barrel e. james pepper proof rye,25.36011361330899,38.59 ,
STRAIGHT RYE WHISKEY,27051,James E. Pepper 1776 Rye Whiskey,750ml,,100.0,$29.89 ,1776 e. james pepper rye straight,25.36011361330899,29.89 ,
STRAIGHT RYE WHISKEY,27058,Jim Beam Rye Whiskey,1.75L,,90.0,$43.99 ,beam jim rye,59.17359843105431,43.99 ,
STRAIGHT RYE WHISKEY,27056,Jim Beam Rye Whiskey,750ml,,90.0,$22.99 ,beam jim rye,25.36011361330899,22.99 ,
STRAIGHT RYE WHISKEY,11452,JP Wiser's Rye,750ml,,80.0,$19.99 ,jp rye wiser,25.36011361330899,19.99 ,
STRAIGHT RYE WHISKEY,11450,JP Wiser's Rye,50ml,,80.0,$0.99 ,jp rye wiser,1.6906742408872657,0.99 ,
STRAIGHT RYE WHISKEY,27048,Knob Creek Rye Whiskey,750ml,,100.0,$33.99 ,creek knob rye,25.36011361330899,33.99 ,
STRAIGHT RYE WHISKEY,27065,Lock Stock & Barrel 13 Year Rye Whiskey,750ml,,101.0,$99.99 ,13 barrel lock rye stock,25.36011361330899,99.99 ,
STRAIGHT RYE WHISKEY,27146,Lock Stock & Barrel 16 Yr Straight Rye Whiskey,750ml,,107.0,$149.99 ,16 and barrel lock rye stock straight,25.36011361330899,149.99 ,
STRAIGHT RYE WHISKEY,11020,Lot 40,750ml,,86.0,$44.99 ,40 lot,25.36011361330899,44.99 ,
STRAIGHT RYE WHISKEY,27062,Michter's Limited Release Single Barrel 10 Yr Rye,750ml,10YR,92.8,$131.19 ,10 barrel limited michter release rye single,25.36011361330899,131.19 ,10
STRAIGHT RYE WHISKEY,27063,Michter's Us 1 Single Barrel Straight Rye,750ml,,84.8,$41.99 ,michter us*1,25.36011361330899,41.99 ,
STRAIGHT RYE WHISKEY,27147,Michter's Us-1 Barrel Strength Rye Whiskey,750ml,,108.0,$77.49 ,barrel michter rye strength,25.36011361330899,77.49 ,
STRAIGHT RYE WHISKEY,27066,Old Overholt,750ml,3YR,80.0,$22.99 ,old overholt rye,25.36011361330899,22.99 ,3
STRAIGHT RYE WHISKEY,27526,Old Potrero 18th Century Style Whiskey,750ml,,102.4,$72.89 ,18th century old potrero style,25.36011361330899,72.89 ,
STRAIGHT RYE WHISKEY,27076,Old Potrero Straight Rye Whiskey,750ml,,97.0,$72.89 ,old potrero rye straight,25.36011361330899,72.89 ,
STRAIGHT RYE WHISKEY,27114,Pikesville Rye 110 Proof,750ml,6YR,110.0,$49.99 ,110 pikesville proof rye,25.36011361330899,49.99 ,6
STRAIGHT RYE WHISKEY,27009,Rabble Rouser Straight Rye (distillery Only),750ml,,100.0,$135.99 ,distillery only rabble rouser rye straight,25.36011361330899,135.99 ,
STRAIGHT RYE WHISKEY,27098,Rebel Yell Small Batch Rye,750ml,,90.0,$29.99 ,batch rebel rye small yell,25.36011361330899,29.99 ,
STRAIGHT RYE WHISKEY,27079,Redemption Rye,750ml,,92.0,$32.99 ,redemption rye,25.36011361330899,32.99 ,
STRAIGHT RYE WHISKEY,27124,Russell's Reserve Single Barrel Rye,750ml,,104.0,$64.99 ,barrel reserve russell rye single,25.36011361330899,64.99 ,
STRAIGHT RYE WHISKEY,27162,Sagamore Spirit Rye Whiskey,750ml,,83.0,$44.99 ,rye sagamore spirit,25.36011361330899,44.99 ,
STRAIGHT RYE WHISKEY,27100,Sazerac Rye 6 Yr,750ml,,90.0,$29.99 ,6 rye sazerac,25.36011361330899,29.99 ,
STRAIGHT RYE WHISKEY,27102,Templeton Rye Whiskey,750ml,4YR,80.0,$39.99 ,rye templeton,25.36011361330899,39.99 ,4
STRAIGHT RYE WHISKEY,27143,Virgil Kaine Robber Baron Rye Whiskey,750ml,,91.0,$37.99 ,baron kaine robber rye virgil,25.36011361330899,37.99 ,
STRAIGHT RYE WHISKEY,15180,Whistle Pig Straight Rye Whiskey,750ml,,100.0,$79.99 ,pig rye straight whistle,25.36011361330899,79.99 ,
STRAIGHT RYE WHISKEY,27145,Whistlepig 12 Year Old World Straight Rye Whiskey,750ml,12YR,86.0,$129.99 ,12 old rye straight whistlepig world,25.36011361330899,129.99 ,12
STRAIGHT RYE WHISKEY,15320,Whistlepig Straight Rye Whiskey 15 Year,750ml,,92.0,$199.99 ,15 rye straight whistlepig,25.36011361330899,199.99 ,
STRAIGHT RYE WHISKEY,27126,Wild Turkey Russell's Reserve Rye,750ml,6YR,90.0,$44.99 ,6 reserve russell rye,25.36011361330899,44.99 ,6
STRAIGHT RYE WHISKEY,27120,Wild Turkey Rye 81,750ml,,81.0,$25.99 ,81 rye turkey wild,25.36011361330899,25.99 ,
STRAIGHT RYE WHISKEY,27130,Woodford Reserve Rye,750ml,,90.4,$36.99 ,reserve rye woodford,25.36011361330899,36.99 ,
BLENDED WHISKEY,22607,Aristocrat Whiskey,1L,,80.0,$9.69 ,aristocrat,33.81348481774532,9.69 ,
BLENDED WHISKEY,22608,Aristocrat Whiskey,1.75L,,80.0,$13.99 ,aristocrat,59.17359843105431,13.99 ,
BLENDED WHISKEY,22788,Beam's Eight Star Whiskey,1.75L,,80.0,$15.99 ,beam eight star,59.17359843105431,15.99 ,
BLENDED WHISKEY,23058,Breckenridge Distiller's High Proof Blend,750ml,,105.0,$59.99 ,blend breckenridge distiller high proof,25.36011361330899,59.99 ,
BLENDED WHISKEY,23268,Calvert Extra Whiskey,1.75L,,70.0,$17.49 ,calvert extra,59.17359843105431,17.49 ,
BLENDED WHISKEY,23308,Carstairs White Seal Whiskey,1.75L,4YR,80.0,$11.99 ,carstairs seal white,59.17359843105431,11.99 ,4
BLENDED WHISKEY,23612,Filibuster Boondoggler,750ml,,90.0,$44.79 ,boondoggler filibuster,25.36011361330899,44.79 ,
BLENDED WHISKEY,23708,Fleischmann's Preferred Whiskey,1.75L,,80.0,$12.99 ,fleischmann preferred,59.17359843105431,12.99 ,
BLENDED WHISKEY,24068,Haller's Reserve Whiskey,1.75L,,80.0,$14.99 ,haller reserve,59.17359843105431,14.99 ,
BLENDED WHISKEY,24248,Imperial Whiskey,1.75L,,80.0,$11.99 ,imperial,59.17359843105431,11.99 ,
BLENDED WHISKEY,19307,Kentucky Gentleman Whiskey (bourbon & Blend),1L,,80.0,$10.59 ,blend gentleman kentucky,33.81348481774532,10.59 ,
BLENDED WHISKEY,19306,Kentucky Gentleman Whiskey (bourbon & Blend),750ml,,80.0,$8.99 ,blend gentleman kentucky,25.36011361330899,8.99 ,
BLENDED WHISKEY,19304,Kentucky Gentleman Whiskey (bourbon & Blend),375ml,,80.0,$5.99 ,blend gentleman kentucky,12.680056806654495,5.99 ,
BLENDED WHISKEY,19308,Kentucky Gentleman Whiskey (bourbon & Blend),1.75L,,80.0,$17.99 ,blend gentleman kentucky,59.17359843105431,17.99 ,
BLENDED WHISKEY,24458,Kessler Whiskey,1.75L,,80.0,$16.99 ,kessler,59.17359843105431,16.99 ,
BLENDED WHISKEY,100067,Lord Calvert Canadian Ducks Unlimited Decanter,750ml,,80.0,$99.99 ,calvert canadian decanter ducks lord unlimited,25.36011361330899,99.99 ,
BLENDED WHISKEY,25197,Paul Jones Whiskey,1L,,80.0,$9.69 ,jones paul,33.81348481774532,9.69 ,
BLENDED WHISKEY,25194,Paul Jones Whiskey,375ml,,80.0,$4.49 ,jones paul,12.680056806654495,4.49 ,
BLENDED WHISKEY,25196,Paul Jones Whiskey,750ml,,80.0,$7.99 ,jones paul,25.36011361330899,7.99 ,
BLENDED WHISKEY,25198,Paul Jones Whiskey,1.75L,,80.0,$15.49 ,jones paul,59.17359843105431,15.49 ,
BLENDED WHISKEY,25206,Paul Jones Whiskey,750ml,,86.0,$7.80 ,jones paul,25.36011361330899,7.80 ,
BLENDED WHISKEY,25604,Seagram's 7 Crown Whiskey,375ml,,80.0,$8.49 ,crown seagram seven,12.680056806654495,8.49 ,
BLENDED WHISKEY,25606,Seagram's 7 Crown Whiskey,750ml,,80.0,$15.99 ,crown seagram seven,25.36011361330899,15.99 ,
BLENDED WHISKEY,25607,Seagram's 7 Crown Whiskey,1L,,80.0,$19.99 ,crown seagram seven,33.81348481774532,19.99 ,
BLENDED WHISKEY,25608,Seagram's 7 Crown Whiskey,1.75L,,80.0,$25.99 ,crown seagram seven,59.17359843105431,25.99 ,
BLENDED WHISKEY,25616,Seagram's 7 Crown Whiskey (traveler),750ml,,80.0,$15.99 ,crown seagram seven traveler,25.36011361330899,15.99 ,
BLENDED WHISKEY,25648,Senator's Club Whiskey,1.75L,,86.0,$15.79 ,club senator,59.17359843105431,15.79 ,
BLENDED WHISKEY,25643,Senator's Club Whiskey,200ml,,86.0,$2.99 ,club senator,6.762696963549063,2.99 ,
BLENDED WHISKEY,25644,Senator's Club Whiskey,375ml,,86.0,$4.59 ,club senator,12.680056806654495,4.59 ,
BLENDED WHISKEY,25646,Senator's Club Whiskey,750ml,,86.0,$7.89 ,club senator,25.36011361330899,7.89 ,
BLENDED WHISKEY,25647,Senator's Club Whiskey,1L,,86.0,$9.69 ,club senator,33.81348481774532,9.69 ,
BLENDED WHISKEY,25636,Senator's Club Whiskey (plastic),750ml,,86.0,$7.89 ,club plastic senator,25.36011361330899,7.89 ,
BLENDED WHISKEY,26006,Virgil Kaine Ashcat Bourbon,750ml,,91.2,$69.99 ,ashcat kaine virgil,25.36011361330899,69.99 ,
BLENDED WHISKEY,22096,Wild Turkey Forgiven Whiskey,750ml,,91.0,$54.99 ,forgiven turkey wild,25.36011361330899,54.99 ,
WHISKEY,27861,Balcones 1 Texas Single Malt,750ml,,106.0,$79.99 ,1 balcones texas,25.36011361330899,79.99 ,
WHISKEY,27901,Bare Knuckle American Wheat Whiskey,750ml,,90.0,$35.99 ,american bare knuckle wheat,25.36011361330899,35.99 ,
WHISKEY,27666,Bernheim Original Wheat Whiskey,750ml,,90.0,$26.99 ,bernheim original wheat,25.36011361330899,26.99 ,
WHISKEY,17510,Clyde May's Whiskey,750ml,,85.0,$32.99 ,clyde may,25.36011361330899,32.99 ,
WHISKEY,27482,Corsair Triple Smoke Small Batch Rum,750ml,,80.0,$53.99 ,batch corsair rum small smoke triple,25.36011361330899,53.99 ,
WHISKEY,27446,Defiant Whisky,750ml,,82.0,$38.99 ,defiant,25.36011361330899,38.99 ,
WHISKEY,28004,Dr. Stoner's Smoky Herb Whiskey,750ml,,84.0,$32.99 ,dr. herb smoky stoner,25.36011361330899,32.99 ,
WHISKEY,17830,Early Times PET,1.75L,,80.0,$21.99 ,early pet times,59.17359843105431,21.99 ,
WHISKEY,17816,Early Times Whiskey,750ml,,80.0,$11.99 ,early times,25.36011361330899,11.99 ,
WHISKEY,17821,Early Times Whiskey,50ml,,80.0,$1.39 ,early times,1.6906742408872657,1.39 ,
WHISKEY,17823,Early Times Whiskey,200ml,,80.0,$3.99 ,early times,6.762696963549063,3.99 ,
WHISKEY,17824,Early Times Whiskey,375ml,,80.0,$6.49 ,early times,12.680056806654495,6.49 ,
WHISKEY,17826,Early Times Whiskey,750ml,,80.0,$11.99 ,early times,25.36011361330899,11.99 ,
WHISKEY,17827,Early Times Whiskey,1L,,80.0,$15.49 ,early times,33.81348481774532,15.49 ,
WHISKEY,16246,Kopper Kettle Virginia Whiskey Bonded,750ml,4YR,100.0,$45.99 ,bonded kettle kopper virginia,25.36011361330899,45.99 ,4
WHISKEY,27500,Kopper Kettle Whiskey,750ml,3YR,86.0,$33.99 ,kettle kopper,25.36011361330899,33.99 ,3
WHISKEY,27601,Michter's US1 Sour Mash,750ml,,86.0,$41.99 ,mash michter sour,25.36011361330899,41.99 ,
WHISKEY,27768,Murlarkey Clemoncy Whiskey,750ml,,80.0,$29.99 ,clemoncy murlarkey,25.36011361330899,29.99 ,
WHISKEY,27542,Rogue Dead Guy Whiskey,750ml,,80.0,$45.10 ,dead guy rogue,25.36011361330899,45.10 ,
WHISKEY,27853,Tim Smith's Climax 'Wood Fired' Whiskey,750ml,,90.0,$34.99 ,'wood climax fired' smith tim,25.36011361330899,34.99 ,
WHISKEY,27605,Tin Cup Whiskey,750ml,,84.0,$32.99 ,cup tin,25.36011361330899,32.99 ,
WHISKEY,27904,Virginia Black,750ml,,80.0,$34.99 ,black virginia,25.36011361330899,34.99 ,
WHISKEY,27600,Wasmund's Single Malt,750ml,,96.0,$44.99 ,wasmund,25.36011361330899,44.99 ,
WHISKEY,27940,Westland American Single Malt Whiskey,750ml,,92.0,$74.99 ,american westland,25.36011361330899,74.99 ,
FLAVORED WHISKEY,27698,Bird Dog Apple Bourbon,750ml,,80.0,$18.99 ,apple bird dog,25.36011361330899,18.99 ,
FLAVORED WHISKEY,27692,Bird Dog Apple Bourbon,50ml,,80.0,$1.19 ,apple bird dog,1.6906742408872657,1.19 ,
FLAVORED WHISKEY,145,Bird Dog Blackberry W/ Tervis Glass,750ml,,80.0,$18.99 ,bird blackberry dog glass tervis w/,25.36011361330899,18.99 ,
FLAVORED WHISKEY,27475,Bird Dog Blackberry Whiskey,750ml,,80.0,$18.99 ,bird blackberry dog,25.36011361330899,18.99 ,
FLAVORED WHISKEY,27699,Bird Dog Chocolate Whiskey,50ml,,80.0,$1.19 ,bird chocolate dog,1.6906742408872657,1.19 ,
FLAVORED WHISKEY,27420,Bird Dog Cinnamon Whiskey,50ml,,80.0,$1.19 ,bird cinnamon dog,1.6906742408872657,1.19 ,
FLAVORED WHISKEY,27426,Bird Dog Hot Cinnamon Flavored Whiskey,750ml,,80.0,$18.99 ,bird cinnamon dog flavored hot,25.36011361330899,18.99 ,
FLAVORED WHISKEY,27807,Bird Dog Jalapeno Honey Flavored Whiskey,50ml,,80.0,$1.19 ,bird dog flavored honey jalapeno,1.6906742408872657,1.19 ,
FLAVORED WHISKEY,27815,Bird Dog Jalapeno Honey Whiskey,750ml,,80.0,$18.99 ,bird dog honey jalapeno,25.36011361330899,18.99 ,
FLAVORED WHISKEY,27418,Bird Dog Maple Flavored Whiskey,750ml,,80.0,$18.99 ,bird dog flavored maple,25.36011361330899,18.99 ,
FLAVORED WHISKEY,27412,Bird Dog Maple Whiskey,50ml,,80.0,$1.19 ,bird dog maple,1.6906742408872657,1.19 ,
FLAVORED WHISKEY,27434,Bird Dog Peach Whiskey,750ml,,80.0,$18.99 ,bird dog peach,25.36011361330899,18.99 ,
FLAVORED WHISKEY,27891,Bird Dog Ruby Red Grapefruit Flavored Whiskey,50ml,,80.0,$1.19 ,bird dog flavored grapefruit red ruby,1.6906742408872657,1.19 ,
FLAVORED WHISKEY,27899,Bird Dog Ruby Red Grapefruit Flavored Whiskey,750ml,,80.0,$18.99 ,bird dog flavored grapefruit red ruby,25.36011361330899,18.99 ,
FLAVORED WHISKEY,10550,Black Velvet Toasted Caramel Whiskey,750ml,,70.0,$12.99 ,black caramel toasted velvet,25.36011361330899,12.99 ,
FLAVORED WHISKEY,77297,Blackback Honey Rye Whiskey,750ml,,70.0,$38.89 ,blackback honey rye,25.36011361330899,38.89 ,
FLAVORED WHISKEY,10580,Cabin Fever Maple Whiskey,50ml,,80.0,$1.49 ,cabin fever maple,1.6906742408872657,1.49 ,
FLAVORED WHISKEY,27384,Chicken Cock Cherry Bounce Whiskey,750ml,,70.0,$18.99 ,bounce cherry chicken cock,25.36011361330899,18.99 ,
FLAVORED WHISKEY,27454,Cinerator Hot Cinnamon Whiskey,750ml,,91.1,$15.99 ,cinerator cinnamon hot,25.36011361330899,15.99 ,
FLAVORED WHISKEY,828,Cinerator Hot Cinnamon Whiskey,50ml,,91.1,$1.09 ,cinerator cinnamon hot,1.6906742408872657,1.09 ,
FLAVORED WHISKEY,86626,Cold Spell Mint Whiskey,750ml,,70.0,$14.99 ,cold mint spell,25.36011361330899,14.99 ,
FLAVORED WHISKEY,27438,Coldcock American Herbal Whiskey,750ml,,70.0,$22.99 ,american coldcock herbal,25.36011361330899,22.99 ,
FLAVORED WHISKEY,10797,Crown Royal Honey Whiskey,750ml,,70.0,$28.99 ,crown honey royal,25.36011361330899,28.99 ,
FLAVORED WHISKEY,10794,Crown Royal Honey Whiskey,50ml,,70.0,$2.99 ,crown honey royal,1.6906742408872657,2.99 ,
FLAVORED WHISKEY,10818,Crown Royal Maple Flavored Whiskey,750ml,,80.0,$28.99 ,crown flavored maple royal,25.36011361330899,28.99 ,
FLAVORED WHISKEY,10809,Crown Royal Regal Apple Whiskey,1.75L,,70.0,$58.99 ,apple crown regal royal,59.17359843105431,58.99 ,
FLAVORED WHISKEY,10807,Crown Royal Regal Apple Whiskey,750ml,,70.0,$28.99 ,apple crown regal royal,25.36011361330899,28.99 ,
FLAVORED WHISKEY,10805,Crown Royal Regal Apple Whiskey,375ml,,35.0,$17.99 ,apple crown regal royal,12.680056806654495,17.99 ,
FLAVORED WHISKEY,10791,Crown Royal Vanilla,750ml,,70.0,$28.99 ,crown royal vanilla,25.36011361330899,28.99 ,
FLAVORED WHISKEY,10788,Crown Royal Vanilla,50ml,,70.0,$2.99 ,crown royal vanilla,1.6906742408872657,2.99 ,
FLAVORED WHISKEY,10790,Crown Royal Vanilla,375ml,,70.0,$17.99 ,crown royal vanilla,12.680056806654495,17.99 ,
FLAVORED WHISKEY,64888,Dewar's Highlander Honey,750ml,,80.0,$27.99 ,dewar highlander honey,25.36011361330899,27.99 ,
FLAVORED WHISKEY,64887,Dewar's Highlander Honey Scotch,50ml,,80.0,$2.29 ,dewar highlander honey,1.6906742408872657,2.29 ,
FLAVORED WHISKEY,73695,Early Times Fire Eater Cinnamon Flavored Whiskey,750ml,,66.0,$15.90 ,cinnamon early eater fire flavored times,25.36011361330899,15.90 ,
FLAVORED WHISKEY,73694,Early Times Fire Eater Cinnamon Whiskey,50ml,,66.0,$1.19 ,cinnamon early eater fire times,1.6906742408872657,1.19 ,
FLAVORED WHISKEY,73715,Evan Williams Cherry Whiskey,750ml,,70.0,$14.49 ,cherry evan williams,25.36011361330899,14.49 ,
FLAVORED WHISKEY,73721,Evan Williams Fire Bourbon,750ml,,70.0,$14.49 ,evan fire williams,25.36011361330899,14.49 ,
FLAVORED WHISKEY,73713,Evan Williams Honey Whiskey,375ml,,70.0,$7.99 ,evan honey williams,12.680056806654495,7.99 ,
FLAVORED WHISKEY,73702,Evan Williams Honey Whiskey,750ml,,70.0,$14.49 ,evan honey williams,25.36011361330899,14.49 ,
FLAVORED WHISKEY,73711,Evan Williams Honey Whiskey,1.75L,,70.0,$22.99 ,evan honey williams,59.17359843105431,22.99 ,
FLAVORED WHISKEY,73729,Evan Williams Kentucky Cider,750ml,,34.0,$8.49 ,cider evan kentucky williams,25.36011361330899,8.49 ,
FLAVORED WHISKEY,73748,Evan Williams Peach Bourbon,750ml,,70.0,$14.49 ,evan peach williams,25.36011361330899,14.49 ,
FLAVORED WHISKEY,64868,Fireball Cinnamon Whiskey,1.75L,,66.0,$30.99 ,cinnamon fireball,59.17359843105431,30.99 ,
FLAVORED WHISKEY,64861,Fireball Cinnamon Whisky,50ml,,66.0,$0.99 ,cinnamon fireball,1.6906742408872657,0.99 ,
FLAVORED WHISKEY,64866,Fireball Cinnamon Whisky,750ml,,66.0,$17.99 ,cinnamon fireball,25.36011361330899,17.99 ,
FLAVORED WHISKEY,64864,Fireball Cinnamon Whisky,375ml,,66.0,$8.99 ,cinnamon fireball,12.680056806654495,8.99 ,
FLAVORED WHISKEY,64867,Fireball Cinnamon Whisky,1L,,66.0,$20.99 ,cinnamon fireball,33.81348481774532,20.99 ,
FLAVORED WHISKEY,100015,Fireball Cinnamon Whisky,3.5L,,66.0,$59.99 ,cinnamon fireball,118.34719686210862,59.99 ,
FLAVORED WHISKEY,64865,Fireball Cinnamon Whisky (plastic),750ml,,66.0,$17.99 ,cinnamon fireball plastic,25.36011361330899,17.99 ,
FLAVORED WHISKEY,158,J.daniel Tin Honey & J. Daniel Tin Fire,750ml,,70.0,$24.99 ,daniel fire honey j. j.daniel tin tin,25.36011361330899,24.99 ,
FLAVORED WHISKEY,86670,Jack Daniel's Honey Tennessee Whiskey,750ml,,70.0,$24.99 ,daniel honey jack,25.36011361330899,24.99 ,
FLAVORED WHISKEY,86669,Jack Daniel's Honey Tennessee Whiskey,375ml,,70.0,$12.99 ,daniel honey jack,12.680056806654495,12.99 ,
FLAVORED WHISKEY,86672,Jack Daniel's Honey Tennessee Whiskey,1L,,70.0,$32.99 ,daniel honey jack,33.81348481774532,32.99 ,
FLAVORED WHISKEY,86673,Jack Daniel's Honey Tennessee Whiskey,1.75L,,70.0,$52.99 ,daniel honey jack,59.17359843105431,52.99 ,
FLAVORED WHISKEY,86694,Jack Daniel's Tennessee Fire,1.75L,,70.0,$45.99 ,daniel fire jack,59.17359843105431,45.99 ,
FLAVORED WHISKEY,86698,Jack Daniel's Tennessee Fire,375ml,,70.0,$12.99 ,daniel fire jack,12.680056806654495,12.99 ,
FLAVORED WHISKEY,86692,Jack Daniel's Tennessee Fire,750ml,,70.0,$24.99 ,daniel fire jack,25.36011361330899,24.99 ,
FLAVORED WHISKEY,86691,Jack Daniel's Tennessee Fire,50ml,,70.0,$2.29 ,daniel fire jack,1.6906742408872657,2.29 ,
FLAVORED WHISKEY,86707,Jeremiah Weed Sarsaparilla,750ml,,70.4,$17.99 ,jeremiah sarsaparilla weed,25.36011361330899,17.99 ,
FLAVORED WHISKEY,27785,Jim Beam Apple,1.75L,,70.0,$29.99 ,apple beam jim,59.17359843105431,29.99 ,
FLAVORED WHISKEY,27783,Jim Beam Apple Bourbon,750ml,,70.0,$17.49 ,apple beam jim,25.36011361330899,17.49 ,
FLAVORED WHISKEY,27780,Jim Beam Apple Bourbon,50ml,,70.0,$1.49 ,apple beam jim,1.6906742408872657,1.49 ,
FLAVORED WHISKEY,100075,Jim Beam Flavor Pack,1.13L,,70.0,$26.29 ,beam flavor jim pack,38.20923784405221,26.29 ,
FLAVORED WHISKEY,27403,Jim Beam Honey Bourbon,1.75L,,70.0,$32.99 ,beam honey jim,59.17359843105431,32.99 ,
FLAVORED WHISKEY,27409,Jim Beam Honey Bourbon,375ml,,70.0,$9.99 ,beam honey jim,12.680056806654495,9.99 ,
FLAVORED WHISKEY,27410,Jim Beam Honey Bourbon,750ml,,70.0,$17.49 ,beam honey jim,25.36011361330899,17.49 ,
FLAVORED WHISKEY,27408,Jim Beam Honey Bourbon,50ml,,70.0,$1.49 ,beam honey jim,1.6906742408872657,1.49 ,
FLAVORED WHISKEY,27682,Jim Beam Kentucky Fire Bourbon,750ml,,70.0,$17.49 ,beam fire jim kentucky,25.36011361330899,17.49 ,
FLAVORED WHISKEY,27680,Jim Beam Kentucky Fire Bourbon,50ml,,70.0,$1.49 ,beam fire jim kentucky,1.6906742408872657,1.49 ,
FLAVORED WHISKEY,27685,Jim Beam Kentucky Fire Bourbon,1.75L,,70.0,$27.99 ,beam fire jim kentucky,59.17359843105431,27.99 ,
FLAVORED WHISKEY,27392,Jim Beam Maple Bourbon,750ml,,70.0,$17.49 ,beam jim maple,25.36011361330899,17.49 ,
FLAVORED WHISKEY,27390,Jim Beam Maple Bourbon,50ml,,70.0,$1.69 ,beam jim maple,1.6906742408872657,1.69 ,
FLAVORED WHISKEY,27604,Knob Creek Smoked Maple Bourbon,750ml,,90.0,$33.99 ,creek knob maple smoked,25.36011361330899,33.99 ,
FLAVORED WHISKEY,86631,Kopper Kettle Apple Whiskey,750ml,,80.0,$24.99 ,apple kettle kopper,25.36011361330899,24.99 ,
FLAVORED WHISKEY,27709,Leopold Bros. New York Apple Whiskey,750ml,,80.0,$39.99 ,apple bros. leopold new rk,25.36011361330899,39.99 ,
FLAVORED WHISKEY,86821,Old Camp Peach Pecan Whiskey,750ml,,70.0,$19.99 ,camp old peach pecan,25.36011361330899,19.99 ,
FLAVORED WHISKEY,62809,Old Forester Mint Julep,1L,,60.0,$21.99 ,forester julep mint old,33.81348481774532,21.99 ,
FLAVORED WHISKEY,86777,Pennington's Strawberry Rye Whiskey,750ml,,70.0,$22.99 ,pennington rye strawberry,25.36011361330899,22.99 ,
FLAVORED WHISKEY,86795,Pennington's Vanilla Rye,750ml,,70.0,$22.99 ,pennington rye vanilla,25.36011361330899,22.99 ,
FLAVORED WHISKEY,86833,Rebel Yell Ginger,50ml,,70.0,$0.99 ,ginger rebel yell,1.6906742408872657,0.99 ,
FLAVORED WHISKEY,86832,Rebel Yell Ginger,750ml,,70.0,$15.99 ,ginger rebel yell,25.36011361330899,15.99 ,
FLAVORED WHISKEY,86835,Rebel Yell Root Beer Whiskey,50ml,,70.0,$0.99 ,beer rebel root yell,1.6906742408872657,0.99 ,
FLAVORED WHISKEY,86834,Rebel Yell Root Beer Whiskey,750ml,,70.0,$15.99 ,beer rebel root yell,25.36011361330899,15.99 ,
FLAVORED WHISKEY,27551,Red Stag,1.75L,4YR,80.0,$32.99 ,beam jim red stag,59.17359843105431,32.99 ,4
FLAVORED WHISKEY,27544,Red Stag,750ml,,70.0,$17.49 ,beam jim red stag,25.36011361330899,17.49 ,
FLAVORED WHISKEY,27543,Red Stag,50ml,,80.0,$1.49 ,beam jim red stag,1.6906742408872657,1.49 ,
FLAVORED WHISKEY,27545,Red Stag,1L,4YR,70.0,$20.99 ,beam jim red stag,33.81348481774532,20.99 ,4
FLAVORED WHISKEY,27404,Red Stag Hardcore Cider,50ml,,80.0,$1.69 ,beam cider hardcore jim red stag,1.6906742408872657,1.69 ,
FLAVORED WHISKEY,27577,Red Stag Honey Tea,750ml,,80.0,$16.90 ,beam honey jim red stag tea,25.36011361330899,16.90 ,
FLAVORED WHISKEY,27549,Red Stag Whiskey (plastic),375ml,4YR,70.0,$9.99 ,beam jim plastic red stag,12.680056806654495,9.99 ,4
FLAVORED WHISKEY,14481,Revel Stoke Pumpkin Spiced Flavored Whisky,750ml,,70.0,$16.99 ,flavored pumpkin revel spiced stoke,25.36011361330899,16.99 ,
FLAVORED WHISKEY,14487,Revel Stoke Roasted Pineapple,750ml,,70.0,$16.99 ,pineapple revel roasted stoke,25.36011361330899,16.99 ,
FLAVORED WHISKEY,27554,Seagram's 7 Crown Dark Honey,750ml,,71.0,$15.99 ,crown dark honey seagram seven,25.36011361330899,15.99 ,
FLAVORED WHISKEY,27555,Seagram's 7 Crown Dark Honey,1L,,71.0,$19.99 ,crown dark honey seagram seven,33.81348481774532,19.99 ,
FLAVORED WHISKEY,27751,Seagram's Orchard Apple,750ml,,71.0,$15.99 ,apple orchard seagram,25.36011361330899,15.99 ,
FLAVORED WHISKEY,11371,Serpent's Bite Apple Cider Flavored Whisky,750ml,,70.0,$15.99 ,apple bite cider flavored serpent,25.36011361330899,15.99 ,
FLAVORED WHISKEY,11370,Serpent's Bite Apple Cider Flavored Whisky,50ml,,70.0,$1.69 ,apple bite cider flavored serpent,1.6906742408872657,1.69 ,
FLAVORED WHISKEY,86803,Southern Comfort Caramel,1L,,55.0,$19.99 ,caramel comfort southern,33.81348481774532,19.99 ,
FLAVORED WHISKEY,86800,Southern Comfort Caramel,50ml,,55.0,$1.99 ,caramel comfort southern,1.6906742408872657,1.99 ,
FLAVORED WHISKEY,86884,Southern Comfort Whiskey,375ml,,70.0,$8.99 ,comfort southern,12.680056806654495,8.99 ,
FLAVORED WHISKEY,86886,Southern Comfort Whiskey,750ml,,70.0,$16.99 ,comfort southern,25.36011361330899,16.99 ,
FLAVORED WHISKEY,86881,Southern Comfort Whiskey,50ml,,70.0,$0.99 ,comfort southern,1.6906742408872657,0.99 ,
FLAVORED WHISKEY,86887,Southern Comfort Whiskey,1L,,70.0,$20.99 ,comfort southern,33.81348481774532,20.99 ,
FLAVORED WHISKEY,86888,Southern Comfort Whiskey,1.75L,,70.0,$26.99 ,comfort southern,59.17359843105431,26.99 ,
FLAVORED WHISKEY,86883,Southern Comfort Whiskey,200ml,,70.0,$4.99 ,comfort southern,6.762696963549063,4.99 ,
FLAVORED WHISKEY,86885,Southern Comfort Whiskey (plastic),750ml,,70.0,$16.99 ,comfort plastic southern,25.36011361330899,16.99 ,
FLAVORED WHISKEY,86914,Southern Comfort Whiskey 100 Proof,375ml,,100.0,$12.49 ,100 comfort proof southern,12.680056806654495,12.49 ,
FLAVORED WHISKEY,86916,Southern Comfort Whiskey 100 Proof,750ml,,100.0,$19.99 ,100 comfort proof southern,25.36011361330899,19.99 ,
FLAVORED WHISKEY,86918,Southern Comfort Whiskey 100 Proof,1.75L,,100.0,$34.99 ,100 comfort proof southern,59.17359843105431,34.99 ,
FLAVORED WHISKEY,15886,The Knot Liqueur,750ml,,100.0,$24.99 ,knot liqueur,25.36011361330899,24.99 ,
FLAVORED WHISKEY,77966,Virgil Kaine Ginger Infused Bourbon,750ml,,80.0,$34.99 ,ginger infused kaine virgil,25.36011361330899,34.99 ,
FLAVORED WHISKEY,77779,Wild Turkey American Honey,1.75L,,71.0,$49.99 ,american honey turkey wild,59.17359843105431,49.99 ,
FLAVORED WHISKEY,77776,Wild Turkey American Honey,750ml,,71.0,$24.99 ,american honey turkey wild,25.36011361330899,24.99 ,
FLAVORED WHISKEY,77777,Wild Turkey American Honey,375ml,,71.0,$14.99 ,american honey turkey wild,12.680056806654495,14.99 ,
FLAVORED WHISKEY,77774,Wild Turkey American Honey,1L,,71.0,$29.99 ,american honey turkey wild,33.81348481774532,29.99 ,
FLAVORED WHISKEY,77771,Wild Turkey American Honey,50ml,,71.0,$1.99 ,american honey turkey wild,1.6906742408872657,1.99 ,
FLAVORED WHISKEY,77767,Wild Turkey American Honey Sting,50ml,,71.0,$1.99 ,american honey sting turkey wild,1.6906742408872657,1.99 ,
FLAVORED WHISKEY,77768,Wild Turkey American Honey Sting,750ml,,71.0,$24.99 ,american honey sting turkey wild,25.36011361330899,24.99 ,
FLAVORED WHISKEY,86922,Wild Turkey Spiced,50ml,,86.0,$1.89 ,spiced turkey wild,1.6906742408872657,1.89 ,
FLAVORED WHISKEY,67266,Yukon Jack,750ml,,100.0,$26.99 ,jack yukon,25.36011361330899,26.99 ,
FLAVORED WHISKEY,67273,Yukon Jack Jacapple,750ml,,70.0,$17.99 ,jacapple jack yukon,25.36011361330899,17.99 ,
CANADIAN WHISKY,11773,Black Velvet,200ml,,80.0,$2.99 ,black velvet,6.762696963549063,2.99 ,
CANADIAN WHISKY,11774,Black Velvet,375ml,,80.0,$5.59 ,black velvet,12.680056806654495,5.59 ,
CANADIAN WHISKY,11776,Black Velvet,750ml,,80.0,$9.99 ,black velvet,25.36011361330899,9.99 ,
CANADIAN WHISKY,11777,Black Velvet,1L,,80.0,$12.99 ,black velvet,33.81348481774532,12.99 ,
CANADIAN WHISKY,11786,Black Velvet Portable,750ml,,80.0,$9.99 ,black portable velvet,25.36011361330899,9.99 ,
CANADIAN WHISKY,11788,Black Velvet Portable,1.75L,,80.0,$19.99 ,black portable velvet,59.17359843105431,19.99 ,
CANADIAN WHISKY,10846,Canadian Club Classic Small Batch Whisky,750ml,,80.0,$23.99 ,batch canadian classic club small,25.36011361330899,23.99 ,
CANADIAN WHISKY,10632,Canadian Club Reserve Triple Aged Whisky,750ml,9YR,80.0,$19.49 ,aged canadian club reserve triple,25.36011361330899,19.49 ,9
CANADIAN WHISKY,10624,Canadian Club Whisky,375ml,5YR,80.0,$7.99 ,canadian club,12.680056806654495,7.99 ,5
CANADIAN WHISKY,10626,Canadian Club Whisky,750ml,5YR,80.0,$15.49 ,canadian club,25.36011361330899,15.49 ,5
CANADIAN WHISKY,10627,Canadian Club Whisky,1L,5YR,80.0,$19.99 ,canadian club,33.81348481774532,19.99 ,5
CANADIAN WHISKY,10628,Canadian Club Whisky,1.75L,5YR,80.0,$29.99 ,canadian club,59.17359843105431,29.99 ,5
CANADIAN WHISKY,12316,Canadian Hunter Traveler,750ml,,80.0,$8.99 ,canadian hunter traveler,25.36011361330899,8.99 ,
CANADIAN WHISKY,12307,Canadian Hunter Whisky,1L,,80.0,$9.99 ,canadian hunter,33.81348481774532,9.99 ,
CANADIAN WHISKY,12306,Canadian Hunter Whisky,750ml,,80.0,$8.99 ,canadian hunter,25.36011361330899,8.99 ,
CANADIAN WHISKY,12308,Canadian Hunter Whisky,1.75L,,80.0,$18.99 ,canadian hunter,59.17359843105431,18.99 ,
CANADIAN WHISKY,12407,Canadian Limited Whisky,1L,,80.0,$9.99 ,canadian limited,33.81348481774532,9.99 ,
CANADIAN WHISKY,12408,Canadian Limited Whisky,1.75L,,80.0,$15.99 ,canadian limited,59.17359843105431,15.99 ,
CANADIAN WHISKY,11058,Canadian Macnaughton Whisky,1.75L,,80.0,$19.99 ,canadian macnaughton,59.17359843105431,19.99 ,
CANADIAN WHISKY,12478,Canadian Mist Easy Pour,1.75L,,80.0,$19.99 ,canadian easy mist pour,59.17359843105431,19.99 ,
CANADIAN WHISKY,12461,Canadian Mist Whisky,50ml,,80.0,$1.39 ,canadian mist,1.6906742408872657,1.39 ,
CANADIAN WHISKY,12463,Canadian Mist Whisky,200ml,,80.0,$2.99 ,canadian mist,6.762696963549063,2.99 ,
CANADIAN WHISKY,12464,Canadian Mist Whisky,375ml,,80.0,$5.99 ,canadian mist,12.680056806654495,5.99 ,
CANADIAN WHISKY,12466,Canadian Mist Whisky,750ml,,80.0,$10.99 ,canadian mist,25.36011361330899,10.99 ,
CANADIAN WHISKY,12467,Canadian Mist Whisky,1L,,80.0,$14.99 ,canadian mist,33.81348481774532,14.99 ,
CANADIAN WHISKY,12476,Canadian Mist Whisky,750ml,,80.0,$10.99 ,canadian mist,25.36011361330899,10.99 ,
CANADIAN WHISKY,10836,Crown Royal Black Whiskey,750ml,,90.0,$32.99 ,black crown royal,25.36011361330899,32.99 ,
CANADIAN WHISKY,10831,Crown Royal Black Whiskey,50ml,,90.0,$2.99 ,black crown royal,1.6906742408872657,2.99 ,
CANADIAN WHISKY,10834,Crown Royal Black Whiskey,375ml,,90.0,$18.49 ,black crown royal,12.680056806654495,18.49 ,
CANADIAN WHISKY,10838,Crown Royal Black Whiskey,1.75L,,90.0,$62.99 ,black crown royal,59.17359843105431,62.99 ,
CANADIAN WHISKY,10837,Crown Royal Black Whiskey,1L,,90.0,$38.99 ,black crown royal,33.81348481774532,38.99 ,
CANADIAN WHISKY,10839,Crown Royal Hand Selected Barrel,750ml,,103.0,$54.99 ,barrel crown hand royal selected,25.36011361330899,54.99 ,
CANADIAN WHISKY,10812,Crown Royal Monarch Whiskey 75th Anniversary,750ml,,80.0,$75.99 ,75th anniversary crown monarch royal,25.36011361330899,75.99 ,
CANADIAN WHISKY,10840,Crown Royal Noble Collection,750ml,,80.6,$59.99 ,collection crown noble royal,25.36011361330899,59.99 ,
CANADIAN WHISKY,11361,Crown Royal Special Reserve,50ml,,80.0,$4.99 ,crown reserve royal special,1.6906742408872657,4.99 ,
CANADIAN WHISKY,11364,Crown Royal Special Reserve,375ml,,80.0,$27.99 ,crown reserve royal special,12.680056806654495,27.99 ,
CANADIAN WHISKY,11366,Crown Royal Special Reserve,750ml,,80.0,$46.99 ,crown reserve royal special,25.36011361330899,46.99 ,
CANADIAN WHISKY,11299,Crown Royal Whiskey,200ml,,80.0,$9.49 ,crown royal,6.762696963549063,9.49 ,
CANADIAN WHISKY,11290,Crown Royal Whiskey,50ml,,80.0,$2.99 ,crown royal,1.6906742408872657,2.99 ,
CANADIAN WHISKY,11294,Crown Royal Whiskey,375ml,,80.0,$17.99 ,crown royal,12.680056806654495,17.99 ,
CANADIAN WHISKY,11296,Crown Royal Whiskey,750ml,,80.0,$28.99 ,crown royal,25.36011361330899,28.99 ,
CANADIAN WHISKY,11297,Crown Royal Whiskey,1L,,80.0,$35.99 ,crown royal,33.81348481774532,35.99 ,
CANADIAN WHISKY,11298,Crown Royal Whiskey,1.75L,,80.0,$58.99 ,crown royal,59.17359843105431,58.99 ,
CANADIAN WHISKY,11295,Crown Royal Whisky (plastic),375ml,,80.0,$17.69 ,crown plastic royal,12.680056806654495,17.69 ,
CANADIAN WHISKY,10826,Crown Royal XO,750ml,,80.0,$49.99 ,crown royal xo,25.36011361330899,49.99 ,
CANADIAN WHISKY,11285,Crown Royal XR,750ml,,80.0,$132.99 ,crown royal xr,25.36011361330899,132.99 ,
CANADIAN WHISKY,10890,Forty Creek Barrel Select Whiskey,750ml,,80.0,$19.99 ,barrel creek forty select,25.36011361330899,19.99 ,
CANADIAN WHISKY,13248,Harwood Canadian Whisky,1.75L,,80.0,$17.69 ,canadian harwood,59.17359843105431,17.69 ,
CANADIAN WHISKY,13638,Lord Calvert Whisky,1.75L,3YR,80.0,$20.99 ,calvert lord,59.17359843105431,20.99 ,3
CANADIAN WHISKY,14192,Pendleton Canadian,750ml,,80.0,$25.49 ,canadian pendleton,25.36011361330899,25.49 ,
CANADIAN WHISKY,14204,Pendleton Limited Edition-wnp15,750ml,,80.0,$25.49 ,edition limited pendleton wnp15,25.36011361330899,25.49 ,
CANADIAN WHISKY,12858,Rich & Rare Reserve Canadian,1.75L,,80.0,$24.99 ,canadian rare reserve rich,59.17359843105431,24.99 ,
CANADIAN WHISKY,12888,Rich & Rare Whisky,1.75L,,80.0,$17.99 ,rare rich,59.17359843105431,17.99 ,
CANADIAN WHISKY,12880,Rich & Rare Whisky,375ml,,80.0,$4.99 ,rare rich,12.680056806654495,4.99 ,
CANADIAN WHISKY,12886,Rich & Rare Whisky,750ml,,80.0,$8.99 ,rare rich,25.36011361330899,8.99 ,
CANADIAN WHISKY,11344,Seagram's VO,375ml,6YR,80.0,$8.99 ,seagram vo,12.680056806654495,8.99 ,6
CANADIAN WHISKY,11346,Seagram's VO,750ml,6YR,80.0,$16.99 ,seagram vo,25.36011361330899,16.99 ,6
CANADIAN WHISKY,11347,Seagram's VO,1L,6YR,80.0,$21.99 ,seagram vo,33.81348481774532,21.99 ,6
CANADIAN WHISKY,11326,Seagram's VO Gold,750ml,,80.0,$19.99 ,gold seagram vo,25.36011361330899,19.99 ,
CANADIAN WHISKY,11348,Seagram's VO Whisky (plastic),1.75L,6YR,80.0,$33.99 ,plastic seagram vo,59.17359843105431,33.99 ,6
CANADIAN WHISKY,15248,Windsor,1.75L,3YR,80.0,$17.99 ,windsor,59.17359843105431,17.99 ,3
IRISH WHISKEY,15739,2 Gingers Irish Whiskey,750ml,,80.0,$17.99 ,2 gingers,25.36011361330899,17.99 ,
IRISH WHISKEY,15737,2 Gingers Irish Whiskey,50ml,,80.0,$2.49 ,2 gingers,1.6906742408872657,2.49 ,
IRISH WHISKEY,15559,Bushmills 21 Year Single Malt Irish Whiskey,750ml,,80.0,$129.99 ,21 bushmills,25.36011361330899,129.99 ,
IRISH WHISKEY,15526,Bushmills Black Bush Irish Whiskey,750ml,,80.0,$29.99 ,black bush bushmills,25.36011361330899,29.99 ,
IRISH WHISKEY,15536,Bushmills Irish Whiskey,750ml,10YR,80.0,$44.99 ,bushmills,25.36011361330899,44.99 ,10
IRISH WHISKEY,15643,Cooper's Croze,750ml,,86.0,$69.99 ,cooper croze,25.36011361330899,69.99 ,
IRISH WHISKEY,15604,Hell Cat Maggie Irish Whiskey,750ml,,80.0,$24.99 ,cat hell maggie,25.36011361330899,24.99 ,
IRISH WHISKEY,15617,Irishman Founders Reserve,750ml,,80.0,$29.99 ,founders man reserve,25.36011361330899,29.99 ,
IRISH WHISKEY,15616,Irishman Single Malt Whiskey,750ml,,80.0,$49.99 ,man,25.36011361330899,49.99 ,
IRISH WHISKEY,15646,Jameson 18 Year Irish Whiskey,750ml,,80.0,$139.99 ,18 jameson,25.36011361330899,139.99 ,
IRISH WHISKEY,15667,Jameson Black Barrel Irish Whiskey,750ml,,80.0,$39.99 ,barrel black jameson,25.36011361330899,39.99 ,
IRISH WHISKEY,15658,Jameson Caskmates Irish Whiskey,750ml,,80.0,$34.99 ,caskmates jameson,25.36011361330899,34.99 ,
IRISH WHISKEY,15621,Jameson Irish Whiskey,50ml,,80.0,$3.49 ,jameson,1.6906742408872657,3.49 ,
IRISH WHISKEY,15626,Jameson Irish Whiskey,750ml,,80.0,$29.99 ,jameson,25.36011361330899,29.99 ,
IRISH WHISKEY,15628,Jameson Irish Whiskey,1.75L,,80.0,$59.99 ,jameson,59.17359843105431,59.99 ,
IRISH WHISKEY,15644,Jameson Irish Whiskey,375ml,,80.0,$18.99 ,jameson,12.680056806654495,18.99 ,
IRISH WHISKEY,15627,Jameson Irish Whiskey,1L,,80.0,$37.99 ,jameson,33.81348481774532,37.99 ,
IRISH WHISKEY,15686,Kilbeggan Irish Whiskey,750ml,,80.0,$24.99 ,kilbeggan,25.36011361330899,24.99 ,
IRISH WHISKEY,15675,Kinahan's 10 Yr Single Malt Irish Whiskey,750ml,,92.0,$68.99 ,10 kinahan,25.36011361330899,68.99 ,
IRISH WHISKEY,15693,Knappogue Castle 12 Yr,750ml,,80.0,$39.99 ,12 castle knappogue,25.36011361330899,39.99 ,
IRISH WHISKEY,15706,Midleton Rare,750ml,,80.0,$159.99 ,midleton rare,25.36011361330899,159.99 ,
IRISH WHISKEY,15778,Old Bushmills,1.75L,,80.0,$52.99 ,bushmills old,59.17359843105431,52.99 ,
IRISH WHISKEY,15777,Old Bushmills,1L,,80.0,$30.99 ,bushmills old,33.81348481774532,30.99 ,
IRISH WHISKEY,15776,Old Bushmills Tins,750ml,,80.0,$23.99 ,bushmills old tins,25.36011361330899,23.99 ,
IRISH WHISKEY,15892,Pogues Irish Whiskey,750ml,,80.0,$39.99 ,pogues,25.36011361330899,39.99 ,
IRISH WHISKEY,15676,Power's,750ml,,80.0,$29.99 ,power,25.36011361330899,29.99 ,
IRISH WHISKEY,15856,Red Breast,750ml,,80.0,$61.99 ,breast red,25.36011361330899,61.99 ,
IRISH WHISKEY,15542,Red Bush,750ml,,80.0,$20.99 ,bush red,25.36011361330899,20.99 ,
IRISH WHISKEY,15884,Teeling Small Batch Irish Whiskey,750ml,,92.0,$39.99 ,batch small teeling,25.36011361330899,39.99 ,
IRISH WHISKEY,15592,The Dubliner Irish Whiskey,750ml,3YR,80.0,$28.99 ,dubliner,25.36011361330899,28.99 ,3
IRISH WHISKEY,15890,The Quiet Man Traditional Irish Whiskey,750ml,4YR,80.0,$50.99 ,man quiet traditional,25.36011361330899,50.99 ,4
IRISH WHISKEY,15940,Tullamore Dew,750ml,,80.0,$29.99 ,dew tullamore,25.36011361330899,29.99 ,
IRISH WHISKEY,15938,Tullamore Dew,1L,,80.0,$36.99 ,dew tullamore,33.81348481774532,36.99 ,
IRISH WHISKEY,15915,Tullamore Dew 12 Irish,750ml,,80.0,$44.99 ,12 dew tullamore,25.36011361330899,44.99 ,
IRISH WHISKEY,15908,Tullamore Dew Phoenix,750ml,,110.0,$59.99 ,dew phoenix tullamore,25.36011361330899,59.99 ,
IRISH WHISKEY,15937,West Cork 10 Yr Irish Whiskey,750ml,,80.0,$39.99 ,10 cork west,25.36011361330899,39.99 ,
IRISH WHISKEY,15931,West Cork Barrel Proof Irish Whiskey,750ml,,124.0,$55.99 ,barrel cork proof west,25.36011361330899,55.99 ,
IRISH WHISKEY,15929,West Cork Black Reserve Irish Whiskey,750ml,,86.0,$39.99 ,black cork reserve west,25.36011361330899,39.99 ,
OTHER (IMPORTED) WHISKEY,15951,Bastille Hand Crafted 1789 Whiskey,750ml,,80.0,$39.99 ,1789 bastille ed hand,25.36011361330899,39.99 ,
OTHER (IMPORTED) WHISKEY,15958,Brenne Estate Cask Whisky,750ml,,100.0,$69.99 ,brenne cask estate,25.36011361330899,69.99 ,
OTHER (IMPORTED) WHISKEY,15960,Hibiki 12 Year,750ml,,86.0,$82.59 ,12 hibiki,25.36011361330899,82.59 ,
OTHER (IMPORTED) WHISKEY,15980,Hibiki Harmony Whiskey,750ml,,86.0,$64.99 ,harmony hibiki,25.36011361330899,64.99 ,
OTHER (IMPORTED) WHISKEY,15962,Nikka Coffey Grain Whisky,750ml,,90.0,$74.99 ,coffey grain nikka,25.36011361330899,74.99 ,
OTHER (IMPORTED) WHISKEY,15982,Suntory Toki Whiskey,750ml,,0.0,$39.99 ,suntory toki,25.36011361330899,39.99 ,
OTHER (IMPORTED) WHISKEY,10380,Virginia Highland Malt Whisky,750ml,,92.0,$57.49 ,highland malt virginia,25.36011361330899,57.49 ,
OTHER (IMPORTED) WHISKEY,15996,Yamazaki 12 Year Whisky,750ml,,86.0,$84.99 ,12 yamazaki,25.36011361330899,84.99 ,
SCOTCH WHISKY,4084,Aberlour 12 Year Single Malt Scotch,750ml,,86.0,$59.99 ,12 aberlour,25.36011361330899,59.99 ,
SCOTCH WHISKY,4085,Aberlour 16 Year Single Malt Scotch,750ml,,86.0,$84.99 ,16 aberlour,25.36011361330899,84.99 ,
SCOTCH WHISKY,4096,Ardbeg 10 Year Islay Single Malt Scotch,750ml,10YR,92.0,$53.99 ,10 ardbeg islay,25.36011361330899,53.99 ,10
SCOTCH WHISKY,100002,Ardbeg 21-year Scotch,750ml,21YR,92.0,$499.99 ,21 ardbeg,25.36011361330899,499.99 ,21
SCOTCH WHISKY,747,Ardbeg Auriverdes Scotch,750ml,,99.8,$99.99 ,ardbeg auriverdes,25.36011361330899,99.99 ,
SCOTCH WHISKY,4090,Ardbeg Corryvreckan Scotch,750ml,,114.2,$84.99 ,ardbeg corryvreckan,25.36011361330899,84.99 ,
SCOTCH WHISKY,137,Ardbeg Dark Cove Committee Release,750ml,,110.0,$109.99 ,ardbeg committee cove dark release,25.36011361330899,109.99 ,
SCOTCH WHISKY,4183,Ardbeg Kelpie,750ml,,51.7,$119.99 ,ardbeg kelpie,25.36011361330899,119.99 ,
SCOTCH WHISKY,508,Ardbeg Perpetuum Scotch,750ml,,94.8,$99.99 ,ardbeg perpetuum,25.36011361330899,99.99 ,
SCOTCH WHISKY,286,Ardbeg Quadrant Scotch,750ml,,92.0,$52.99 ,ardbeg quadrant,25.36011361330899,52.99 ,
SCOTCH WHISKY,4122,Ardbeg Supernova Scotch,750ml,,120.2,$119.99 ,ardbeg supernova,25.36011361330899,119.99 ,
SCOTCH WHISKY,4111,Ardbeg Uigeadall Scotch,750ml,,93.0,$79.99 ,ardbeg uigeadall,25.36011361330899,79.99 ,
SCOTCH WHISKY,4092,Ardbog Scotch,750ml,,104.2,$96.99 ,ardbog,25.36011361330899,96.99 ,
SCOTCH WHISKY,4178,Auchentosahn American Oak Scotch,750ml,,80.0,$39.99 ,american auchentosahn oak,25.36011361330899,39.99 ,
SCOTCH WHISKY,4190,Auchentoshan Three Wood Scotch,750ml,,86.0,$69.99 ,auchentoshan three wood,25.36011361330899,69.99 ,
SCOTCH WHISKY,4226,Ballantine's Scotch,750ml,,80.0,$19.99 ,ballantine,25.36011361330899,19.99 ,
SCOTCH WHISKY,4372,Balvenie 12 Year Single Barrel Scotch,750ml,12YR,95.6,$89.99 ,12 balvenie barrel single,25.36011361330899,89.99 ,12
SCOTCH WHISKY,4367,Balvenie 14 Year Caribbean Cask Scotch,750ml,14YR,86.0,$79.99 ,14 balvenie caribbean cask,25.36011361330899,79.99 ,14
SCOTCH WHISKY,4374,Balvenie 15 Year Sherry Cask Scotch,750ml,15YR,47.8,$124.99 ,15 balvenie cask sherry,25.36011361330899,124.99 ,15
SCOTCH WHISKY,4356,Balvenie Doublewood 12 Year Scotch,750ml,12YR,86.0,$67.99 ,12 balvenie doublewood,25.36011361330899,67.99 ,12
SCOTCH WHISKY,4357,Balvenie Doublewood 17 Year Scotch,750ml,17YR,43.0,$149.99 ,17 balvenie doublewood,25.36011361330899,149.99 ,17
SCOTCH WHISKY,4381,Balvenie Portwood 21 Year Scotch,750ml,,86.0,$229.99 ,21 balvenie portwood,25.36011361330899,229.99 ,
SCOTCH WHISKY,4431,Benrinnes 21 Year Scotch,750ml,,113.8,$459.99 ,21 benrinnes,25.36011361330899,459.99 ,
SCOTCH WHISKY,6798,Bowman's Scotch,1.75L,3YR,80.0,$21.99 ,bowman,59.17359843105431,21.99 ,3
SCOTCH WHISKY,4636,Bowmore 12 Year Single Malt Scotch,750ml,12YR,80.0,$51.99 ,12 bowmore,25.36011361330899,51.99 ,12
SCOTCH WHISKY,4629,Bowmore 15 Year Single Malt Scotch,750ml,15YR,86.0,$75.99 ,15 bowmore,25.36011361330899,75.99 ,15
SCOTCH WHISKY,4683,Brora 38yr,750ml,,97.2,"$2,199.99 ",38 brora,25.36011361330899,"2,199.99 ",
SCOTCH WHISKY,4695,Bruichladdich Islay Barley Scotch,750ml,,100.0,$67.99 ,barley bruichladdich islay,25.36011361330899,67.99 ,
SCOTCH WHISKY,4698,Bruichladdich Scottish Barley,750ml,,100.0,$54.99 ,barley bruichladdich scottish,25.36011361330899,54.99 ,
SCOTCH WHISKY,4626,Buchanan's Deluxe 12 Year Scotch,750ml,,80.0,$41.99 ,12 buchanan deluxe,25.36011361330899,41.99 ,
SCOTCH WHISKY,4628,Buchanan's Deluxe 12 Year Scotch,1.75L,,80.0,$85.99 ,12 buchanan deluxe,59.17359843105431,85.99 ,
SCOTCH WHISKY,4616,Buchanan's Deluxe 18 Year Scotch,750ml,,80.0,$74.99 ,18 buchanan deluxe,25.36011361330899,74.99 ,
SCOTCH WHISKY,4656,Bunnahabhain 12 Year Single Malt Scotch,750ml,,80.0,$69.99 ,12 bunnahabhain,25.36011361330899,69.99 ,
SCOTCH WHISKY,4788,Caol Ila 12 Year Scotch,750ml,,86.0,$65.99 ,12 caol ila,25.36011361330899,65.99 ,
SCOTCH WHISKY,4763,Caol Ila 15 Year Scotch,750ml,,120.8,$135.99 ,15 caol ila,25.36011361330899,135.99 ,
SCOTCH WHISKY,4764,Caol Ila 30 Year Scotch,750ml,,110.2,$799.99 ,30 caol ila,25.36011361330899,799.99 ,
SCOTCH WHISKY,4784,Caol Ila Distillers Edition Scotch,750ml,,86.0,$77.99 ,caol distillers edition ila,25.36011361330899,77.99 ,
SCOTCH WHISKY,4712,Chivas Regal,200ml,,80.0,$12.90 ,chivas regal,6.762696963549063,12.90 ,
SCOTCH WHISKY,4711,Chivas Regal 12 Year Scotch,50ml,12YR,80.0,$3.19 ,12 chivas regal,1.6906742408872657,3.19 ,12
SCOTCH WHISKY,4717,Chivas Regal 12 Year Scotch,1L,12YR,80.0,$49.99 ,12 chivas regal,33.81348481774532,49.99 ,12
SCOTCH WHISKY,4725,Chivas Regal 12 Year Scotch,375ml,12YR,80.0,$21.99 ,12 chivas regal,12.680056806654495,21.99 ,12
SCOTCH WHISKY,4716,Chivas Regal 12 Year Scotch,750ml,12YR,80.0,$32.99 ,12 chivas regal,25.36011361330899,32.99 ,12
SCOTCH WHISKY,4723,Chivas Regal 18 Year Scotch,750ml,18YR,80.0,$79.99 ,18 chivas regal,25.36011361330899,79.99 ,18
SCOTCH WHISKY,4755,Chivas Regal Extra,750ml,,80.0,$49.99 ,chivas extra regal,25.36011361330899,49.99 ,
SCOTCH WHISKY,4718,Chivas Regal Scotch,1.75L,12YR,80.0,$81.99 ,chivas regal,59.17359843105431,81.99 ,12
SCOTCH WHISKY,6997,Clan Macgregor Scotch,1L,,80.0,$12.99 ,clan macgregor,33.81348481774532,12.99 ,
SCOTCH WHISKY,6998,Clan Macgregor Scotch (plastic),1.75L,,80.0,$19.99 ,clan macgregor plastic scotch,59.17359843105431,19.99 ,
SCOTCH WHISKY,7088,Cluny Scotch,1.75L,,80.0,$22.79 ,cluny,59.17359843105431,22.79 ,
SCOTCH WHISKY,4766,Clynelish Select Reserve Scotch,750ml,,109.8,$919.99 ,clynelish reserve select,25.36011361330899,919.99 ,
SCOTCH WHISKY,4777,Cragganmore 25 Year Scotch,750ml,,102.8,$569.99 ,25 cragganmore,25.36011361330899,569.99 ,
SCOTCH WHISKY,4785,Cragganmore Distiller's Edition,750ml,,80.0,$77.99 ,cragganmore distiller edition,25.36011361330899,77.99 ,
SCOTCH WHISKY,4774,Cragganmore Limited Edition,750ml,,111.4,$599.99 ,cragganmore edition limited,25.36011361330899,599.99 ,
SCOTCH WHISKY,4780,Cragganmore Single Malt Scotch,750ml,12YR,80.0,$64.99 ,cragganmore,25.36011361330899,64.99 ,12
SCOTCH WHISKY,4803,Cutty Sark Prohibition,50ml,,100.0,$1.90 ,cutty prohibition sark,1.6906742408872657,1.90 ,
SCOTCH WHISKY,4800,Cutty Sark Prohibition,750ml,,100.0,$29.99 ,cutty prohibition sark,25.36011361330899,29.99 ,
SCOTCH WHISKY,4796,Cutty Sark Scotch,750ml,,80.0,$19.99 ,cutty sark,25.36011361330899,19.99 ,
SCOTCH WHISKY,4797,Cutty Sark Scotch,1L,,80.0,$24.99 ,cutty sark,33.81348481774532,24.99 ,
SCOTCH WHISKY,4798,Cutty Sark Scotch,1.75L,,80.0,$35.99 ,cutty sark,59.17359843105431,35.99 ,
SCOTCH WHISKY,4848,Dalwhinnie Distiller's Edition,750ml,,86.0,$84.99 ,dalwhinnie distiller edition,25.36011361330899,84.99 ,
SCOTCH WHISKY,4846,Dalwhinnie Single Malt Scotch,750ml,15YR,86.0,$69.99 ,dalwhinnie,25.36011361330899,69.99 ,15
SCOTCH WHISKY,4876,Dewar's Special Reserve,750ml,12YR,80.0,$35.99 ,dewar reserve special,25.36011361330899,35.99 ,12
SCOTCH WHISKY,4878,Dewar's Special Reserve 12 Year Scotch,1.75L,12YR,80.0,$69.99 ,12 dewar reserve special,59.17359843105431,69.99 ,12
SCOTCH WHISKY,4861,Dewar's White Label Scotch,50ml,,80.0,$2.29 ,dewar white,1.6906742408872657,2.29 ,
SCOTCH WHISKY,4863,Dewar's White Label Scotch,200ml,,80.0,$8.99 ,dewar white,6.762696963549063,8.99 ,
SCOTCH WHISKY,4864,Dewar's White Label Scotch,375ml,,80.0,$14.99 ,dewar white,12.680056806654495,14.99 ,
SCOTCH WHISKY,4866,Dewar's White Label Scotch,750ml,,80.0,$26.99 ,dewar white,25.36011361330899,26.99 ,
SCOTCH WHISKY,4867,Dewar's White Label Scotch,1L,,80.0,$35.99 ,dewar white,33.81348481774532,35.99 ,
SCOTCH WHISKY,4868,Dewar's White Label Scotch,1.75L,,80.0,$44.99 ,dewar white,59.17359843105431,44.99 ,
SCOTCH WHISKY,7448,Duggan's Dew O'kirkintilloch Scotch,1.75L,,86.8,$27.99 ,dew duggan o'kirkintilloch,59.17359843105431,27.99 ,
SCOTCH WHISKY,4972,Glendronach 12 Year Single Malt Scotch,750ml,12YR,86.0,$64.99 ,12 glendronach,25.36011361330899,64.99 ,12
SCOTCH WHISKY,5007,Glenfiddich 12 Year Scotch,1L,,80.0,$59.99 ,12 glenfiddich,33.81348481774532,59.99 ,
SCOTCH WHISKY,5004,Glenfiddich 12 Year Scotch,375ml,12YR,80.0,$27.99 ,12 glenfiddich,12.680056806654495,27.99 ,12
SCOTCH WHISKY,5159,Glenfiddich 14 Year Scotch,750ml,14YR,86.0,$59.99 ,14 glenfiddich,25.36011361330899,59.99 ,14
SCOTCH WHISKY,5157,Glenfiddich 18 Yr Ancient Reserve,750ml,,0.0,$119.99 ,18 ancient glenfiddich reserve,25.36011361330899,119.99 ,
SCOTCH WHISKY,5012,Glenfiddich Ancient Reserve Single Malt,750ml,18YR,86.0,$119.99 ,ancient glenfiddich reserve,25.36011361330899,119.99 ,18
SCOTCH WHISKY,5231,Glenfiddich India Pale Ale Cask,750ml,,86.0,$74.99 ,ale cask glenfiddich india pale,25.36011361330899,74.99 ,
SCOTCH WHISKY,5006,Glenfiddich Single Malt,750ml,12YR,80.0,$49.99 ,glenfiddich,25.36011361330899,49.99 ,12
SCOTCH WHISKY,5008,Glenfiddich Single Malt Scotch,1.75L,12YR,80.0,$99.99 ,glenfiddich,59.17359843105431,99.99 ,12
SCOTCH WHISKY,5014,Glenfiddich Solera Reserve Single Malt,750ml,15YR,80.0,$69.99 ,glenfiddich reserve solera,25.36011361330899,69.99 ,15
SCOTCH WHISKY,5208,Glenkinchie 24 YR,750ml,,114.4,$499.99 ,24 glenkinchie,25.36011361330899,499.99 ,
SCOTCH WHISKY,4983,Glenkinchie Distiller's Edition,750ml,,86.0,$67.99 ,distiller edition glenkinchie,25.36011361330899,67.99 ,
SCOTCH WHISKY,5031,Glenlivet 12 Year Single Malt Scotch,50ml,12YR,80.0,$3.99 ,12 glenlivet,1.6906742408872657,3.99 ,12
SCOTCH WHISKY,5036,Glenlivet 12 Year Single Malt Scotch,750ml,12YR,80.0,$49.99 ,12 glenlivet,25.36011361330899,49.99 ,12
SCOTCH WHISKY,5037,Glenlivet 12 Year Single Malt Scotch,1L,12YR,80.0,$59.99 ,12 glenlivet,33.81348481774532,59.99 ,12
SCOTCH WHISKY,5038,Glenlivet 12 Year Single Malt Scotch,1.75L,12YR,80.0,$99.99 ,12 glenlivet,59.17359843105431,99.99 ,12
SCOTCH WHISKY,5034,Glenlivet 12 Year Single Malt Scotch,375ml,12YR,80.0,$25.99 ,12 glenlivet,12.680056806654495,25.99 ,12
SCOTCH WHISKY,5040,Glenlivet 18 Year Single Malt Scotch,750ml,18YR,86.0,$119.99 ,18 glenlivet,25.36011361330899,119.99 ,18
SCOTCH WHISKY,5075,Glenlivet Archive 21 Year Single Malt Scotch,750ml,21YR,80.0,$269.99 ,21 archive glenlivet,25.36011361330899,269.99 ,21
SCOTCH WHISKY,5061,Glenlivet French Oak Reserve 15 Yr Old,750ml,,80.0,$69.99 ,15 french glenlivet oak old reserve,25.36011361330899,69.99 ,
SCOTCH WHISKY,5086,Glenlivet Nadurra Scotch,750ml,16YR,118.0,$94.99 ,glenlivet nadurra,25.36011361330899,94.99 ,16
SCOTCH WHISKY,5211,Glenmorangie Bacalta 46%,750ml,,46.0,$97.09 ,46% bacalta glenmorangie,25.36011361330899,97.09 ,
SCOTCH WHISKY,5103,Glenmorangie Lasanta Scotch,750ml,,92.0,$57.99 ,glenmorangie lasanta,25.36011361330899,57.99 ,
SCOTCH WHISKY,179,Glenmorangie Milsean Scotch,750ml,,92.0,$99.99 ,glenmorangie milsean,25.36011361330899,99.99 ,
SCOTCH WHISKY,5104,Glenmorangie Nectar D'or Scotch,750ml,,92.0,$73.99 ,d'or glenmorangie nectar,25.36011361330899,73.99 ,
SCOTCH WHISKY,863,Glenmorangie Original Angled Frame The Open,750ml,,86.0,$44.99 ,angled frame glenmorangie open original the,25.36011361330899,44.99 ,
SCOTCH WHISKY,5105,Glenmorangie Quinta Ruban Scotch,750ml,,92.0,$61.99 ,glenmorangie quinta ruban,25.36011361330899,61.99 ,
SCOTCH WHISKY,5067,Glenmorangie Signet Scotch,750ml,,92.0,$229.99 ,glenmorangie signet,25.36011361330899,229.99 ,
SCOTCH WHISKY,5130,Glenmorangie The Original 10 Yr,1.75L,10YR,86.0,$81.99 ,10 glenmorangie original the,59.17359843105431,81.99 ,10
SCOTCH WHISKY,5133,Glenmorangie The Original 10 Yr,750ml,10YR,86.0,$45.99 ,10 glenmorangie original the,25.36011361330899,45.99 ,10
SCOTCH WHISKY,5134,Glenmorangie The Original 10 Yr,1L,10YR,86.0,$52.99 ,10 glenmorangie original the,33.81348481774532,52.99 ,10
SCOTCH WHISKY,5136,Glenmorangie The Original 18 Yr,750ml,,86.0,$115.99 ,18 glenmorangie original the,25.36011361330899,115.99 ,
SCOTCH WHISKY,5173,Glenmorangie Tusail Scotch,750ml,,92.0,$99.99 ,glenmorangie tusail,25.36011361330899,99.99 ,
SCOTCH WHISKY,7790,Grand MacNish,1.75L,,80.0,$21.99 ,grand macnish,59.17359843105431,21.99 ,
SCOTCH WHISKY,5106,Grant's Scotch,750ml,,80.0,$18.99 ,grant,25.36011361330899,18.99 ,
SCOTCH WHISKY,5108,Grant's Scotch,1.75L,,80.0,$34.99 ,grant,59.17359843105431,34.99 ,
SCOTCH WHISKY,5816,Haig & Haig Pinch,750ml,15YR,80.0,$42.99 ,haig haig pinch,25.36011361330899,42.99 ,15
SCOTCH WHISKY,5202,Haig Club Scotch,750ml,,80.0,$69.99 ,club haig,25.36011361330899,69.99 ,
SCOTCH WHISKY,5246,Highland Park 12 Year Scotch,750ml,12YR,86.0,$52.99 ,12 highland park,25.36011361330899,52.99 ,12
SCOTCH WHISKY,5252,Highland Park 25yr Single Malt,750ml,,86.0,$799.99 ,25 highland park,25.36011361330899,799.99 ,
SCOTCH WHISKY,5220,Highland Park Dark Origins,750ml,,93.6,$79.99 ,dark highland origins park,25.36011361330899,79.99 ,
SCOTCH WHISKY,5221,Highland Park Fire Edition,750ml,,90.4,$399.99 ,edition fire highland park,25.36011361330899,399.99 ,
SCOTCH WHISKY,8207,House Of Stuart Scotch,1L,3YR,80.0,$10.99 ,house of stuart,33.81348481774532,10.99 ,3
SCOTCH WHISKY,8208,House Of Stuart Scotch,1.75L,3YR,80.0,$17.99 ,house of stuart,59.17359843105431,17.99 ,3
SCOTCH WHISKY,8347,Inver House Scotch,1L,,80.0,$11.99 ,house inver,33.81348481774532,11.99 ,
SCOTCH WHISKY,8348,Inver House Scotch,1.75L,,80.0,$21.99 ,house inver,59.17359843105431,21.99 ,
SCOTCH WHISKY,5286,Isle Of Jura Scotch,750ml,10YR,86.0,$59.99 ,isle jura of,25.36011361330899,59.99 ,10
SCOTCH WHISKY,5288,J & B Rare Scotch,1.75L,,80.0,$39.99 ,b j rare,59.17359843105431,39.99 ,
SCOTCH WHISKY,5289,J & B Rare Scotch,1L,,80.0,$31.99 ,b j rare,33.81348481774532,31.99 ,
SCOTCH WHISKY,5290,J & B Rare Scotch,750ml,,80.0,$19.99 ,b j rare,25.36011361330899,19.99 ,
SCOTCH WHISKY,8378,J.W. Dant's Scotch,1.75L,,80.0,$21.49 ,dant j.w.,59.17359843105431,21.49 ,
SCOTCH WHISKY,5321,Johnnie Walker Black Scotch,50ml,12YR,80.0,$3.49 ,black johnnie walker,1.6906742408872657,3.49 ,12
SCOTCH WHISKY,5325,Johnnie Walker Black Scotch,375ml,12YR,80.0,$23.99 ,black johnnie walker,12.680056806654495,23.99 ,12
SCOTCH WHISKY,5339,Johnnie Walker Black Scotch,1.75L,12YR,80.0,$87.99 ,black johnnie walker,59.17359843105431,87.99 ,12
SCOTCH WHISKY,5326,Johnnie Walker Black Scotch,750ml,12YR,80.0,$41.99 ,black johnnie walker,25.36011361330899,41.99 ,12
SCOTCH WHISKY,5327,Johnnie Walker Black Scotch,1L,12YR,80.0,$54.99 ,black johnnie walker,33.81348481774532,54.99 ,12
SCOTCH WHISKY,5408,Johnnie Walker Black Scotch,200ml,,80.0,$13.49 ,black johnnie walker,6.762696963549063,13.49 ,
SCOTCH WHISKY,5261,Johnnie Walker Blenders Batch,750ml,,82.6,$29.99 ,batch blenders johnnie walker,25.36011361330899,29.99 ,
SCOTCH WHISKY,5373,Johnnie Walker Blue Alfred Dunhill Limited Edition,750ml,,80.0,$244.99 ,alfred blue dunhill edition johnnie limited walker,25.36011361330899,244.99 ,
SCOTCH WHISKY,5405,Johnnie Walker Blue Label 2015: Year Of The Ram,750ml,,86.0,$259.99 ,2015: blue johnnie of ram the walker,25.36011361330899,259.99 ,
SCOTCH WHISKY,5277,Johnnie Walker Blue Label 2016: Year Of The Monkey,750ml,,86.0,$259.99 ,2016: blue johnnie monkey of the walker,25.36011361330899,259.99 ,
SCOTCH WHISKY,5270,Johnnie Walker Blue Label 2017:year Of The Rooster,750ml,,92.0,$259.99 ,2017: blue johnnie of rooster the walker,25.36011361330899,259.99 ,
SCOTCH WHISKY,5336,Johnnie Walker Blue Scotch,750ml,,80.0,$229.99 ,blue johnnie walker,25.36011361330899,229.99 ,
SCOTCH WHISKY,5368,Johnnie Walker Blue Scotch,1.75L,,80.0,$324.99 ,blue johnnie walker,59.17359843105431,324.99 ,
SCOTCH WHISKY,5318,Johnnie Walker Double Black,750ml,,80.0,$49.99 ,black double johnnie walker,25.36011361330899,49.99 ,
SCOTCH WHISKY,5316,Johnnie Walker Gold Reserve Scotch,750ml,,80.0,$89.99 ,gold johnnie reserve walker,25.36011361330899,89.99 ,
SCOTCH WHISKY,5350,Johnnie Walker Green Scotch,750ml,,80.0,$61.99 ,green johnnie walker,25.36011361330899,61.99 ,
SCOTCH WHISKY,5319,Johnnie Walker Platinum,750ml,,80.0,$108.99 ,johnnie platinum walker,25.36011361330899,108.99 ,
SCOTCH WHISKY,5341,Johnnie Walker Red Scotch,50ml,,80.0,$2.49 ,johnnie red walker,1.6906742408872657,2.49 ,
SCOTCH WHISKY,5345,Johnnie Walker Red Scotch,375ml,,80.0,$15.49 ,johnnie red walker,12.680056806654495,15.49 ,
SCOTCH WHISKY,5346,Johnnie Walker Red Scotch,750ml,,80.0,$27.49 ,johnnie red walker,25.36011361330899,27.49 ,
SCOTCH WHISKY,5347,Johnnie Walker Red Scotch,1L,,86.8,$36.49 ,johnnie red walker,33.81348481774532,36.49 ,
SCOTCH WHISKY,5349,Johnnie Walker Red Scotch,1.75L,,80.0,$47.99 ,johnnie red walker,59.17359843105431,47.99 ,
SCOTCH WHISKY,5281,Johnnie Walker Select Casks,750ml,,92.0,$44.89 ,casks johnnie select walker,25.36011361330899,44.89 ,
SCOTCH WHISKY,15970,Kavalan Classic Single Malt,750ml,,86.0,$94.99 ,classic kavalan,25.36011361330899,94.99 ,
SCOTCH WHISKY,5427,Lagavulin 12 Year Scotch,750ml,12YR,115.6,$128.99 ,12 lagavulin,25.36011361330899,128.99 ,12
SCOTCH WHISKY,5583,Lagavulin 25 YR,750ml,,103.4,"$1,339.99 ",25 lagavulin,25.36011361330899,"1,339.99 ",
SCOTCH WHISKY,5552,Lagavulin 8yr,750ml,8YR,96.0,$64.99 ,8 lagavulin,25.36011361330899,64.99 ,8
SCOTCH WHISKY,5426,Lagavulin Distillers Edition,750ml,,86.0,$124.99 ,distillers edition lagavulin,25.36011361330899,124.99 ,
SCOTCH WHISKY,5430,Lagavulin Single Malt,750ml,16YR,86.0,$105.99 ,lagavulin,25.36011361330899,105.99 ,16
SCOTCH WHISKY,5447,Laphroaig 25 Year,750ml,,93.6,$499.99 ,25 laphroaig,25.36011361330899,499.99 ,
SCOTCH WHISKY,5434,Laphroaig Cairdeas Madeira,750ml,,103.2,$74.99 ,cairdeas laphroaig madeira,25.36011361330899,74.99 ,
SCOTCH WHISKY,5545,Laphroaig Lore,750ml,,96.0,$124.99 ,laphroaig lore,25.36011361330899,124.99 ,
SCOTCH WHISKY,5433,Laphroaig Quarter Cask,750ml,,96.0,$59.99 ,cask laphroaig quarter,25.36011361330899,59.99 ,
SCOTCH WHISKY,5404,Laphroaig Select Scotch,750ml,,80.0,$47.99 ,laphroaig select,25.36011361330899,47.99 ,
SCOTCH WHISKY,5445,Laphroaig Single Malt,750ml,10YR,86.0,$54.99 ,laphroaig,25.36011361330899,54.99 ,10
SCOTCH WHISKY,5443,Laphroaig Triplewood,750ml,,96.0,$74.99 ,laphroaig triplewood,25.36011361330899,74.99 ,
SCOTCH WHISKY,5580,Linkwood 37yr,750ml,,100.6,$899.99 ,37 linkwood,25.36011361330899,899.99 ,
SCOTCH WHISKY,5482,Macallan 12 Year Single Malt Scotch,1.75L,,86.0,$144.99 ,12 macallan,59.17359843105431,144.99 ,
SCOTCH WHISKY,5515,Macallan 18 Year Single Malt Scotch,750ml,,86.0,$274.99 ,18 macallan,25.36011361330899,274.99 ,
SCOTCH WHISKY,5509,Macallan 30yr Fine Oak,750ml,,86.0,"$2,499.99 ",30 fine macallan oak,25.36011361330899,"2,499.99 ",
SCOTCH WHISKY,5505,Macallan 30yr Sherry Oak,750ml,,86.0,"$2,499.99 ",30 macallan oak sherry,25.36011361330899,"2,499.99 ",
SCOTCH WHISKY,5582,Macallan Edition No. 2,750ml,,96.4,$99.99 ,2 edition macallan,25.36011361330899,99.99 ,
SCOTCH WHISKY,5512,Macallan Rare Cask,750ml,,86.0,$299.99 ,cask macallan rare,25.36011361330899,299.99 ,
SCOTCH WHISKY,5596,Mcclelland's Highland Scotch,750ml,,80.0,$26.99 ,highland mcclelland,25.36011361330899,26.99 ,
SCOTCH WHISKY,5598,Mcclelland's Highland Scotch,1.75L,,80.0,$45.99 ,highland mcclelland,59.17359843105431,45.99 ,
SCOTCH WHISKY,5606,Mcclelland's Islay Scotch,750ml,,80.0,$27.99 ,islay mcclelland,25.36011361330899,27.99 ,
SCOTCH WHISKY,5635,Monkey Shoulder Scotch,750ml,,86.4,$34.99 ,monkey shoulder,25.36011361330899,34.99 ,
SCOTCH WHISKY,5642,Mortlach Rare,750ml,,86.8,$129.99 ,mortlach rare,25.36011361330899,129.99 ,
SCOTCH WHISKY,5696,Oban,750ml,14YR,86.0,$81.99 ,oban,25.36011361330899,81.99 ,14
SCOTCH WHISKY,5702,Oban 18 Yr,750ml,,86.0,$154.99 ,18 oban,25.36011361330899,154.99 ,
SCOTCH WHISKY,5690,Oban Distillers Edition,750ml,,86.0,$97.99 ,distillers edition oban,25.36011361330899,97.99 ,
SCOTCH WHISKY,5701,Oban Little Bay,750ml,,86.0,$64.99 ,bay little oban,25.36011361330899,64.99 ,
SCOTCH WHISKY,5755,Old Pulteney,750ml,,86.0,$45.99 ,old pulteney,25.36011361330899,45.99 ,
SCOTCH WHISKY,9278,Old Smuggler,1.75L,,80.0,$21.99 ,old smuggler,59.17359843105431,21.99 ,
SCOTCH WHISKY,9428,Passport,1.75L,,80.0,$29.99 ,passport,59.17359843105431,29.99 ,
SCOTCH WHISKY,9432,Passport 3yr Scotch,1.75L,,80.0,$29.99 ,3 passport,59.17359843105431,29.99 ,
SCOTCH WHISKY,5822,Port Dundas 12 Yr Single Malt,750ml,,80.0,$49.99 ,12 dundas port,25.36011361330899,49.99 ,
SCOTCH WHISKY,5823,Port Dundas 18 Yr Sinlge Malt,750ml,,86.0,$99.99 ,18 dundas malt port sinlge,25.36011361330899,99.99 ,
SCOTCH WHISKY,5876,Rosebank 21 Year,750ml,,110.6,$569.99 ,21 rosebank,25.36011361330899,569.99 ,
SCOTCH WHISKY,10008,Scoresby Rare,1.75L,,80.0,$19.99 ,rare scoresby,59.17359843105431,19.99 ,
SCOTCH WHISKY,6076,Singleton Of Glendullan,750ml,,80.0,$40.69 ,glendullan of singleton,25.36011361330899,40.69 ,
SCOTCH WHISKY,6101,Speyburn Bradan Orach,750ml,,80.0,$21.99 ,bradan orach speyburn,25.36011361330899,21.99 ,
SCOTCH WHISKY,6106,Speyburn Single Malt,750ml,10YR,86.0,$29.99 ,speyburn,25.36011361330899,29.99 ,10
SCOTCH WHISKY,6198,Talisker 18 Year Scotch,750ml,,91.6,$149.99 ,18 talisker,25.36011361330899,149.99 ,
SCOTCH WHISKY,6205,Talisker 25 YR,750ml,,91.6,$659.99 ,25 talisker,25.36011361330899,659.99 ,
SCOTCH WHISKY,6203,Talisker 30yr,750ml,,114.6,$889.99 ,30 talisker,25.36011361330899,889.99 ,
SCOTCH WHISKY,6197,Talisker Distiller's Edition,750ml,,91.6,$95.99 ,distiller edition talisker,25.36011361330899,95.99 ,
SCOTCH WHISKY,6206,Talisker Single Malt,750ml,10YR,91.6,$76.99 ,talisker,25.36011361330899,76.99 ,10
SCOTCH WHISKY,6196,Talisker Storm,750ml,,91.6,$59.99 ,storm talisker,25.36011361330899,59.99 ,
SCOTCH WHISKY,6266,Tamdhu 10 Yr Sherry Cask,750ml,10YR,86.0,$80.19 ,10 cask sherry tamdhu,25.36011361330899,80.19 ,10
SCOTCH WHISKY,6236,Teacher's Scotch,750ml,,86.0,$19.99 ,teacher,25.36011361330899,19.99 ,
SCOTCH WHISKY,4558,The Black Grouse,1.75L,,40.0,$50.59 ,black grouse,59.17359843105431,50.59 ,
SCOTCH WHISKY,4825,The Dalmore 12 YO,750ml,,80.0,$72.99 ,12 dalmore,25.36011361330899,72.99 ,
SCOTCH WHISKY,4828,The Dalmore 15 Yr,750ml,,80.0,$139.99 ,15 dalmore,25.36011361330899,139.99 ,
SCOTCH WHISKY,4936,The Famous Grouse,750ml,,80.0,$24.99 ,famous grouse,25.36011361330899,24.99 ,
SCOTCH WHISKY,4938,The Famous Grouse,1.75L,,80.0,$47.99 ,famous grouse,59.17359843105431,47.99 ,
SCOTCH WHISKY,4937,The Famous Grouse,1L,,80.0,$32.99 ,famous grouse,33.81348481774532,32.99 ,
SCOTCH WHISKY,5196,The Famous Grouse Smoky Black,1.75L,,80.0,$54.99 ,black famous grouse smoky,59.17359843105431,54.99 ,
SCOTCH WHISKY,5153,The Glenlivet Founders Reserve,750ml,,80.0,$44.99 ,founders glenlivet reserve,25.36011361330899,44.99 ,
SCOTCH WHISKY,5149,The Glenlivet Nadurra First Fill,750ml,,119.6,$94.99 ,fill first glenlivet nadurra,25.36011361330899,94.99 ,
SCOTCH WHISKY,721,The Glenlivet Nadurra Oloroso,750ml,,121.4,$94.99 ,glenlivet nadurra oloroso,25.36011361330899,94.99 ,
SCOTCH WHISKY,100005,The Glenlivet W/50ml's 15yr & Founders Reserve,750ml,,80.0,$48.99 ,15 founders glenlivet reserve w/50ml,25.36011361330899,48.99 ,
SCOTCH WHISKY,5168,The Glenrothes Bourbon Cask Reserve,750ml,,80.0,$59.99 ,cask glenrothes reserve,25.36011361330899,59.99 ,
SCOTCH WHISKY,5161,The Glenrothes Sherry Cask Reserve Scotch,750ml,,80.0,$59.99 ,cask glenrothes reserve sherry,25.36011361330899,59.99 ,
SCOTCH WHISKY,5166,The Glenrothes Vintage Reserve Scotch,750ml,,80.0,$54.99 ,glenrothes reserve vintage,25.36011361330899,54.99 ,
SCOTCH WHISKY,5510,"The Macallan ""m""",750ml,,89.0,"$5,999.99 ","""m"" macallan",25.36011361330899,"5,999.99 ",
SCOTCH WHISKY,5484,The Macallan 12yr,375ml,,86.0,$36.99 ,12 macallan,12.680056806654495,36.99 ,
SCOTCH WHISKY,5486,The Macallan 12yr Scotch,750ml,12YR,86.0,$67.99 ,12 macallan,25.36011361330899,67.99 ,12
SCOTCH WHISKY,5481,The Macallan 12yr Scotch,50ml,12YR,43.0,$9.99 ,12 macallan,1.6906742408872657,9.99 ,12
SCOTCH WHISKY,5476,The Macallan 25yr,750ml,25YR,86.0,"$1,299.99 ",25 macallan,25.36011361330899,"1,299.99 ",25
SCOTCH WHISKY,5502,The Macallan 25yr,750ml,,86.0,"$1,299.99 ",25 macallan,25.36011361330899,"1,299.99 ",
SCOTCH WHISKY,5555,The Macallan Double Cask 12 Yr,750ml,,86.0,$67.99 ,12 cask double macallan,25.36011361330899,67.99 ,
SCOTCH WHISKY,5539,The Macallan Edition No. 1,750ml,,96.0,$99.99 ,1 edition macallan,25.36011361330899,99.99 ,
SCOTCH WHISKY,5492,The Macallan Fine Oak 10yr,750ml,10YR,80.0,$56.99 ,10 fine macallan oak,25.36011361330899,56.99 ,10
SCOTCH WHISKY,5493,The Macallan Fine Oak 15 Yr,750ml,15YR,43.0,$119.99 ,15 fine macallan oak,25.36011361330899,119.99 ,15
SCOTCH WHISKY,5498,The Macallan Fine Oak 17yr,750ml,17YR,43.0,$249.99 ,17 fine macallan oak,25.36011361330899,249.99 ,17
SCOTCH WHISKY,5491,The Macallan Fine Oak 21 YR Old,750ml,,86.0,$499.99 ,21 fine macallan oak old,25.36011361330899,499.99 ,
SCOTCH WHISKY,6316,Tomatin 12 Year Scotch,750ml,,86.0,$36.99 ,12 tomatin,25.36011361330899,36.99 ,
SCOTCH WHISKY,6436,White Horse,750ml,,80.0,$19.99 ,horse white,25.36011361330899,19.99 ,
SCOTCH WHISKY,6438,White Horse Scotch,1.75L,,80.0,$35.99 ,horse white,59.17359843105431,35.99 ,
