whisky,meta_critic,stdev,count,cost,class,super_cluster,cluster,country,type
1792 Full Proof Bourbon,8.95,0.28,4,$$$,Bourbon-like,,,USA,Bourbon
1792 Port Finished Bourbon,8.47,0.09,4,$$$,Bourbon-like,,,USA,Bourbon
1792 Ridgemont Reserve/Small Batch Bourbon,8.59,0.41,15,$$,Bourbon-like,,,USA,Bourbon
1792 Single Barrel Bourbon,8.60,0.39,4,$$$,Bourbon-like,,,USA,Bourbon
1792 Sweet Wheat Bourbon,8.66,0.21,7,$$$$,Bourbon-like,,,USA,Bourbon
2 Gingers Irish Whiskey,8.05,0.35,3,$$,Scotch-like,,,Ireland,Blend
66 Gilead Crimson Rye,8.32,0.45,6,$$,Rye-like,,,Canada,Blend
66 Gilead The Wild Oak,8.04,0.51,6,$$,Bourbon-like,,,Canada,Blend
8 Seconds,7.55,0.44,5,$$,Rye-like,,,Canada,Blend
Aberfeldy 12yo,8.18,0.32,18,$$$,SingleMalt-like,EF,E,Scotland,Malt
Aberfeldy 16yo,8.45,0.20,3,$$$$,SingleMalt-like,ABC,C,Scotland,Malt
Aberfeldy 18yo,8.66,0.26,6,$$$$,SingleMalt-like,ABC,C,Scotland,Malt
Aberfeldy 21yo,8.78,0.20,10,$$$$$,SingleMalt-like,EF,E,Scotland,Malt
Aberlour 10yo,8.28,0.34,14,$$,SingleMalt-like,ABC,C,Scotland,Malt
Aberlour 12yo Double Cask Matured,8.34,0.19,15,$$$,SingleMalt-like,ABC,B,Scotland,Malt
Aberlour 12yo Non-Chill-Filtered,8.79,0.24,11,$$$,SingleMalt-like,ABC,B,Scotland,Malt
Aberlour 16yo Double Cask Matured,8.71,0.18,12,$$$$,SingleMalt-like,ABC,A,Scotland,Malt
Aberlour 18yo,8.76,0.28,12,$$$$,SingleMalt-like,ABC,A,Scotland,Malt
Aberlour A'Bunadh (all batches),8.95,0.16,23,$$$$,SingleMalt-like,ABC,A,Scotland,Malt
Aberlour A'Bunadh (Batch 30),8.96,0.17,6,$$$$,SingleMalt-like,ABC,A,Scotland,Malt
Aberlour A'Bunadh (Batch 32),8.85,0.68,4,$$$$,SingleMalt-like,ABC,A,Scotland,Malt
Aberlour A'Bunadh (Batch 33),9.13,0.12,5,$$$$,SingleMalt-like,ABC,A,Scotland,Malt
Aberlour A'Bunadh (Batch 34),8.88,0.29,5,$$$$,SingleMalt-like,ABC,A,Scotland,Malt
Aberlour A'Bunadh (Batch 35),9.00,0.23,5,$$$$,SingleMalt-like,ABC,A,Scotland,Malt
Aberlour A'Bunadh (Batch 36),9.00,0.48,4,$$$$,SingleMalt-like,ABC,A,Scotland,Malt
Aberlour A'Bunadh (Batch 37),9.10,0.07,3,$$$$,SingleMalt-like,ABC,A,Scotland,Malt
Aberlour A'Bunadh (Batch 38),8.67,0.17,3,$$$$,SingleMalt-like,ABC,A,Scotland,Malt
Aberlour A'Bunadh (Batch 39),9.04,0.22,7,$$$$,SingleMalt-like,ABC,A,Scotland,Malt
Aberlour A'Bunadh (Batch 40),9.10,0.15,4,$$$$,SingleMalt-like,ABC,A,Scotland,Malt
Aberlour A'Bunadh (Batch 42),8.78,0.11,3,$$$$,SingleMalt-like,ABC,A,Scotland,Malt
Aberlour A'Bunadh (Batch 45),8.99,0.27,5,$$$$,SingleMalt-like,ABC,A,Scotland,Malt
Aberlour A'Bunadh (Batch 46),8.93,0.07,3,$$$$,SingleMalt-like,ABC,A,Scotland,Malt
Aberlour A'Bunadh (Batch 47),8.92,0.36,7,$$$$,SingleMalt-like,ABC,A,Scotland,Malt
Aberlour A'Bunadh (Batch 48),8.79,0.53,4,$$$$,SingleMalt-like,ABC,A,Scotland,Malt
Aberlour A'Bunadh (Batch 49),9.14,0.06,6,$$$$,SingleMalt-like,ABC,A,Scotland,Malt
Aberlour A'Bunadh (Batch 50),8.74,0.34,7,$$$$,SingleMalt-like,ABC,A,Scotland,Malt
Aberlour A'Bunadh (Batch 52),8.98,0.17,3,$$$$,SingleMalt-like,ABC,A,Scotland,Malt
Aberlour A'Bunadh (Batch 53),9.06,0.03,3,$$$$,SingleMalt-like,ABC,A,Scotland,Malt
Aberlour A'Bunadh (Batch 54),8.94,0.17,6,$$$$,SingleMalt-like,ABC,A,Scotland,Malt
Alberta Premium,8.22,0.58,11,$,Rye-like,,,Canada,Blend
Alberta Premium Dark Horse,8.61,0.37,15,$,Rye-like,,,Canada,Blend
Alberta Rye Dark Batch,8.70,0.24,7,$$,Rye-like,,,Canada,Blend
Alberta Springs 10yo,8.29,0.42,9,$,Rye-like,,,Canada,Blend
Amrut 100 Peated,8.92,0.38,6,$$$$,SingleMalt-like,J,J,India,Malt
Amrut 6yo Virgin Oak Single Cask,9.09,0.23,3,$$$$,SingleMalt-like,EF,E,India,Malt
Amrut Bourbon Single Cask,8.73,0.30,12,$$$$,SingleMalt-like,EF,E,India,Malt
Amrut Double Cask,9.07,0.25,3,$$$$,SingleMalt-like,EF,E,India,Malt
Amrut Fusion,8.89,0.26,23,$$$$,SingleMalt-like,EF,E,India,Malt
Amrut Greedy Angels (8yo and 10yo),9.21,0.20,6,$$$$$+,SingleMalt-like,ABC,C,India,Malt
Amrut Herald,8.91,0.15,6,$$$$,SingleMalt-like,EF,E,India,Malt
Amrut Indian Single Malt,8.42,0.47,14,$$$,SingleMalt-like,GH,G,India,Malt
Amrut Intermediate Sherry,8.97,0.40,17,$$$$,SingleMalt-like,ABC,B,India,Malt
Amrut Kadhambam,8.93,0.29,12,$$$$,SingleMalt-like,ABC,C,India,Malt
Amrut Naarangi,8.46,0.65,8,$$$$$,SingleMalt-like,ABC,C,India,Malt
Amrut Peated Single Malt,8.69,0.33,11,$$$$,SingleMalt-like,J,J,India,Malt
Amrut Peated Single Malt Cask Strength,9.15,0.19,9,$$$$,SingleMalt-like,J,J,India,Malt
Amrut Portonova,8.99,0.29,16,$$$$,SingleMalt-like,ABC,C,India,Malt
Amrut Portpipe Peated Single Cask,8.84,0.36,9,$$$$,SingleMalt-like,J,J,India,Malt
Amrut PX Sherry Single Cask,8.77,0.47,8,$$$$,SingleMalt-like,ABC,A,India,Malt
Amrut Rye,8.87,0.14,4,$$$$,Rye-like,,,India,Rye
Amrut Spectrum,9.18,0.26,8,$$$$$,SingleMalt-like,ABC,C,India,Malt
Amrut Two Continents,8.80,0.45,12,$$$$,SingleMalt-like,EF,E,India,Malt
Ancient Age 10yo Kentucky Straight Bourbon,8.59,0.39,5,$,Bourbon-like,,,USA,Bourbon
Ancient Age Kentucky Straight Bourbon,7.69,0.59,7,$,Bourbon-like,,,USA,Bourbon
AnCnoc 12yo,8.62,0.32,18,$$$,SingleMalt-like,GH,H,Scotland,Malt
AnCnoc 16yo,8.68,0.34,12,$$$$,SingleMalt-like,GH,G,Scotland,Malt
AnCnoc 18yo,8.64,0.37,8,$$$$,SingleMalt-like,EF,E,Scotland,Malt
AnCnoc 1975,8.88,0.55,4,$$$$$+,SingleMalt-like,ABC,B,Scotland,Malt
AnCnoc 2000,8.62,0.18,4,$$$$,SingleMalt-like,ABC,C,Scotland,Malt
AnCnoc 22yo,8.74,0.31,9,$$$$$,SingleMalt-like,ABC,C,Scotland,Malt
AnCnoc Cutter,9.00,0.54,7,$$$$,SingleMalt-like,J,J,Scotland,Malt
AnCnoc Flaughter,8.58,0.33,9,$$$$,SingleMalt-like,J,J,Scotland,Malt
AnCnoc Peter Arkle (all releases),8.43,0.28,8,$$$$,SingleMalt-like,GH,G,Scotland,Malt
AnCnoc Rutter,8.97,0.29,6,$$$$,SingleMalt-like,J,J,Scotland,Malt
Angels Envy Rye Whiskey (Rum-finished),8.76,0.57,8,$$$$,Bourbon-like,,,USA,Bourbon
Angel's Envy Bourbon (Port-finished),8.46,0.44,13,$$$,Bourbon-like,,,USA,Bourbon
Angel's Envy Cask Strength,8.95,0.37,8,$$$$$+,Bourbon-like,,,USA,Bourbon
Ardbeg 10yo,8.95,0.32,23,$$$,SingleMalt-like,J,J,Scotland,Malt
Ardbeg 17yo,9.04,0.26,7,$$$$$+,SingleMalt-like,J,J,Scotland,Malt
Ardbeg 21yo,9.18,0.24,10,$$$$$+,SingleMalt-like,J,J,Scotland,Malt
Ardbeg Alligator,9.05,0.16,13,$$$$$+,SingleMalt-like,J,J,Scotland,Malt
Ardbeg Ardbog The Ultimate,9.02,0.44,18,$$$$$,SingleMalt-like,J,J,Scotland,Malt
Ardbeg Auriverdes,8.89,0.37,16,$$$$$,SingleMalt-like,J,J,Scotland,Malt
Ardbeg Corryvreckan,9.09,0.31,20,$$$$,SingleMalt-like,J,J,Scotland,Malt
Ardbeg Dark Cove,8.90,0.32,15,$$$$$,SingleMalt-like,J,J,Scotland,Malt
Ardbeg Galileo,8.66,0.49,15,$$$$$+,SingleMalt-like,ABC,C,Scotland,Malt
Ardbeg Perpetuum,8.90,0.37,14,$$$$$,SingleMalt-like,J,J,Scotland,Malt
Ardbeg Supernova 2014,9.05,0.31,14,$$$$$+,SingleMalt-like,J,J,Scotland,Malt
Ardbeg Supernova 2015,9.00,0.33,7,$$$$$+,SingleMalt-like,J,J,Scotland,Malt
Ardbeg Uigeadail,9.20,0.40,22,$$$$,SingleMalt-like,J,J,Scotland,Malt
Ardmore Traditional Cask,8.54,0.18,19,$$$,SingleMalt-like,I,I,Scotland,Malt
Arran Malt 10yo,8.50,0.30,20,$$$,SingleMalt-like,GH,G,Scotland,Malt
Arran Malt 12yo Cask Strength (all editions),8.66,0.39,12,$$$$,SingleMalt-like,GH,H,Scotland,Malt
Arran Malt 14yo,8.68,0.27,19,$$$$,SingleMalt-like,GH,G,Scotland,Malt
Arran Malt 17yo,8.84,0.25,10,$$$$,SingleMalt-like,EF,E,Scotland,Malt
Arran Malt 18yo,8.93,0.13,13,$$$$$,SingleMalt-like,EF,E,Scotland,Malt
Arran Malt Amarone Cask Finish,8.77,0.35,10,$$$,SingleMalt-like,ABC,B,Scotland,Malt
Arran Malt Bourbon Single Cask,8.88,0.20,9,$$$$,SingleMalt-like,EF,E,Scotland,Malt
Arran Malt Lochranza Reserve,8.04,0.60,4,$$$,SingleMalt-like,GH,G,Scotland,Malt
Arran Malt Machrie Moor Cask Strength,8.78,0.08,3,$$$$,SingleMalt-like,I,I,Scotland,Malt
Arran Malt Machrie Moor Peated (all editions),7.88,0.56,12,$$$$,SingleMalt-like,I,I,Scotland,Malt
Arran Malt Madeira Wine Cask,8.63,0.43,10,$$$$,SingleMalt-like,ABC,C,Scotland,Malt
Arran Malt Napoleon Cognac Finish,8.70,0.73,5,$$$$,SingleMalt-like,EF,E,Scotland,Malt
Arran Malt Orkney Bere Barley,8.82,0.32,8,$$$$,SingleMalt-like,GH,G,Scotland,Malt
Arran Malt Port Cask Finish,8.60,0.39,11,$$$,SingleMalt-like,ABC,C,Scotland,Malt
Arran Malt Robert Burns Single Malt,8.20,0.55,7,$$,SingleMalt-like,EF,F,Scotland,Malt
Arran Malt Sauternes Finish,8.52,0.32,11,$$$,SingleMalt-like,EF,E,Scotland,Malt
Arran Malt Sherry Cask Finish,8.31,0.55,11,$$$$$,SingleMalt-like,ABC,C,Scotland,Malt
Arran Malt Sherry Single Cask,8.55,0.54,10,$$$$,SingleMalt-like,ABC,C,Scotland,Malt
Arran Malt The Devils Punch Bowl (all chapters),8.89,0.30,9,$$$$$,SingleMalt-like,EF,E,Scotland,Malt
Arran Malt Tokaji Aszu Wine Finish,8.79,0.36,4,$$$$,SingleMalt-like,EF,F,Scotland,Malt
Auchentoshan 10yo,7.76,0.38,10,$$$,SingleMalt-like,GH,H,Scotland,Malt
Auchentoshan 12yo,8.29,0.26,21,$$$,SingleMalt-like,EF,E,Scotland,Malt
Auchentoshan 18yo,8.36,0.36,12,$$$$$,SingleMalt-like,EF,E,Scotland,Malt
Auchentoshan 21yo,8.82,0.26,12,$$$$$,SingleMalt-like,EF,E,Scotland,Malt
Auchentoshan American Oak,7.60,0.88,7,$$,SingleMalt-like,GH,H,Scotland,Malt
Auchentoshan Classic,7.88,0.50,8,$$,SingleMalt-like,GH,H,Scotland,Malt
Auchentoshan Three Wood,8.25,0.41,21,$$$$,SingleMalt-like,ABC,A,Scotland,Malt
Auchentoshan Valinch,8.22,0.63,11,$$$,SingleMalt-like,GH,H,Scotland,Malt
Auchentoshan Virgin Oak,8.23,0.55,7,$$$$,SingleMalt-like,GH,H,Scotland,Malt
Auchroisk 10yo (F&F),8.08,0.22,4,$$$,SingleMalt-like,EF,E,Scotland,Malt
Aultmore 12yo,8.41,0.22,9,$$$$,SingleMalt-like,GH,H,Scotland,Malt
Aultmore 18yo,8.51,0.22,4,$$$$$,SingleMalt-like,GH,H,Scotland,Malt
Aultmore 25yo,8.92,0.24,3,$$$$$+,SingleMalt-like,EF,E,Scotland,Malt
Bain's Cape Mountain Whisky,8.14,0.50,7,$$,Scotch-like,,,South Africa,Grain
Bakers Kentucky Straight Bourbon 7yo,8.79,0.28,19,$$$,Bourbon-like,,,USA,Bourbon
Balblair 1989,8.53,0.46,11,$$$$$,SingleMalt-like,ABC,C,Scotland,Malt
Balblair 2000,8.38,0.32,9,$$$$,SingleMalt-like,GH,H,Scotland,Malt
Balcones Baby Blue,8.31,0.72,11,$$$$,Bourbon-like,,,USA,Whiskey
Balcones Texas Single Malt Whisky,8.68,0.34,10,$$$$,SingleMalt-like,EF,E,USA,Malt
Ballantine's 17yo,8.79,0.35,14,$$$$,Scotch-like,,,Scotland,Blend
Ballantine's Finest,7.62,0.60,12,$,Scotch-like,,,Scotland,Blend
Balvenie 12yo Doublewood,8.41,0.34,21,$$$$,SingleMalt-like,ABC,A,Scotland,Malt
Balvenie 12yo Single Barrel,8.62,0.33,11,$$$$,SingleMalt-like,EF,E,Scotland,Malt
Balvenie 12yo Triple Cask,8.39,0.46,8,$$$$,SingleMalt-like,ABC,A,Scotland,Malt
Balvenie 14yo Carribean Cask,8.49,0.35,17,$$$$,SingleMalt-like,EF,F,Scotland,Malt
Balvenie 15yo Single Barrel (Cask),8.85,0.24,22,$$$$,SingleMalt-like,GH,G,Scotland,Malt
Balvenie 16yo Triple Cask,8.63,0.24,9,$$$$,SingleMalt-like,ABC,A,Scotland,Malt
Balvenie 17yo Doublewood,8.72,0.24,11,$$$$$,SingleMalt-like,ABC,C,Scotland,Malt
Balvenie 21yo Port Wood,8.78,0.37,15,$$$$$,SingleMalt-like,ABC,A,Scotland,Malt
Balvenie 25yo Single Barrel,8.68,0.92,3,$$$$$+,SingleMalt-like,EF,E,Scotland,Malt
Balvenie TUN 1401 (all 8 batches),9.15,0.30,15,$$$$$+,SingleMalt-like,ABC,A,Scotland,Malt
Balvenie TUN 1509 (all 3 batches),9.01,0.17,11,$$$$$+,SingleMalt-like,ABC,B,Scotland,Malt
Bank Note 5yo Blended Scotch,8.28,0.58,4,$,Scotch-like,,,Scotland,Blend
Basil Haydens Kentucky Bourbon,8.37,0.25,15,$$$,Bourbon-like,,,USA,Bourbon
Bell's Original Scotch Whisky,7.58,0.75,7,$,Scotch-like,,,Scotland,Blend
Ben Nevis 10yo,8.18,0.43,11,$$$,SingleMalt-like,ABC,C,Scotland,Malt
BenRiach 10yo,8.54,0.17,9,$$$,SingleMalt-like,GH,G,Scotland,Malt
BenRiach 10yo Curiositas,8.61,0.30,18,$$$,SingleMalt-like,I,I,Scotland,Malt
BenRiach 12yo,8.43,0.26,14,$$$,SingleMalt-like,GH,G,Scotland,Malt
BenRiach 12yo Horizons,8.36,0.29,7,$$$$,SingleMalt-like,EF,E,Scotland,Malt
BenRiach 12yo Matured in Sherry Wood,8.68,0.21,12,$$$,SingleMalt-like,ABC,B,Scotland,Malt
BenRiach 15yo Sauternes Finish,8.12,0.50,3,$$$$,SingleMalt-like,EF,F,Scotland,Malt
BenRiach 15yo Tawny Port Finish,8.43,0.31,12,$$$$,SingleMalt-like,ABC,C,Scotland,Malt
BenRiach 17yo Septendecim Peated,8.53,0.55,17,$$$$,SingleMalt-like,J,J,Scotland,Malt
BenRiach 17yo Solstice 1st Peated Port Finish,8.88,0.19,3,$$$$,SingleMalt-like,ABC,C,Scotland,Malt
BenRiach 17yo Solstice 2nd Peated Port Finish,8.90,0.43,11,$$$$,SingleMalt-like,ABC,C,Scotland,Malt
BenRiach 17yo Solstice Peated Port (both editions),8.93,0.28,11,$$$$,SingleMalt-like,ABC,C,Scotland,Malt
BenRiach 18yo Albariza Pedro Ximenez Peated,9.11,0.20,5,$$$$$,SingleMalt-like,ABC,C,Scotland,Malt
BenRiach 18yo Dunder,8.70,0.27,4,$$$$$,SingleMalt-like,J,J,Scotland,Malt
BenRiach 18yo Latada,8.85,0.21,4,$$$$$,SingleMalt-like,ABC,B,Scotland,Malt
BenRiach 20yo,8.23,0.71,9,$$$$$,SingleMalt-like,GH,G,Scotland,Malt
BenRiach 21yo Authenticus Peated,8.87,0.35,12,$$$$$,SingleMalt-like,I,I,Scotland,Malt
BenRiach 25yo,8.80,0.46,13,$$$$$+,SingleMalt-like,EF,E,Scotland,Malt
BenRiach 25yo Authenticus Peated,8.65,0.57,6,$$$$$,SingleMalt-like,I,I,Scotland,Malt
BenRiach 35yo,8.96,0.59,5,$$$$$+,SingleMalt-like,ABC,A,Scotland,Malt
BenRiach Birnie Moss,8.27,0.36,10,$$$,SingleMalt-like,I,I,Scotland,Malt
BenRiach Cask Strength,8.86,0.11,4,$$$$,SingleMalt-like,GH,H,Scotland,Malt
BenRiach Heart of Speyside,7.63,0.97,6,$$$,SingleMalt-like,GH,H,Scotland,Malt
BenRiach Peated Quarter Casks,8.59,0.30,4,$$$$,SingleMalt-like,I,I,Scotland,Malt
Benrinnes 15yo F&F,8.34,0.81,7,$$$$,SingleMalt-like,ABC,C,Scotland,Malt
Benromach 10yo,8.69,0.27,20,$$$,SingleMalt-like,I,I,Scotland,Malt
Benromach 10yo Cask Strength (100 proof),9.02,0.15,10,$$$$,SingleMalt-like,ABC,C,Scotland,Malt
Benromach 15yo,8.66,0.46,10,$$$$,SingleMalt-like,ABC,C,Scotland,Malt
Benromach 5yo,8.80,0.18,4,$$,SingleMalt-like,GH,G,Scotland,Malt
Benromach Organic,8.50,0.49,13,$$$$,SingleMalt-like,EF,E,Scotland,Malt
Benromach Peat Smoke,8.44,0.27,13,$$$$,SingleMalt-like,J,J,Scotland,Malt
Benromach Sassicaia,8.47,0.27,4,$$$$,SingleMalt-like,I,I,Scotland,Malt
Benromach Traditional,8.40,0.46,11,$$,SingleMalt-like,GH,G,Scotland,Malt
Bernheim Original Straight Wheat 7yo Small Batch,8.46,0.54,18,$$,Bourbon-like,,,USA,Wheat
Big Peat (Douglas Laing),8.80,0.22,14,$$$$,SingleMalt-like,I,I,Scotland,Malt
Big Peat Christmas Edition (2012-2016),8.85,0.16,9,$$$$,SingleMalt-like,J,J,Scotland,Malt
Black Bottle (after 2013 re-launch),7.80,0.41,10,$$,Scotch-like,,,Scotland,Blend
Black Bottle (pre-2013),8.24,0.51,13,$$,Scotch-like,,,Scotland,Blend
Black Velvet 3yo,7.74,0.91,9,$,Rye-like,,,Canada,Blend
Black Velvet Deluxe,7.16,0.74,8,$,Rye-like,,,Canada,Blend
Blair Athol 12yo (F&F),8.39,0.46,7,$$$,SingleMalt-like,ABC,C,Scotland,Malt
Blanton's Gold Kentucky Straight Bourbon,8.70,0.41,14,$$$$,Bourbon-like,,,USA,Bourbon
Blanton's Single Barrel Bourbon,8.63,0.31,18,$$$,Bourbon-like,,,USA,Bourbon
Blanton's Special Reserve,8.22,0.28,5,$$$,Bourbon-like,,,USA,Bourbon
Blanton's Straight from the Barrel Bourbon,8.95,0.30,6,$$$$,Bourbon-like,,,USA,Bourbon
Booker's Rye,9.29,0.22,8,$$$$$+,Rye-like,,,USA,Rye
Booker's Small Batch Straight Bourbon,8.87,0.28,16,$$$,Bourbon-like,,,USA,Bourbon
Bowmore 10yo Devil's Cask (all batches),8.82,0.32,16,$$$$$,SingleMalt-like,ABC,C,Scotland,Malt
Bowmore 10yo Tempest,8.79,0.20,18,$$$$,SingleMalt-like,I,I,Scotland,Malt
Bowmore 12yo,8.39,0.28,18,$$$,SingleMalt-like,I,I,Scotland,Malt
Bowmore 12yo Enigma,8.52,0.26,10,$$,SingleMalt-like,ABC,C,Scotland,Malt
Bowmore 15yo Darkest,8.59,0.34,19,$$$$,SingleMalt-like,ABC,C,Scotland,Malt
Bowmore 15yo Laimrig,8.99,0.16,14,$$$$,SingleMalt-like,ABC,C,Scotland,Malt
Bowmore 15yo Mariner,8.64,0.45,7,$$$$$,SingleMalt-like,I,I,Scotland,Malt
Bowmore 17yo,8.34,0.65,7,$$$$$,SingleMalt-like,I,I,Scotland,Malt
Bowmore 17yo White Sands,8.47,0.56,5,$$$$,SingleMalt-like,I,I,Scotland,Malt
Bowmore 18yo,8.55,0.48,16,$$$$,SingleMalt-like,I,I,Scotland,Malt
Bowmore 25yo,8.84,0.51,9,$$$$$+,SingleMalt-like,ABC,C,Scotland,Malt
Bowmore Black Rock,8.16,0.27,5,$$,SingleMalt-like,ABC,C,Scotland,Malt
Bowmore Gold Reef,8.32,0.40,5,$$,SingleMalt-like,I,I,Scotland,Malt
Bowmore Legend,7.67,0.57,10,$$,SingleMalt-like,I,I,Scotland,Malt
Bowmore Mizunara Cask Finish,8.88,0.44,3,$$$$$+,SingleMalt-like,I,I,Scotland,Malt
Bowmore Small Batch,8.26,0.55,11,$$$,SingleMalt-like,I,I,Scotland,Malt
Bowmore Springtide,9.06,0.76,4,$$$$$,SingleMalt-like,ABC,C,Scotland,Malt
Bowmore Vault Edition First Release,8.63,0.27,3,$$$$$,SingleMalt-like,I,I,Scotland,Malt
Box The 2nd Step Collection 02,8.92,0.05,3,$$$$,SingleMalt-like,EF,E,Sweden,Malt
Box The Festival 2014,8.94,0.13,3,$$$$$,SingleMalt-like,J,J,Sweden,Malt
Brora 21yo,8.87,0.41,4,$$$$$+,SingleMalt-like,J,J,Scotland,Malt
Brora 30yo,9.30,0.22,17,$$$$$+,SingleMalt-like,J,J,Scotland,Malt
Brora 35yo,9.43,0.34,10,$$$$$+,SingleMalt-like,J,J,Scotland,Malt
Bruichladdich 21yo Cuve 382 La Berenice,8.57,0.61,5,$$$$$,SingleMalt-like,EF,E,Scotland,Malt
Bruichladdich 21yo Cuve 407 PX,8.97,0.20,3,$$$$$+,SingleMalt-like,ABC,A,Scotland,Malt
Bruichladdich 21yo Cuve 640 Eroica,8.72,0.41,8,$$$$$,SingleMalt-like,EF,E,Scotland,Malt
Bruichladdich Black Art 1989,8.24,0.39,4,$$$$$+,SingleMalt-like,EF,E,Scotland,Malt
Bruichladdich Black Art 2.x 1989,9.06,0.19,7,$$$$$+,SingleMalt-like,EF,E,Scotland,Malt
Bruichladdich Black Art 3.x 1989,9.07,0.42,10,$$$$$+,SingleMalt-like,EF,E,Scotland,Malt
Bruichladdich Black Art 4.x 1990,8.54,0.60,10,$$$$$+,SingleMalt-like,EF,E,Scotland,Malt
Bruichladdich Classic Laddie Scottish Barley,8.39,0.44,8,$$$,SingleMalt-like,GH,G,Scotland,Malt
Bruichladdich Infinity Third Edition,8.77,0.27,5,$$$$$,SingleMalt-like,I,I,Scotland,Malt
Bruichladdich Islay Barley (all vintages),8.57,0.23,12,$$$$,SingleMalt-like,I,I,Scotland,Malt
Bruichladdich Laddie Classic (Edition 01),8.42,0.56,6,$$$,SingleMalt-like,GH,G,Scotland,Malt
Bruichladdich Laddie Sixteen,8.75,0.22,12,$$$$,SingleMalt-like,GH,G,Scotland,Malt
Bruichladdich Laddie Ten,8.82,0.30,16,$$$,SingleMalt-like,GH,G,Scotland,Malt
Bruichladdich Laddie Ten (Second Edition),8.89,0.27,7,$$$,SingleMalt-like,GH,G,Scotland,Malt
Bruichladdich Laddie Twenty Two,8.85,0.25,10,$$$$$,SingleMalt-like,GH,G,Scotland,Malt
Bruichladdich Octomore 10,8.88,0.41,5,$$$$$+,SingleMalt-like,J,J,Scotland,Malt
Bruichladdich Octomore 10 (Second Edition),9.15,0.20,4,$$$$$,SingleMalt-like,J,J,Scotland,Malt
Bruichladdich Octomore 6.1,8.73,0.26,13,$$$$$,SingleMalt-like,J,J,Scotland,Malt
Bruichladdich Octomore 6.2,9.10,0.26,8,$$$$$,SingleMalt-like,J,J,Scotland,Malt
Bruichladdich Octomore 6.3,8.75,0.62,8,$$$$$,SingleMalt-like,J,J,Scotland,Malt
Bruichladdich Octomore 7.1,8.98,0.28,10,$$$$$,SingleMalt-like,J,J,Scotland,Malt
Bruichladdich Octomore 7.2,8.96,0.33,6,$$$$$,SingleMalt-like,J,J,Scotland,Malt
Bruichladdich Octomore 7.3,9.01,0.42,6,$$$$$,SingleMalt-like,J,J,Scotland,Malt
Bruichladdich Octomore 7.4,8.56,0.69,7,$$$$$,SingleMalt-like,J,J,Scotland,Malt
Bruichladdich Rocks,8.36,0.29,10,$$$$,SingleMalt-like,ABC,C,Scotland,Malt
Bruichladdich Sherry Classic,8.25,0.85,6,$$$$,SingleMalt-like,EF,E,Scotland,Malt
Buffalo Trace Bourbon,8.58,0.41,19,$$,Bourbon-like,,,USA,Bourbon
"Buffalo Trace Experimental Collection 12yo floor #5 (rye, 2014)",9.06,0.23,5,$$$$$,Bourbon-like,,,USA,Bourbon
Bulleit 10yo,8.53,0.39,13,$$$,Bourbon-like,,,USA,Bourbon
Bulleit Bourbon,8.38,0.37,21,$$,Bourbon-like,,,USA,Bourbon
Bulleit Rye,8.29,0.64,16,$$,Rye-like,,,USA,Rye
Bunnahabhain 12yo,8.58,0.30,17,$$$,SingleMalt-like,EF,F,Scotland,Malt
Bunnahabhain 18yo,9.03,0.19,14,$$$$$,SingleMalt-like,ABC,C,Scotland,Malt
Bunnahabhain 25yo,8.84,0.36,15,$$$$$+,SingleMalt-like,ABC,A,Scotland,Malt
Bunnahabhain 40yo,9.16,0.34,6,$$$$$+,SingleMalt-like,EF,F,Scotland,Malt
Bunnahabhain Cebanach,8.81,0.28,11,$$$$,SingleMalt-like,J,J,Scotland,Malt
Bunnahabhain Darach Ur,8.39,0.32,10,$$$,SingleMalt-like,EF,F,Scotland,Malt
Bunnahabhain Eirigh Na Greine,8.28,0.46,6,$$$$,SingleMalt-like,EF,F,Scotland,Malt
Bunnahabhain Toiteach,8.59,0.38,14,$$$$,SingleMalt-like,J,J,Scotland,Malt
Bushmills 10yo Single Malt,8.19,0.30,18,$$$,SingleMalt-like,GH,G,Ireland,Malt
Bushmills 16yo Single Malt,8.48,0.48,16,$$$$,SingleMalt-like,ABC,B,Ireland,Malt
Bushmills 21yo Single Malt,8.93,0.34,11,$$$$$,SingleMalt-like,ABC,C,Ireland,Malt
Bushmills Black Bush,8.35,0.40,20,$$,SingleMalt-like,ABC,C,Ireland,Blend
Bushmills Original Blended,7.65,0.47,15,$$,Scotch-like,,,Ireland,Blend
Bushmills Sherry Cask Reserve,8.16,0.40,3,$$$$,SingleMalt-like,ABC,C,Ireland,Malt
Canada Gold,8.10,0.66,5,$,Rye-like,,,Canada,Blend
Canadian Club (Premium),7.32,0.79,16,$,Rye-like,,,Canada,Blend
Canadian Club 100% Rye,8.33,0.42,14,$,Rye-like,,,Canada,Rye
Canadian Club 20yo,8.63,0.31,10,$$$,Rye-like,,,Canada,Blend
Canadian Club 30yo,9.02,0.19,6,$$$$$,Rye-like,,,Canada,Blend
Canadian Club Classic 12yo (Small Batch),8.18,0.42,13,$,Rye-like,,,Canada,Blend
Canadian Club Reserve 10yo,8.38,0.61,9,$$,Rye-like,,,Canada,Blend
Canadian Club Reserve 9yo,8.03,0.45,5,$,Rye-like,,,Canada,Blend
Canadian Club Sherry Cask,8.22,0.60,8,$$,Rye-like,,,Canada,Blend
Canadian Mist,7.63,0.63,11,$,Rye-like,,,Canada,Blend
Canadian Mist Black Diamond,8.08,0.51,6,$,Rye-like,,,Canada,Blend
Canadian Rockies 21yo,8.99,0.29,7,$$$,Rye-like,,,Canada,Blend
Caol Ila 12yo,8.72,0.18,19,$$$$,SingleMalt-like,I,I,Scotland,Malt
Caol Ila 15yo Unpeated,8.54,0.40,8,$$$$$,SingleMalt-like,GH,G,Scotland,Malt
Caol Ila 17yo unpeated,8.60,0.53,6,$$$$$,SingleMalt-like,EF,E,Scotland,Malt
Caol Ila 18yo,8.67,0.50,14,$$$$$,SingleMalt-like,I,I,Scotland,Malt
Caol Ila 25yo,8.84,0.25,6,$$$$$,SingleMalt-like,I,I,Scotland,Malt
Caol Ila 30yo,9.33,0.24,9,$$$$$+,SingleMalt-like,I,I,Scotland,Malt
Caol Ila Distiller's Edition (all editions),8.66,0.39,12,$$$$,SingleMalt-like,J,J,Scotland,Malt
Cardhu 12yo,8.11,0.44,19,$$$,SingleMalt-like,GH,H,Scotland,Malt
Cardhu Amber Rock,8.29,0.27,4,$$$,SingleMalt-like,GH,H,Scotland,Malt
Caribou Crossing Single Barrel,8.61,0.42,10,$$$$,Rye-like,,,Canada,Blend
Catto's Rare Old,8.11,0.75,5,$,Scotch-like,,,Scotland,Blend
Centennial 10yo,8.36,0.40,6,$,Rye-like,,,Canada,Blend
Century Reserve 21yo,8.73,0.20,10,$$,Rye-like,,,Canada,Blend
Century Reserve Lot 15/25,8.35,0.87,5,$,Rye-like,,,Canada,Blend
Chivas Regal 12yo,7.79,0.43,21,$$,Scotch-like,,,Scotland,Blend
Chivas Regal 18yo,8.23,0.53,14,$$$$,Scotch-like,,,Scotland,Blend
Chivas Regal 25yo,8.71,0.21,7,$$$$$+,Scotch-like,,,Scotland,Blend
Chivas Royal Salute 21yo,8.57,0.63,7,$$$$$,Scotch-like,,,Scotland,Blend
Clynelish 14yo,8.81,0.25,15,$$$$,SingleMalt-like,EF,F,Scotland,Malt
Collingwood,8.03,0.32,8,$$,Rye-like,,,Canada,Blend
Collingwood 21yo,8.54,0.42,11,$$$,Rye-like,,,Canada,Blend
Colonel E.H. Taylor Straight Rye,8.72,0.32,6,$$$$,Rye-like,,,USA,Rye
Colonel EH Taylor Barrel Proof,8.86,0.21,6,$$$$,Bourbon-like,,,USA,Bourbon
Colonel EH Taylor Single Barrel,8.95,0.31,6,$$$$,Bourbon-like,,,USA,Bourbon
Colonel EH Taylor Small Batch (BiB),8.61,0.30,11,$$$$,Bourbon-like,,,USA,Bourbon
Compass Box 3yo Deluxe,9.02,0.23,6,$$$$$+,SingleMalt-like,EF,F,Scotland,Malt
Compass Box Asyla,8.23,0.49,12,$$$,Scotch-like,,,Scotland,Blend
Compass Box Eleuthera,8.56,0.39,12,$$$$,SingleMalt-like,I,I,Scotland,Malt
Compass Box Enlightenment,8.86,0.19,4,$$$$,SingleMalt-like,GH,G,Scotland,Malt
Compass Box Flaming Heart,8.94,0.36,19,$$$$$,SingleMalt-like,I,I,Scotland,Malt
Compass Box Great King St Artist's Blend,8.59,0.37,18,$$,Scotch-like,,,Scotland,Blend
Compass Box Great King St Glasgow Blend,8.57,0.24,11,$$$,Scotch-like,,,Scotland,Blend
Compass Box Hedonism,8.54,0.47,17,$$$$,Scotch-like,,,Scotland,Blend
Compass Box Hedonism Quindecimus,8.91,0.41,7,$$$$$,Scotch-like,,,Scotland,Blend
Compass Box Oak Cross,8.69,0.34,13,$$$,SingleMalt-like,EF,F,Scotland,Malt
Compass Box Orangerie,7.89,0.82,7,$$,Scotch-like,,,Scotland,Blend
Compass Box Peat Monster,8.66,0.32,18,$$$,SingleMalt-like,J,J,Scotland,Malt
Compass Box Spice Tree,8.81,0.32,19,$$$$,SingleMalt-like,EF,F,Scotland,Malt
Compass Box Spice Tree Extravaganza,8.83,0.28,7,$$$$$,SingleMalt-like,EF,F,Scotland,Malt
Compass Box The Circus,8.94,0.29,4,$$$$$,Scotch-like,,,Scotland,Blend
Compass Box The General,9.19,0.28,10,$$$$$+,Scotch-like,,,Scotland,Blend
Compass Box The Lost Blend,8.96,0.24,12,$$$$$,SingleMalt-like,I,I,Scotland,Malt
Compass Box This is Not a Luxury Whisky,8.77,0.46,11,$$$$$,SingleMalt-like,ABC,C,Scotland,Malt
Connemara Peated Single Malt,8.20,0.34,15,$$$,SingleMalt-like,I,I,Ireland,Malt
Connemara Turf Mor,8.75,0.45,11,$$$$,SingleMalt-like,J,J,Ireland,Malt
Copperworks American Single Malt,8.60,0.24,4,$$$,SingleMalt-like,EF,E,USA,Malt
Corner Creek Reserve Bourbon Whiskey,8.60,0.38,7,$$,Bourbon-like,,,USA,Bourbon
Coyote Ugly,8.10,0.49,5,$,Rye-like,,,Canada,Blend
Cragganmore 12yo,8.32,0.34,15,$$$$,SingleMalt-like,EF,E,Scotland,Malt
Cragganmore 25yo,9.04,0.05,4,$$$$$+,SingleMalt-like,EF,E,Scotland,Malt
Cragganmore NAS (Special Release 2016),9.05,0.32,4,$$$$$,SingleMalt-like,EF,E,Scotland,Malt
Craigellachie 13yo,8.41,0.40,12,$$$,SingleMalt-like,GH,G,Scotland,Malt
Craigellachie 14yo,8.37,0.28,6,$$$$$+,SingleMalt-like,EF,F,Scotland,Malt
Craigellachie 17yo,8.55,0.25,7,$$$$$,SingleMalt-like,EF,E,Scotland,Malt
Crown Royal,7.57,0.52,17,$,Rye-like,,,Canada,Blend
Crown Royal Black,8.20,0.50,16,$$,Rye-like,,,Canada,Blend
Crown Royal Cornerstone Blend,8.37,0.79,4,$$$,Rye-like,,,Canada,Blend
Crown Royal Hand Selected Barrel,8.82,0.27,8,$$$,Rye-like,,,Canada,Blend
Crown Royal Limited Edition,8.29,0.19,10,$$,Rye-like,,,Canada,Blend
Crown Royal Monarch 75th Anniversary,8.76,0.50,9,$$$,Rye-like,,,Canada,Blend
Crown Royal Northern Harvest Rye,8.58,0.35,16,$$,Rye-like,,,Canada,Blend
Crown Royal Reserve,8.52,0.68,13,$$$,Rye-like,,,Canada,Blend
Crown Royal XO,8.72,0.31,5,$$$,Rye-like,,,Canada,Blend
Cutty Sark,7.52,0.44,14,$,Scotch-like,,,Scotland,Blend
Cutty Sark Prohibition,8.52,0.48,11,$$,Scotch-like,,,Scotland,Blend
Cutty Sark Storm,8.03,0.51,8,$,Scotch-like,,,Scotland,Blend
Dalmore 12yo,8.44,0.25,17,$$$,SingleMalt-like,EF,E,Scotland,Malt
Dalmore 15yo,8.33,0.50,17,$$$$,SingleMalt-like,ABC,C,Scotland,Malt
Dalmore 18yo,8.52,0.40,12,$$$$$,SingleMalt-like,ABC,C,Scotland,Malt
Dalmore Cigar Malt,8.48,0.41,6,$$$,SingleMalt-like,ABC,C,Scotland,Malt
Dalmore Cigar Malt Reserve,8.33,0.63,12,$$$$$,SingleMalt-like,ABC,C,Scotland,Malt
Dalmore Gran Reserva,8.06,0.39,9,$$$,SingleMalt-like,ABC,C,Scotland,Malt
Dalmore King Alexander III,8.33,0.31,9,$$$$$,SingleMalt-like,ABC,C,Scotland,Malt
Dalmore Valour,8.11,0.34,8,$$$$,SingleMalt-like,EF,E,Scotland,Malt
Dalwhinnie 15yo,8.69,0.34,18,$$$$,SingleMalt-like,GH,H,Scotland,Malt
Dalwhinnie Distillers Edition,8.58,0.34,6,$$$$,SingleMalt-like,ABC,C,Scotland,Malt
Danfield's 21yo,8.60,0.55,12,$$,Rye-like,,,Canada,Blend
Deanston 12yo,8.12,0.44,14,$$$,SingleMalt-like,EF,F,Scotland,Malt
Deanston 18yo (Bourbon Finish),8.41,0.42,5,$$$$$,SingleMalt-like,EF,E,Scotland,Malt
Deanston Virgin Oak,8.18,0.45,13,$$,SingleMalt-like,GH,H,Scotland,Malt
Deveron 12yo,8.36,0.29,6,$$$,SingleMalt-like,EF,E,Scotland,Malt
Deveron 18yo,8.55,0.62,3,$$$$,SingleMalt-like,EF,E,Scotland,Malt
Dewar's 12yo,7.92,0.28,12,$$,Scotch-like,,,Scotland,Blend
Dewar's White Label,7.49,0.74,13,$$,Scotch-like,,,Scotland,Blend
Dufftown Singleton of Dufftown 12yo,8.01,0.54,9,$$$,SingleMalt-like,EF,E,Scotland,Malt
Eagle Rare 10yo,8.55,0.32,20,$$,Bourbon-like,,,USA,Bourbon
Eagle Rare 17yo,8.83,0.34,12,$$$$$+,Bourbon-like,,,USA,Bourbon
Edradour 10yo,8.14,0.74,13,$$$,SingleMalt-like,EF,E,Scotland,Malt
"Elements of Islay ""Peat""",8.91,0.18,5,$$$,SingleMalt-like,I,I,Scotland,Malt
Elijah Craig 12yo,8.67,0.28,21,$$,Bourbon-like,,,USA,Bourbon
Elijah Craig 18yo,8.72,0.46,11,$$$$$,Bourbon-like,,,USA,Bourbon
Elijah Craig 21yo,9.20,0.16,5,$$$$$+,Bourbon-like,,,USA,Bourbon
Elijah Craig Barrel Proof,8.86,0.20,9,$$$$,Bourbon-like,,,USA,Bourbon
Ellington Reserve 8yo,6.91,1.03,4,$,Rye-like,,,Canada,Blend
Elmer T. Lee Single Barrel Bourbon,8.72,0.40,12,$$$,Bourbon-like,,,USA,Bourbon
Evan Williams (Black Label),8.18,0.40,14,$,Bourbon-like,,,USA,Bourbon
Evan Williams 1783 Small Batch,8.18,0.39,4,$,Bourbon-like,,,USA,Bourbon
Evan Williams Bottled in Bond (White label),8.32,0.53,9,$,Bourbon-like,,,USA,Bourbon
Evan Williams Single Barrel,8.71,0.24,15,$$,Bourbon-like,,,USA,Bourbon
Famous Grouse,7.63,0.58,17,$,Scotch-like,,,Scotland,Blend
Famous Grouse Gold Reserve 12yo,8.46,0.33,9,$$,Scotch-like,,,Scotland,Blend
Famous Grouse Smoky Black (Black Grouse),7.98,0.46,19,$$,Scotch-like,,,Scotland,Blend
Famous Jubilee,8.15,0.13,3,$$,Scotch-like,,,Scotland,Blend
Fettercairn Fior,8.58,0.38,3,$$$,SingleMalt-like,I,I,Scotland,Malt
FEW Bourbon,8.64,0.19,7,$$$,Bourbon-like,,,USA,Bourbon
FEW Rye Whisky,8.63,0.54,7,$$$$,Rye-like,,,USA,Rye
FEW Single Malt,8.45,0.53,6,$$$$,SingleMalt-like,GH,G,USA,Malt
Finlaggan Old Reserve,8.45,0.50,14,$$,SingleMalt-like,J,J,Scotland,Malt
Forty Creek Barrel Select,8.46,0.42,16,$,Rye-like,,,Canada,Blend
Forty Creek Confederation Oak (All Batches),8.77,0.42,18,$$$,Rye-like,,,Canada,Blend
"Forty Creek Confederation Oak (Batch A, B)",8.82,0.43,16,$$$,Rye-like,,,Canada,Blend
"Forty Creek Confederation Oak (Batch C, D)",9.00,0.32,3,$$$,Rye-like,,,Canada,Blend
"Forty Creek Confederation Oak (Batch E, F)",8.54,0.34,4,$$$,Rye-like,,,Canada,Blend
Forty Creek Copper Pot Reserve,8.71,0.37,13,$,Rye-like,,,Canada,Blend
Forty Creek Double Barrel Reserve,8.71,0.39,12,$$$,Rye-like,,,Canada,Blend
Forty Creek Evolution,8.83,0.62,7,$$$,Rye-like,,,Canada,Blend
Forty Creek Founder's Reserve,8.73,0.12,3,$$$,Rye-like,,,Canada,Blend
Forty Creek Heart of Gold,8.80,0.43,8,$$$$,Rye-like,,,Canada,Blend
Forty Creek Port Wood Reserve 2011/2012,8.80,0.27,9,$$$$,Rye-like,,,Canada,Blend
Forty Creek Three Grain Harmony,8.23,0.53,6,$$$,Rye-like,,,Canada,Blend
Four Roses (Yellow Label),8.21,0.34,11,$,Bourbon-like,,,USA,Bourbon
Four Roses Single Barrel Bourbon,8.70,0.32,18,$$$,Bourbon-like,,,USA,Bourbon
Four Roses Small Batch Bourbon,8.48,0.42,13,$$,Bourbon-like,,,USA,Bourbon
Four Roses Small Batch Limited Edition,9.10,0.20,13,$$$$$+,Bourbon-like,,,USA,Bourbon
George Dickel No.12,8.26,0.45,15,$$,Bourbon-like,,,USA,Bourbon
George Dickel Rye,8.53,0.35,12,$$,Rye-like,,,USA,Rye
George T Stagg,9.18,0.30,19,$$$$$+,Bourbon-like,,,USA,Bourbon
Gibson's Bold 8yo,8.35,0.29,3,$,Rye-like,,,Canada,Blend
Gibson's Finest 12yo,8.05,0.69,10,$,Rye-like,,,Canada,Blend
Gibson's Finest Rare 18yo,9.03,0.35,10,$$$$,Rye-like,,,Canada,Blend
Gibson's Finest Sterling,8.02,0.38,8,$,Rye-like,,,Canada,Blend
Glen Breton 14yo,8.08,0.62,6,$$$$,SingleMalt-like,GH,G,Canada,Malt
Glen Breton 21yo,8.30,0.44,3,$$$$$,SingleMalt-like,EF,E,Canada,Malt
Glen Breton Battle of the Glen 15yo,8.53,0.27,7,$$$$$,SingleMalt-like,GH,G,Canada,Malt
Glen Breton Ice 10yo,8.19,0.62,7,$$$$,SingleMalt-like,GH,G,Canada,Malt
Glen Breton Ice 17yo,8.81,0.12,3,$$$$$,SingleMalt-like,GH,G,Canada,Malt
Glen Breton Rare 10yo,8.03,0.45,13,$$$$,SingleMalt-like,GH,G,Canada,Malt
Glen Deveron 10yo (Macduff),7.97,0.38,5,$$,SingleMalt-like,EF,E,Scotland,Malt
Glen Elgin 12yo,8.42,0.21,13,$$$$,SingleMalt-like,EF,E,Scotland,Malt
Glen Garioch 12yo,8.65,0.31,14,$$$$,SingleMalt-like,EF,F,Scotland,Malt
Glen Garioch 1991,8.95,0.15,3,$$$$,SingleMalt-like,I,I,Scotland,Malt
Glen Garioch 1994,9.03,0.35,7,$$$$,SingleMalt-like,I,I,Scotland,Malt
Glen Garioch 1995,8.95,0.32,9,$$$$,SingleMalt-like,I,I,Scotland,Malt
Glen Garioch 1997,8.54,0.15,6,$$$$,SingleMalt-like,I,I,Scotland,Malt
Glen Garioch 1999 Sherry Cask Matured,8.39,0.96,7,$$$$,SingleMalt-like,ABC,B,Scotland,Malt
Glen Garioch Founder's Reserve,8.35,0.37,16,$$$,SingleMalt-like,GH,G,Scotland,Malt
Glen Garioch Virgin Oak,8.11,0.50,6,$$$$,SingleMalt-like,EF,E,Scotland,Malt
Glen Grant 10yo,8.29,0.49,8,$$,SingleMalt-like,GH,H,Scotland,Malt
Glen Grant 12yo,8.34,0.66,5,$$$,SingleMalt-like,GH,H,Scotland,Malt
Glen Grant 16yo,8.51,0.31,7,$$$$,SingleMalt-like,EF,E,Scotland,Malt
Glen Grant 18yo,8.34,0.89,4,$$$$$,SingleMalt-like,EF,E,Scotland,Malt
Glen Grant 25yo,8.90,0.18,3,$$$$$,SingleMalt-like,EF,E,Scotland,Malt
Glen Grant Five Decades,8.78,0.23,6,$$$$$,SingleMalt-like,EF,E,Scotland,Malt
Glen Grant The Major's Reserve,7.91,0.66,9,$$,SingleMalt-like,GH,H,Scotland,Malt
Glen Moray 10yo Chardonnay Cask,8.16,0.57,9,$$,SingleMalt-like,EF,F,Scotland,Malt
Glen Moray 12yo,8.02,0.29,12,$$,SingleMalt-like,GH,G,Scotland,Malt
Glen Moray 12yo Chenin Blanc,7.88,0.74,6,$$,SingleMalt-like,EF,F,Scotland,Malt
Glen Moray 16yo,8.23,0.55,6,$$$,SingleMalt-like,ABC,C,Scotland,Malt
Glen Moray 16yo Chenin Blanc,7.60,0.53,4,$$$,SingleMalt-like,EF,F,Scotland,Malt
Glen Moray Classic,7.97,0.23,5,$,SingleMalt-like,GH,G,Scotland,Malt
Glen Moray Classic Sherry Cask finish,8.50,0.28,3,$$,SingleMalt-like,ABC,B,Scotland,Malt
Glen Ord Singleton of Glen Ord 12yo,8.29,0.27,5,$$$,SingleMalt-like,EF,E,Scotland,Malt
Glen Scotia 12yo,8.31,0.52,9,$$$$,SingleMalt-like,I,I,Scotland,Malt
Glen Spey 12yo (F&F),8.02,0.43,5,$$$,SingleMalt-like,GH,H,Scotland,Malt
Glenburgie 10yo (Gordon & MacPhail),7.96,0.45,7,$$$,SingleMalt-like,EF,F,Scotland,Malt
Glencadam 10yo,8.44,0.43,12,$$$,SingleMalt-like,GH,H,Scotland,Malt
Glencadam 12yo Port Wood Finish,8.36,0.29,6,$$$,SingleMalt-like,ABC,C,Scotland,Malt
Glencadam 14yo Oloroso Sherry Cask Finish,8.67,0.51,4,$$$$,SingleMalt-like,ABC,C,Scotland,Malt
Glencadam 15yo,8.45,0.41,10,$$$$,SingleMalt-like,GH,H,Scotland,Malt
Glencadam 21yo,8.85,0.25,12,$$$$$,SingleMalt-like,GH,H,Scotland,Malt
Glencadam 25yo,9.11,0.05,3,$$$$$+,SingleMalt-like,EF,E,Scotland,Malt
Glencadam 30yo,8.82,0.20,3,$$$$$+,SingleMalt-like,GH,H,Scotland,Malt
Glendalough 13yo Single Malt,8.44,0.26,7,$$$$,SingleMalt-like,GH,G,Ireland,Malt
Glendalough 7yo Single Malt,8.16,0.31,5,$$$,SingleMalt-like,GH,G,Ireland,Malt
Glendalough Double Barrel,8.29,0.40,5,$$,Scotch-like,,,Ireland,Grain
GlenDronach 12yo Original,8.59,0.21,20,$$$,SingleMalt-like,ABC,A,Scotland,Malt
GlenDronach 12yo Sauternes Cask Finish,8.84,0.13,5,$$$$,SingleMalt-like,ABC,A,Scotland,Malt
GlenDronach 14yo Sauternes Cask Finish,8.39,0.39,6,$$$$,SingleMalt-like,ABC,A,Scotland,Malt
GlenDronach 14yo Virgin Oak,8.52,0.32,10,$$$$,SingleMalt-like,GH,G,Scotland,Malt
GlenDronach 15yo Revival,8.91,0.28,19,$$$$,SingleMalt-like,ABC,A,Scotland,Malt
GlenDronach 15yo Tawny Port Finish,8.38,0.38,4,$$$$,SingleMalt-like,ABC,A,Scotland,Malt
GlenDronach 18yo Allardice,8.71,0.38,16,$$$$$,SingleMalt-like,ABC,A,Scotland,Malt
GlenDronach 18yo Marsala Finish,8.70,0.11,3,$$$$$,SingleMalt-like,ABC,B,Scotland,Malt
GlenDronach 18yo Tawny Port Finish,8.58,0.40,4,$$$$$,SingleMalt-like,ABC,A,Scotland,Malt
GlenDronach 19yo Madeira Finish,9.04,0.34,3,$$$$$,SingleMalt-like,EF,E,Scotland,Malt
GlenDronach 21yo Parliament,8.70,0.37,14,$$$$$,SingleMalt-like,ABC,A,Scotland,Malt
GlenDronach 8yo The Hielan,8.41,0.37,9,$$$,SingleMalt-like,EF,E,Scotland,Malt
GlenDronach Cask Strength (batch 1),9.06,0.27,6,$$$$,SingleMalt-like,ABC,A,Scotland,Malt
GlenDronach Cask Strength (batch 2),9.04,0.10,6,$$$$,SingleMalt-like,ABC,A,Scotland,Malt
GlenDronach Cask Strength (batch 3),8.89,0.39,5,$$$$,SingleMalt-like,ABC,A,Scotland,Malt
GlenDronach Cask Strength (batch 4),8.92,0.29,10,$$$$,SingleMalt-like,ABC,A,Scotland,Malt
GlenDronach Cask Strength (batch 5),8.82,0.17,8,$$$$,SingleMalt-like,ABC,A,Scotland,Malt
GlenDronach Peated,8.50,0.32,9,$$$,SingleMalt-like,I,I,Scotland,Malt
GlenDronach vintage 19yo Single Cask (all vintages),8.96,0.36,13,$$$$$,SingleMalt-like,ABC,A,Scotland,Malt
GlenDronach vintage 20yo Single Cask (all vintages),9.04,0.39,12,$$$$$,SingleMalt-like,ABC,A,Scotland,Malt
Glendullan Singleton of Glendullan 12yo,8.05,0.42,13,$$$,SingleMalt-like,EF,E,Scotland,Malt
Glenfarclas 105,8.73,0.36,22,$$$$,SingleMalt-like,ABC,C,Scotland,Malt
Glenfarclas 10yo,8.32,0.31,14,$$$,SingleMalt-like,ABC,B,Scotland,Malt
Glenfarclas 12yo,8.57,0.34,19,$$$,SingleMalt-like,ABC,C,Scotland,Malt
Glenfarclas 15yo,8.70,0.24,16,$$$$,SingleMalt-like,ABC,B,Scotland,Malt
Glenfarclas 17yo,8.76,0.27,17,$$$$$,SingleMalt-like,ABC,B,Scotland,Malt
Glenfarclas 21yo,8.59,0.32,12,$$$$$,SingleMalt-like,ABC,B,Scotland,Malt
Glenfarclas 25yo,8.73,0.28,12,$$$$$,SingleMalt-like,ABC,C,Scotland,Malt
Glenfarclas 40yo,9.26,0.29,12,$$$$$+,SingleMalt-like,ABC,A,Scotland,Malt
Glenfiddich 12yo,8.10,0.24,23,$$$,SingleMalt-like,GH,G,Scotland,Malt
Glenfiddich 14yo Bourbon Barrel Reserve,8.44,0.16,6,$$$$,SingleMalt-like,EF,E,Scotland,Malt
Glenfiddich 14yo Rich Oak,8.59,0.33,9,$$$,SingleMalt-like,EF,E,Scotland,Malt
Glenfiddich 15yo Distillers Edition,8.71,0.31,12,$$$$,SingleMalt-like,EF,E,Scotland,Malt
Glenfiddich 15yo Solera,8.59,0.25,23,$$$$,SingleMalt-like,ABC,A,Scotland,Malt
Glenfiddich 18yo,8.57,0.38,17,$$$$$,SingleMalt-like,EF,E,Scotland,Malt
Glenfiddich 1963 Original Malt,8.34,0.42,5,$$$$,SingleMalt-like,GH,G,Scotland,Malt
Glenfiddich 19yo Age of Discovery (Bourbon Cask),8.75,0.28,8,$$$$$,SingleMalt-like,EF,E,Scotland,Malt
Glenfiddich 19yo Age of Discovery (Madeira Cask),8.42,0.48,12,$$$$$,SingleMalt-like,ABC,A,Scotland,Malt
Glenfiddich 21yo Gran Reserva,8.66,0.33,13,$$$$$,SingleMalt-like,ABC,C,Scotland,Malt
Glenfiddich 26yo Excellence,8.72,0.46,6,$$$$$+,SingleMalt-like,GH,G,Scotland,Malt
Glenfiddich Cask of Dreams,8.75,0.23,7,$$$$$,SingleMalt-like,EF,F,Scotland,Malt
Glenfiddich Malt Master's Edition,8.30,0.29,7,$$$$,SingleMalt-like,ABC,A,Scotland,Malt
Glenglassaugh 26yo,8.53,0.54,5,$$$$$+,SingleMalt-like,ABC,A,Scotland,Malt
Glengoyne 10yo,8.24,0.31,12,$$$,SingleMalt-like,GH,G,Scotland,Malt
Glengoyne 12yo,8.53,0.38,10,$$$,SingleMalt-like,ABC,B,Scotland,Malt
Glengoyne 12yo Cask Strength,8.58,0.40,10,$$$$,SingleMalt-like,ABC,B,Scotland,Malt
Glengoyne 15yo,8.48,0.54,9,$$$$,SingleMalt-like,ABC,B,Scotland,Malt
Glengoyne 17yo,8.45,0.20,11,$$$$$,SingleMalt-like,EF,E,Scotland,Malt
Glengoyne 18yo,8.60,0.38,13,$$$$$,SingleMalt-like,ABC,C,Scotland,Malt
Glengoyne 21yo,8.87,0.20,14,$$$$$,SingleMalt-like,ABC,A,Scotland,Malt
Glengoyne 25yo,9.15,0.27,9,$$$$$+,SingleMalt-like,ABC,A,Scotland,Malt
Glengoyne 40yo,8.94,0.81,3,$$$$$+,SingleMalt-like,ABC,A,Scotland,Malt
Glengoyne Cask Strength (all batches),8.60,0.50,10,$$$$,SingleMalt-like,ABC,B,Scotland,Malt
Glengoyne Cask Strength (batch 1),8.74,0.47,4,$$$$,SingleMalt-like,ABC,B,Scotland,Malt
Glengoyne Cask Strength (batch 2),8.69,0.40,3,$$$$,SingleMalt-like,ABC,B,Scotland,Malt
Glengoyne Cask Strength (batch 3),8.49,0.81,5,$$$$,SingleMalt-like,ABC,B,Scotland,Malt
Glengoyne Cask Strength (batch 4),8.53,0.14,3,$$$$,SingleMalt-like,ABC,B,Scotland,Malt
Glengoyne Teapot Dram (all batches),8.84,0.44,6,$$$$$,SingleMalt-like,ABC,A,Scotland,Malt
Glenkinchie 12yo,8.27,0.16,14,$$$,SingleMalt-like,GH,G,Scotland,Malt
Glenkinchie Distiller's Edition (all editions),8.41,0.26,13,$$$$,SingleMalt-like,GH,B,Scotland,Malt
Glenlivet 12yo,8.06,0.30,20,$$$,SingleMalt-like,EF,E,Scotland,Malt
Glenlivet 15yo French Oak,8.38,0.25,17,$$$$,SingleMalt-like,EF,F,Scotland,Malt
Glenlivet 18yo,8.61,0.22,20,$$$$$,SingleMalt-like,EF,E,Scotland,Malt
Glenlivet 21yo Archive (all batches),8.82,0.31,12,$$$$$,SingleMalt-like,EF,E,Scotland,Malt
Glenlivet Alpha,8.96,0.11,4,$$$$$+,SingleMalt-like,ABC,C,Scotland,Malt
Glenlivet Cipher,8.66,0.37,5,$$$$,SingleMalt-like,EF,E,Scotland,Malt
Glenlivet Founder's Reserve,7.93,0.46,12,$$,SingleMalt-like,EF,E,Scotland,Malt
Glenlivet Nadurra 16yo,8.87,0.20,21,$$$$,SingleMalt-like,ABC,C,Scotland,Malt
Glenlivet Nadurra First Fill (White Oak),9.06,0.28,3,$$$$,SingleMalt-like,EF,E,Scotland,Malt
Glenlivet Nadurra Oloroso,8.32,0.73,10,$$$$,SingleMalt-like,ABC,A,Scotland,Malt
Glenlivet XXV 25yo,8.90,0.17,10,$$$$$+,SingleMalt-like,ABC,C,Scotland,Malt
Glenlossie 10yo (F&F),8.17,0.29,9,$$$,SingleMalt-like,GH,G,Scotland,Malt
Glenmorangie 10yo,8.49,0.45,23,$$$,SingleMalt-like,GH,G,Scotland,Malt
Glenmorangie 18yo,8.69,0.32,14,$$$$$,SingleMalt-like,EF,E,Scotland,Malt
Glenmorangie A Midwinter Nights Dram,8.62,0.35,3,$$$$$,SingleMalt-like,ABC,A,Scotland,Malt
Glenmorangie Companta,8.84,0.57,12,$$$$$,SingleMalt-like,ABC,C,Scotland,Malt
Glenmorangie Dornoch,8.54,0.65,8,$$$$,SingleMalt-like,ABC,C,Scotland,Malt
Glenmorangie Duthac,8.57,0.27,7,$$$$,SingleMalt-like,ABC,C,Scotland,Malt
Glenmorangie Ealanta,8.89,0.29,14,$$$$$+,SingleMalt-like,EF,F,Scotland,Malt
Glenmorangie Lasanta,8.40,0.36,19,$$$,SingleMalt-like,ABC,A,Scotland,Malt
Glenmorangie Milsean,8.49,0.39,9,$$$$$,SingleMalt-like,ABC,A,Scotland,Malt
Glenmorangie Nectar d'Or,8.76,0.28,20,$$$$,SingleMalt-like,ABC,A,Scotland,Malt
Glenmorangie Quinta Ruban,8.57,0.48,21,$$$,SingleMalt-like,ABC,B,Scotland,Malt
Glenmorangie Signet,8.98,0.40,18,$$$$$,SingleMalt-like,ABC,C,Scotland,Malt
Glenmorangie Taghta,8.70,0.32,9,$$$$$,SingleMalt-like,ABC,C,Scotland,Malt
Glenmorangie Tusail,8.82,0.35,11,$$$$$,SingleMalt-like,GH,G,Scotland,Malt
Glenrothes Alba Reserve,8.39,0.15,8,$$$,SingleMalt-like,GH,G,Scotland,Malt
Glenrothes Bourbon Cask Reserve,8.16,0.17,3,$$$,SingleMalt-like,GH,G,Scotland,Malt
Glenrothes Elders' Reserve,8.26,0.73,7,$$$$,SingleMalt-like,EF,E,Scotland,Malt
Glenrothes Minister's Reserve,8.73,0.17,4,$$$$$,SingleMalt-like,ABC,A,Scotland,Malt
Glenrothes Peated Cask Reserve,8.11,0.54,3,$$$,SingleMalt-like,I,I,Scotland,Malt
Glenrothes Robur Reserve,8.21,0.41,6,$$,SingleMalt-like,ABC,B,Scotland,Malt
Glenrothes Select Reserve,7.84,0.34,13,$$$,SingleMalt-like,EF,E,Scotland,Malt
Glenrothes Sherry Cask Reserve,8.13,0.72,9,$$$$,SingleMalt-like,ABC,A,Scotland,Malt
Glenrothes Vintage 1995 (all bottlings),8.62,0.26,14,$$$$,SingleMalt-like,EF,E,Scotland,Malt
Glenrothes Vintage 1998 (2014),8.33,0.62,10,$$$$,SingleMalt-like,EF,F,Scotland,Malt
Glenrothes Vintage 2001 (all bottlings),8.19,0.62,9,$$$$,SingleMalt-like,EF,E,Scotland,Malt
Glenrothes Vintage Reserve (NAS),8.60,0.16,5,$$$,SingleMalt-like,EF,E,Scotland,Malt
Glentauchers 1991 18yo (Gordon & MacPhail),8.43,0.25,3,$$$$,SingleMalt-like,ABC,B,Scotland,Malt
Glenturret 10yo,8.10,0.51,11,$$,SingleMalt-like,GH,G,Scotland,Malt
Gooderham & Worts Four Grain,8.69,0.26,10,$$,Rye-like,,,Canada,Blend
Gouden Carolus Single Malt,8.04,0.23,3,$$$$,SingleMalt-like,EF,E,Belgium,Malt
Grant's Blended Sherry Cask,7.95,0.19,5,$,Scotch-like,,,Scotland,Blend
Grant's Family Reserve Blended,7.64,0.66,13,$,Scotch-like,,,Scotland,Blend
Green Spot,8.49,0.38,16,$$$$,SingleMalt-like,EF,F,Ireland,Malt
Green Spot Chteau Loville Barton,8.82,0.35,7,$$$$,SingleMalt-like,ABC,C,Ireland,Blend
Hakushu 10yo,8.76,0.26,4,$$$,SingleMalt-like,GH,H,Japan,Malt
Hakushu 12yo,8.72,0.21,18,$$$$,SingleMalt-like,GH,H,Japan,Malt
Hakushu 18yo,8.73,0.32,8,$$$$$,SingleMalt-like,EF,F,Japan,Malt
Hakushu NAS,8.29,0.40,5,$$$,SingleMalt-like,GH,H,Japan,Malt
Hakushu Sherry Cask,8.98,0.43,7,$$$$$+,SingleMalt-like,ABC,B,Japan,Malt
Hakushu Single Malt Heavily Peated,8.79,0.33,12,$$$$$+,SingleMalt-like,I,I,Japan,Malt
Hazelburn 12yo (Springbank),8.64,0.24,15,$$$$,SingleMalt-like,ABC,C,Scotland,Malt
Hazelburn 8yo (Springbank),8.37,0.39,11,$$$$,SingleMalt-like,GH,G,Scotland,Malt
Heaven Hill 6yo BiB,8.46,0.03,4,$,Bourbon-like,,,USA,Bourbon
Heaven Hill Old Syle Bourbon (white label),7.86,0.45,5,$,Bourbon-like,,,USA,Bourbon
Heaven Hill Trybox Series New Make,8.20,0.28,3,$,Bourbon-like,,,USA,Bourbon
Henry McKenna 10yo Single Barrel BiB,8.82,0.21,9,$$,Bourbon-like,,,USA,Bourbon
Henry McKenna Straight Bourbon,8.08,0.06,3,$,Bourbon-like,,,USA,Bourbon
Hibiki 12yo,8.63,0.25,19,$$$$,SingleMalt-like,GH,G,Japan,Blend
Hibiki 17yo,8.72,0.32,14,$$$$$,SingleMalt-like,EF,E,Japan,Blend
Hibiki 21yo,9.11,0.25,8,$$$$$+,SingleMalt-like,EF,E,Japan,Blend
Hibiki Harmony,8.38,0.60,15,$$$$,SingleMalt-like,GH,G,Japan,Blend
High West American Prairie,8.23,0.83,5,$$$,Bourbon-like,,,USA,Bourbon
High West Bourye,8.87,0.23,7,$$$$,Rye-like,,,USA,Blend
High West Campfire,8.78,0.35,11,$$$$,Scotch-like,,,USA,Blend
High West Double Rye,8.70,0.29,13,$$,Rye-like,,,USA,Rye
High West Double Rye Campfire Barrel,8.50,0.28,4,$$$,Rye-like,,,USA,Rye
High West Midwinter Nights Dram Rye,9.11,0.19,11,$$$$$,Rye-like,,,USA,Rye
High West Rendezvous Rye,8.91,0.31,14,$$$$,Rye-like,,,USA,Rye
High West Rocky Mountain Rye 16yo,9.18,0.34,4,$$$$$,Rye-like,,,USA,Rye
High West Rocky Mountain Rye 21yo,9.14,0.24,7,$$$$$+,Rye-like,,,USA,Rye
High West Son of Bourye,8.42,0.42,10,$$$,Rye-like,,,USA,Blend
High West Yippee Ki-Yay,8.66,0.31,6,$$$$,Rye-like,,,USA,Rye
Highland Park 10yo,8.49,0.28,14,$$$,SingleMalt-like,I,I,Scotland,Malt
Highland Park 12yo (all reviews),8.67,0.21,23,$$$,SingleMalt-like,I,I,Scotland,Malt
Highland Park 12yo (reviews post-mid 2014),8.43,0.35,13,$$$,SingleMalt-like,I,I,Scotland,Malt
Highland Park 12yo (reviews pre-mid 2014),8.79,0.25,18,$$$,SingleMalt-like,I,I,Scotland,Malt
Highland Park 15yo,8.71,0.26,11,$$$$,SingleMalt-like,ABC,C,Scotland,Malt
Highland Park 15yo Fire,8.80,0.40,7,$$$$$+,SingleMalt-like,ABC,C,Scotland,Malt
Highland Park 15yo Freya,8.72,0.40,12,$$$$$+,SingleMalt-like,I,I,Scotland,Malt
Highland Park 15yo Loki,9.04,0.23,15,$$$$$+,SingleMalt-like,ABC,C,Scotland,Malt
Highland Park 16yo Odin,9.09,0.26,7,$$$$$+,SingleMalt-like,ABC,C,Scotland,Malt
Highland Park 16yo Thor,8.90,0.33,12,$$$$$+,SingleMalt-like,ABC,C,Scotland,Malt
Highland Park 17yo Ice,8.69,0.28,8,$$$$$+,SingleMalt-like,I,I,Scotland,Malt
Highland Park 18yo,9.08,0.22,23,$$$$$,SingleMalt-like,ABC,C,Scotland,Malt
Highland Park 21yo,8.90,0.40,16,$$$$$+,SingleMalt-like,ABC,C,Scotland,Malt
Highland Park 25yo,9.17,0.24,13,$$$$$+,SingleMalt-like,ABC,C,Scotland,Malt
Highland Park 30yo,9.15,0.41,12,$$$$$+,SingleMalt-like,ABC,C,Scotland,Malt
Highland Park 40yo,9.16,0.43,10,$$$$$+,SingleMalt-like,ABC,C,Scotland,Malt
Highland Park Dark Origins,8.47,0.46,19,$$$$,SingleMalt-like,ABC,C,Scotland,Malt
Highland Park Einar,8.28,0.38,7,$$$,SingleMalt-like,I,I,Scotland,Malt
Highland Park Harald,8.29,0.41,12,$$$$,SingleMalt-like,GH,G,Scotland,Malt
Highland Park Sigurd,9.04,0.29,7,$$$$$,SingleMalt-like,I,I,Scotland,Malt
Highland Park Svein,8.24,0.31,10,$$$,SingleMalt-like,GH,G,Scotland,Malt
Highwood Ninety 5yo,8.15,0.70,6,$,Rye-like,,,Canada,Blend
Highwood Ninety Rye 20yo,8.80,0.33,10,$$,Rye-like,,,Canada,Blend
Hiram Walker Special Old Rye,8.20,0.36,9,$,Rye-like,,,Canada,Blend
Ichiro's Malt Chichibu The First,8.49,0.37,12,$$$$$+,SingleMalt-like,GH,G,Japan,Malt
Ichiro's Malt Chichibu The Floor Malted,8.58,0.27,4,$$$$$+,SingleMalt-like,GH,G,Japan,Malt
Ichiro's Malt Chichibu The Peated,8.81,0.33,7,$$$$$+,SingleMalt-like,J,J,Japan,Malt
Ichiro's Malt Double Distilleries,8.67,0.27,6,$$$$$,SingleMalt-like,EF,E,Japan,Malt
Ichiro's Malt Mizunara Wood Reserve (MWR),8.23,0.54,7,$$$$$,SingleMalt-like,GH,H,Japan,Malt
Ichiro's Malt The Joker,9.25,0.20,4,$$$$$+,SingleMalt-like,EF,F,Japan,Malt
Ileach Peated Islay,8.37,0.27,7,$$,SingleMalt-like,J,J,Scotland,Malt
Ileach Peated Islay Cask Strength,8.82,0.35,9,$$$,SingleMalt-like,J,J,Scotland,Malt
Inchgower 14yo (F&F),8.67,0.46,7,$$$$,SingleMalt-like,GH,H,Scotland,Malt
Islay Mist 8yo,7.92,0.45,9,$,Scotch-like,,,Scotland,Blend
J&B Rare,7.10,0.99,10,$,Scotch-like,,,Scotland,Blend
J.P. Wisers 18yo,8.66,0.40,14,$$$,Rye-like,,,Canada,Blend
J.P. Wisers Red Letter,8.86,0.36,11,$$$$,Rye-like,,,Canada,Blend
J.P. Wisers Rye,7.99,0.45,8,$,Rye-like,,,Canada,Blend
J.P. Wiser's Deluxe,7.90,0.68,10,$,Rye-like,,,Canada,Blend
J.P. Wiser's Double Still Rye,8.35,0.36,8,$,Rye-like,,,Canada,Blend
J.P. Wiser's Hopped,8.06,0.53,5,$,Rye-like,,,Canada,Blend
J.P. Wiser's Last Barrels,8.80,0.27,7,$$$,Bourbon-like,,,Canada,Blend
J.P. Wiser's Legacy,9.02,0.35,15,$$,Rye-like,,,Canada,Blend
J.P. Wiser's Small Batch,8.53,0.26,11,$,Rye-like,,,Canada,Blend
J.P. Wiser's Special Blend,7.30,0.85,4,$,Rye-like,,,Canada,Blend
J.P. Wiser's Union 52,8.70,0.31,5,$$$,Rye-like,,,Canada,Blend
Jack Daniel's 150th Anniversary,8.91,0.32,3,$$$,Bourbon-like,,,USA,Bourbon
Jack Daniel's Gentleman Jack,7.91,0.37,12,$$,Bourbon-like,,,USA,Bourbon
Jack Daniel's Master Distiller (all series),8.60,0.23,4,$$,Bourbon-like,,,USA,Bourbon
Jack Daniel's No. 27 Gold Double Barrelled,8.02,0.11,3,$$$$,Bourbon-like,,,USA,Bourbon
Jack Daniel's Old No. 7,8.03,0.39,13,$$,Bourbon-like,,,USA,Bourbon
Jack Daniel's Rested Tennessee Rye (Batch 1/2),8.33,0.47,4,$$$,Rye-like,,,USA,Rye
Jack Daniel's Single Barrel,8.46,0.42,14,$$$,Bourbon-like,,,USA,Bourbon
Jack Daniel's Single Barrel Rye,8.68,0.23,4,$$$,Rye-like,,,USA,Rye
Jameson 12yo Special Reserve,8.36,0.25,9,$$$$,Scotch-like,,,Ireland,Blend
Jameson 18yo Limited Reserve,8.62,0.24,9,$$$$$,Scotch-like,,,Ireland,Blend
Jameson Blender's Dog Irish Whiskey,8.72,0.30,3,$$$$,Scotch-like,,,Ireland,Blend
Jameson Bold Irish Whiskey,8.38,0.39,3,$$$$,Scotch-like,,,Ireland,Blend
Jameson Caskmates Stout Edition,8.27,0.48,8,$$,Scotch-like,,,Ireland,Blend
Jameson Cooper's Croze Irish Whiskey,8.61,0.34,4,$$$$,Scotch-like,,,Ireland,Blend
Jameson Distiller's Safe Irish Whiskey,8.45,0.64,3,$$$$,Scotch-like,,,Ireland,Blend
Jameson Gold Reserve,8.46,0.39,10,$$$$,Scotch-like,,,Ireland,Blend
Jameson Irish Whiskey,7.82,0.51,19,$$,Scotch-like,,,Ireland,Blend
Jameson Lively Irish Whiskey,7.91,0.37,3,$$$$,Scotch-like,,,Ireland,Blend
Jameson Select Reserve (Black Barrel),8.37,0.37,17,$$,Scotch-like,,,Ireland,Blend
Jameson Signature Reserve,8.38,0.31,5,$$,Scotch-like,,,Ireland,Blend
Jefferson's 18yo Presidential Select,8.85,0.45,8,$$$$$+,Bourbon-like,,,USA,Bourbon
Jefferson's Ocean,8.53,0.19,6,$$,Bourbon-like,,,USA,Bourbon
Jefferson's Ocean Aged at Sea,8.64,0.39,3,$$$$,Bourbon-like,,,USA,Bourbon
Jefferson's Reserve Very Old Kentucky Straight Bourbon,8.51,0.38,7,$$$,Bourbon-like,,,USA,Bourbon
Jefferson's Straight Rye 10yo,8.61,0.37,7,$$$,Rye-like,,,USA,Rye
Jefferson's Very Small Batch Bourbon,7.92,0.71,8,$$,Bourbon-like,,,USA,Bourbon
Jim Beam 12yo Signature Craft,8.60,0.28,9,$$,Bourbon-like,,,USA,Bourbon
Jim Beam Black Label,8.21,0.42,15,$,Bourbon-like,,,USA,Bourbon
Jim Beam Bonded,8.59,0.35,8,$$,Bourbon-like,,,USA,Bourbon
Jim Beam Devil's Cut,8.06,0.51,16,$,Bourbon-like,,,USA,Bourbon
Jim Beam Distillers Masterpiece PX Sherry Cask Finish,8.39,0.36,4,$$$$$,Bourbon-like,,,USA,Bourbon
Jim Beam Distillers Series,7.66,1.58,4,$$,Bourbon-like,,,USA,Bourbon
Jim Beam Double Oak,8.17,0.46,6,$$,Bourbon-like,,,USA,Bourbon
Jim Beam Pre-Prohibition Rye,8.47,0.37,6,$,Rye-like,,,USA,Rye
Jim Beam Red Stag (Black Cherry),7.45,0.97,4,$,Bourbon-like,,,USA,Flavoured
Jim Beam Rye,7.93,0.62,9,$,Rye-like,,,USA,Rye
Jim Beam Single Barrel,8.65,0.21,4,$$,Bourbon-like,,,USA,Bourbon
Jim Beam White Label,7.66,0.48,17,$,Bourbon-like,,,USA,Bourbon
Johnnie Walker Black Label,8.27,0.47,22,$$,Scotch-like,,,Scotland,Blend
Johnnie Walker Blue Label,8.53,0.38,14,$$$$$,Scotch-like,,,Scotland,Blend
Johnnie Walker Double Black,8.42,0.45,14,$$,Scotch-like,,,Scotland,Blend
Johnnie Walker Explorers Club The Adventurer,7.91,0.08,3,$$,Scotch-like,,,Scotland,Blend
Johnnie Walker Explorers Club The Gold Route,8.49,0.33,8,$$$$,Scotch-like,,,Scotland,Blend
Johnnie Walker Explorers Club The Royal Route,8.33,0.44,7,$$$$$,Scotch-like,,,Scotland,Blend
Johnnie Walker Explorers Club The Spice Road,8.37,0.56,9,$$,Scotch-like,,,Scotland,Blend
Johnnie Walker Gold Label Reserve,8.29,0.33,16,$$$$,Scotch-like,,,Scotland,Blend
Johnnie Walker Green Label,8.54,0.40,17,$$$$,Scotch-like,,,Scotland,Blend
Johnnie Walker Platinum Label,8.48,0.41,15,$$$$,Scotch-like,,,Scotland,Blend
Johnnie Walker Red Label,7.39,0.62,18,$,Scotch-like,,,Scotland,Blend
Johnnie Walker Rye Cask Finish,8.38,0.55,5,$$$,Scotch-like,,,Scotland,Blend
Jura 10yo Origin,8.03,0.38,16,$$$,SingleMalt-like,I,I,Scotland,Malt
Jura 12yo Elixir,8.31,0.46,10,$$$,SingleMalt-like,ABC,C,Scotland,Malt
Jura 16yo,7.95,0.52,4,$$$$,SingleMalt-like,ABC,C,Scotland,Malt
Jura 16yo Diurach's Own,8.48,0.39,13,$$$$,SingleMalt-like,ABC,C,Scotland,Malt
Jura 21yo,8.24,0.74,5,$$$$$,SingleMalt-like,ABC,C,Scotland,Malt
Jura 21yo 200th Anniversary,8.14,0.82,3,$$$$$,SingleMalt-like,ABC,C,Scotland,Malt
Jura Brooklyn,8.77,0.21,6,$$$$,SingleMalt-like,ABC,C,Scotland,Malt
Jura Prophecy,8.65,0.31,15,$$$$,SingleMalt-like,J,J,Scotland,Malt
Jura Superstition,8.25,0.46,19,$$$,SingleMalt-like,I,I,Scotland,Malt
Jura Turas Mara,7.89,0.59,5,$$,SingleMalt-like,ABC,C,Scotland,Malt
Kakubin (Suntory Whisky),8.15,0.85,4,$$,Scotch-like,,,Japan,Blend
Karuizawa 1990 Sherry Butt,9.01,0.28,4,$$$$$+,SingleMalt-like,ABC,A,Japan,Malt
Karuizawa Asama Vintages 1999-2000,8.65,0.44,9,$$$$$+,SingleMalt-like,ABC,C,Japan,Malt
Kavalan Concertmaster Port Cask,8.28,0.54,18,$$$$,SingleMalt-like,ABC,C,Taiwan,Malt
Kavalan Distillery Reserve Peaty Cask,8.77,0.35,4,$$$$$+,SingleMalt-like,I,I,Taiwan,Malt
Kavalan ex-Bourbon Oak,9.08,0.22,3,$$$$,SingleMalt-like,EF,E,Taiwan,Malt
Kavalan King Car Conductor,8.42,0.37,8,$$$$,SingleMalt-like,GH,G,Taiwan,Malt
Kavalan Podium,8.81,0.36,7,$$$$,SingleMalt-like,GH,G,Taiwan,Malt
Kavalan Sherry Oak,8.73,0.27,5,$$$$$,SingleMalt-like,ABC,B,Taiwan,Malt
Kavalan Single Malt Whisky,8.42,0.50,17,$$$$,SingleMalt-like,GH,G,Taiwan,Malt
Kavalan Solist Ex-Bourbon,8.87,0.24,17,$$$$$,SingleMalt-like,EF,E,Taiwan,Malt
Kavalan Solist Fino Sherry Cask,9.00,0.35,10,$$$$$+,SingleMalt-like,ABC,A,Taiwan,Malt
Kavalan Solist Port Cask,9.00,0.43,3,$$$$$,SingleMalt-like,ABC,C,Scotland,Malt
Kavalan Solist Sherry Cask,9.12,0.35,14,$$$$$,SingleMalt-like,ABC,A,Taiwan,Malt
Kavalan Solist Vinho Barrique,8.98,0.34,13,$$$$$,SingleMalt-like,ABC,A,Taiwan,Malt
Kilbeggan 8yo Single Grain (Greenore),8.13,0.38,11,$$,Scotch-like,,,Ireland,Grain
Kilbeggan Irish Reserve Malt Whiskey,7.98,0.52,6,$$,SingleMalt-like,GH,G,Ireland,Malt
Kilchoman 100% Islay (all editions),8.76,0.25,15,$$$$,SingleMalt-like,J,J,Scotland,Malt
Kilchoman 2007 Vintage,8.95,0.29,9,$$$$,SingleMalt-like,J,J,Scotland,Malt
Kilchoman 2008 Vintage,9.02,0.22,5,$$$$,SingleMalt-like,J,J,Scotland,Malt
Kilchoman Bourbon Single Cask,8.95,0.24,12,$$$$,SingleMalt-like,I,I,Scotland,Malt
Kilchoman Coull Point,8.82,0.14,6,$$$$$,SingleMalt-like,I,I,Scotland,Malt
Kilchoman Loch Gorm,8.87,0.26,19,$$$$,SingleMalt-like,ABC,C,Scotland,Malt
Kilchoman Machir Bay (all vintages),8.77,0.23,20,$$$$,SingleMalt-like,J,J,Scotland,Malt
Kilchoman Madeira Cask Matured,8.60,0.34,7,$$$$$,SingleMalt-like,ABC,C,Scotland,Malt
Kilchoman Original Cask Strength,8.93,0.60,7,$$$$,SingleMalt-like,J,J,Scotland,Malt
Kilchoman Port Cask Matured,9.07,0.19,5,$$$$$,SingleMalt-like,ABC,C,Scotland,Malt
Kilchoman PX Sherry Finish,8.88,0.19,7,$$$$$,SingleMalt-like,ABC,C,Scotland,Malt
Kilchoman Sanaig,8.73,0.27,12,$$$$,SingleMalt-like,I,I,Scotland,Malt
Kilchoman Sherry Single Cask,8.63,0.55,13,$$$$$,SingleMalt-like,ABC,C,Scotland,Malt
Kilchoman Spring 2011 Release,8.74,0.24,8,$$$$,SingleMalt-like,J,J,Scotland,Malt
Kilchoman Winter 2010 Release,8.54,0.15,4,$$$$,SingleMalt-like,J,J,Scotland,Malt
Kilkerran 12yo,8.92,0.19,11,$$$,SingleMalt-like,GH,G,Scotland,Malt
Kilkerran Work in Progress,8.57,0.32,14,$$$$,SingleMalt-like,GH,G,Scotland,Malt
Kilkerran Work in Progress Bourbon Wood,8.77,0.42,10,$$$$,SingleMalt-like,GH,G,Scotland,Malt
Kilkerran Work in Progress Sherry Wood,8.58,0.31,9,$$$$,SingleMalt-like,EF,E,Scotland,Malt
Kininvie 17yo (all batches),8.83,0.33,9,$$$$$+,SingleMalt-like,EF,E,Scotland,Malt
Kininvie 23yo (all batches),8.57,0.34,8,$$$$$+,SingleMalt-like,EF,E,Scotland,Malt
Kirin 18yo (Fuji Sanroku),8.94,0.56,3,$$$$$+,SingleMalt-like,GH,G,Japan,Malt
Kirin 50% Blend (Fuji Gotemba),8.35,0.49,3,$$$$,Scotch-like,,,Japan,Blend
Knappogue Castle 12yo,8.50,0.40,12,$$$,SingleMalt-like,GH,G,Ireland,Malt
Knappogue Castle 14yo Twin Wood,8.10,0.73,4,$$$$,SingleMalt-like,EF,E,Ireland,Malt
Knappogue Castle 16yo Twin Wood,8.78,0.49,5,$$$$,SingleMalt-like,ABC,C,Ireland,Malt
Knappogue Castle Vintage,8.08,0.80,5,$$$,SingleMalt-like,GH,H,Ireland,Malt
Knob Creek Single Barrel Reserve Bourbon,8.75,0.29,11,$$$,Bourbon-like,,,USA,Bourbon
Knob Creek Small Batch 9yo Bourbon,8.61,0.40,21,$$,Bourbon-like,,,USA,Bourbon
Knob Creek Small Batch Straight Rye Whiskey,8.54,0.38,16,$$$,Rye-like,,,USA,Rye
Knockando 12yo (All Vintages),7.94,0.42,12,$$,SingleMalt-like,GH,G,Scotland,Malt
Koval Single Barrel Bourbon,8.67,0.33,7,$$$,Bourbon-like,,,USA,Bourbon
Koval Single Barrel Four Grain,8.54,0.19,5,$$$$,Bourbon-like,,,USA,Grain
Koval Single Barrel Millet Whiskey,8.17,0.34,4,$$$,Bourbon-like,,,USA,Grain
Koval Single Barrel Rye,8.08,0.31,5,$$$,Rye-like,,,USA,Rye
Lagavulin 12yo Cask Strength,9.12,0.17,19,$$$$$,SingleMalt-like,J,J,Scotland,Malt
Lagavulin 16yo,9.23,0.23,25,$$$$,SingleMalt-like,J,J,Scotland,Malt
Lagavulin 8yo,8.85,0.26,15,$$$$,SingleMalt-like,J,J,Scotland,Malt
Lagavulin Distiller's Edition (All Vintages),9.04,0.23,20,$$$$$,SingleMalt-like,J,J,Scotland,Malt
Laphroaig 10yo,8.86,0.25,20,$$$,SingleMalt-like,J,J,Scotland,Malt
Laphroaig 10yo Cask Strength (all batches),8.96,0.34,19,$$$$,SingleMalt-like,J,J,Scotland,Malt
Laphroaig 15yo (200th Anniversary),8.80,0.29,15,$$$$,SingleMalt-like,J,J,Scotland,Malt
Laphroaig 18yo,9.03,0.26,18,$$$$$,SingleMalt-like,J,J,Scotland,Malt
Laphroaig 21yo,9.22,0.24,9,$$$$$+,SingleMalt-like,J,J,Scotland,Malt
Laphroaig 25yo,9.16,0.30,15,$$$$$+,SingleMalt-like,ABC,C,Scotland,Malt
Laphroaig An Cuan Mor,8.87,0.14,11,$$$$,SingleMalt-like,J,J,Scotland,Malt
Laphroaig Cairdeas 2013 Port Wood,8.84,0.46,12,$$$$,SingleMalt-like,ABC,C,Scotland,Malt
Laphroaig Cairdeas 2014 Amontillado,8.96,0.22,9,$$$$,SingleMalt-like,J,J,Scotland,Malt
Laphroaig Cairdeas 2015,9.17,0.16,7,$$$$,SingleMalt-like,J,J,Scotland,Malt
Laphroaig Cairdeas 2016 Madeira,8.85,0.45,10,$$$$,SingleMalt-like,J,J,Scotland,Malt
Laphroaig Lore,8.86,0.30,13,$$$$$,SingleMalt-like,J,J,Scotland,Malt
Laphroaig PX Triple Matured,8.64,0.57,12,$$$$,SingleMalt-like,ABC,C,Scotland,Malt
Laphroaig QA Cask,8.29,0.58,9,$$$,SingleMalt-like,J,J,Scotland,Malt
Laphroaig Quarter Cask,9.02,0.27,21,$$$$,SingleMalt-like,J,J,Scotland,Malt
Laphroaig Select,8.29,0.37,12,$$$,SingleMalt-like,ABC,C,Scotland,Malt
Laphroaig Triple Wood,8.70,0.34,17,$$$$,SingleMalt-like,J,J,Scotland,Malt
Larceny Small Batch Bourbon,8.38,0.24,10,$$,Bourbon-like,,,USA,Bourbon
Ledaig 10yo,8.34,0.37,20,$$$,SingleMalt-like,I,I,Scotland,Malt
Ledaig 18yo,8.58,0.77,7,$$$$$,SingleMalt-like,ABC,C,Scotland,Malt
Ledaig 42yo Old Dusgadh,9.48,0.27,3,$$$$$+,SingleMalt-like,ABC,C,Scotland,Malt
Linkwood 12yo (F&F),8.59,0.35,6,$$$$,SingleMalt-like,GH,H,Scotland,Malt
Loch Lomond,7.55,0.45,10,$,SingleMalt-like,GH,H,Scotland,Malt
Lohin McKinnon,7.92,0.11,3,$$$,Rye-like,,,Canada,Rye
Longmorn 15yo,8.83,0.36,8,$$$$$,SingleMalt-like,ABC,C,Scotland,Malt
Longmorn 16yo,8.74,0.33,17,$$$$,SingleMalt-like,ABC,C,Scotland,Malt
Longmorn Distiller's Choice,7.98,0.32,8,$$$$,SingleMalt-like,ABC,C,Scotland,Malt
Longrow 10yo,8.58,0.40,12,$$$$,SingleMalt-like,GH,G,Scotland,Malt
Longrow 10yo Tokaji Finish,7.49,1.08,6,$$$$$,SingleMalt-like,I,I,Scotland,Malt
Longrow 18yo,9.10,0.27,10,$$$$$,SingleMalt-like,J,J,Scotland,Malt
Longrow 7yo Gaja Barolo Finish,8.56,0.55,6,$$$$,SingleMalt-like,I,I,Scotland,Malt
Longrow CV,8.82,0.29,15,$$$,SingleMalt-like,J,J,Scotland,Malt
Longrow Peated,8.83,0.18,12,$$$,SingleMalt-like,J,J,Scotland,Malt
Longrow Red 11yo Australian Shiraz,8.83,0.34,5,$$$$$,SingleMalt-like,ABC,C,Scotland,Malt
Longrow Red 11yo Cabernet Sauvignon,8.36,1.18,10,$$$$$,SingleMalt-like,ABC,C,Scotland,Malt
Longrow Red 11yo Port Cask,8.71,0.37,12,$$$$,SingleMalt-like,ABC,C,Scotland,Malt
Longrow Red 12yo Pinot Noir Finish,8.86,0.37,6,$$$$$,SingleMalt-like,ABC,C,Scotland,Malt
Longrow Red 14yo Burgundy Wood,8.54,0.69,5,$$$$$,SingleMalt-like,ABC,C,Scotland,Malt
Lot 40,8.91,0.36,20,$$,Rye-like,,,Canada,Rye
Lot 40 Cask Strength,9.27,0.20,3,,Rye-like,,,Canada,Rye
Macallan 10yo Fine Oak,8.24,0.30,17,$$$,SingleMalt-like,EF,E,Scotland,Malt
Macallan 10yo Sherry Oak,8.42,0.34,9,$$$,SingleMalt-like,ABC,A,Scotland,Malt
Macallan 10yo Sherry Oak Cask Strength,8.88,0.51,6,$$$$$+,SingleMalt-like,ABC,A,Scotland,Malt
Macallan 12yo Double Cask,8.59,0.41,6,$$$$,SingleMalt-like,EF,E,Scotland,Malt
Macallan 12yo Fine Oak,8.48,0.40,14,$$$$,SingleMalt-like,GH,G,Scotland,Malt
Macallan 12yo Sherry Oak,8.58,0.27,20,$$$$,SingleMalt-like,ABC,A,Scotland,Malt
Macallan 15yo Fine Oak,8.39,0.52,10,$$$$$,SingleMalt-like,EF,E,Scotland,Malt
Macallan 17yo Fine Oak,8.79,0.55,9,$$$$$,SingleMalt-like,GH,G,Scotland,Malt
Macallan 1824 Amber,8.29,0.40,12,$$$,SingleMalt-like,EF,E,Scotland,Malt
Macallan 1824 Gold,8.29,0.27,14,$$$,SingleMalt-like,GH,G,Scotland,Malt
Macallan 1824 Rare Cask,8.69,0.41,10,$$$$$+,SingleMalt-like,ABC,A,Scotland,Malt
Macallan 1824 Ruby,8.79,0.21,11,$$$$$,SingleMalt-like,ABC,A,Scotland,Malt
Macallan 1824 Sienna,8.74,0.35,16,$$$$$,SingleMalt-like,ABC,C,Scotland,Malt
Macallan 18yo Fine Oak,8.82,0.31,12,$$$$$,SingleMalt-like,EF,E,Scotland,Malt
Macallan 18yo Sherry Oak,8.89,0.34,16,$$$$$+,SingleMalt-like,ABC,A,Scotland,Malt
Macallan 21yo Fine Oak,8.52,0.40,6,$$$$$+,SingleMalt-like,EF,E,Scotland,Malt
Macallan 25yo Fine Oak,8.64,0.24,3,$$$$$+,SingleMalt-like,ABC,C,Scotland,Malt
Macallan 25yo Sherry Oak,8.85,0.47,8,$$$$$+,SingleMalt-like,ABC,A,Scotland,Malt
Macallan 30yo Fine Oak,8.57,0.35,6,$$$$$+,SingleMalt-like,ABC,C,Scotland,Malt
Macallan Cask Strength,8.88,0.39,12,$$$$$+,SingleMalt-like,ABC,A,Scotland,Malt
Macallan Edition No. 1,8.81,0.47,8,$$$$$,SingleMalt-like,EF,E,Scotland,Malt
Macallan Edition No. 2,8.81,0.24,8,$$$$$,SingleMalt-like,EF,E,Scotland,Malt
Macallan Reflexion,8.65,0.33,3,$$$$$+,SingleMalt-like,ABC,A,Scotland,Malt
Macallan Select Oak,8.28,0.37,10,$$$,SingleMalt-like,ABC,C,Scotland,Malt
Macallan Whisky Maker's Edition,8.56,0.35,12,$$$$,SingleMalt-like,ABC,A,Scotland,Malt
Mackinlay 'Shackleton' Rare Old Highland Malt Whisky,8.80,0.36,17,$$$$$,SingleMalt-like,GH,H,Scotland,Malt
Mackmyra Brukswhisky,8.43,0.62,9,$$$,SingleMalt-like,GH,H,Sweden,Malt
Mackmyra Midnattssol,8.14,0.71,5,$$$$,SingleMalt-like,GH,H,Sweden,Malt
Mackmyra Midvinter,8.52,0.55,3,$$$,SingleMalt-like,ABC,C,Sweden,Malt
Mackmyra Moment Gld,8.83,0.43,4,$$$$$,SingleMalt-like,EF,E,Sweden,Malt
Mackmyra Moment Jord,8.56,0.62,3,$$$$,SingleMalt-like,EF,E,Sweden,Malt
Mackmyra Moment Klla,8.46,0.32,3,$$$$$,SingleMalt-like,EF,E,Sweden,Malt
Mackmyra Moment Rimfrost,8.76,0.35,3,$$$$$,SingleMalt-like,EF,E,Sweden,Malt
Mackmyra Moment Solsken,8.47,0.55,3,$$$$$,SingleMalt-like,EF,E,Sweden,Malt
Mackmyra Moment Urberg,8.81,0.24,3,$$$$$,SingleMalt-like,EF,E,Sweden,Malt
Mackmyra Preludium 03,8.58,0.87,5,$$$$$,SingleMalt-like,GH,H,Sweden,Malt
Mackmyra Reserve Single Cask (various casks),9.00,0.50,7,$$$$$,SingleMalt-like,EF,E,Sweden,Malt
Mackmyra Special 01,7.57,0.46,3,$$$$$,SingleMalt-like,EF,E,Sweden,Malt
Mackmyra Special 02,8.30,0.74,3,$$$$$,SingleMalt-like,GH,H,Sweden,Malt
Mackmyra Special 03,8.69,0.28,7,$$$$$,SingleMalt-like,EF,E,Sweden,Malt
Mackmyra Special 04,8.75,0.36,8,$$$$,SingleMalt-like,EF,E,Sweden,Malt
Mackmyra Special 05,8.50,0.38,7,$$$$,SingleMalt-like,EF,E,Sweden,Malt
Mackmyra Special 07,8.49,0.54,7,$$$$,SingleMalt-like,GH,H,Sweden,Malt
Mackmyra Special 08,8.36,0.31,3,$$$$,SingleMalt-like,EF,E,Sweden,Malt
Mackmyra Special 09,8.62,0.24,4,$$$$,SingleMalt-like,EF,E,Sweden,Malt
Mackmyra Special 10,8.44,0.49,3,$$$$,SingleMalt-like,EF,E,Sweden,Malt
Mackmyra Svensk Ek,8.34,0.22,3,$$$$,SingleMalt-like,GH,H,Sweden,Malt
Mackmyra Svensk Rk,8.71,0.14,4,$$$$,SingleMalt-like,I,I,Sweden,Malt
Mackmyra The First Edition (Den Frsta Utgvan),8.64,0.37,17,$$$,SingleMalt-like,GH,H,Sweden,Malt
Maker's Mark,8.23,0.43,22,$$,Bourbon-like,,,USA,Bourbon
Maker's Mark 46,8.76,0.32,15,$$$,Bourbon-like,,,USA,Bourbon
Maker's Mark Cask Strength,8.71,0.38,9,$$$$,Bourbon-like,,,USA,Bourbon
Mannochmore 12yo (F&F),8.23,0.17,4,$$$,SingleMalt-like,GH,G,Scotland,Malt
Masterson's Straight Barley 10yo,8.58,0.61,7,$$$$,Rye-like,,,Canada,Barley
Masterson's Straight Rye 10yo,8.89,0.42,17,$$$$,Rye-like,,,Canada,Rye
Masterson's Straight Wheat 12yo,8.63,0.23,9,$$$$,Rye-like,,,Canada,Wheat
McClelland's Highland Single Malt,7.09,0.47,7,$$,SingleMalt-like,GH,G,Scotland,Malt
McClelland's Islay Single Malt,7.93,0.66,8,$$,SingleMalt-like,J,J,Scotland,Malt
McClelland's Lowland Single Malt,7.03,0.54,4,$$,SingleMalt-like,GH,H,Scotland,Malt
McClelland's Speyside Single Malt,6.71,0.48,6,$$,SingleMalt-like,EF,F,Scotland,Malt
Mellow Corn BiB,7.80,0.47,11,$,Bourbon-like,,,USA,Bourbon
Michter's 10yo Single Barrel Bourbon,8.82,0.38,9,$$$$$+,Bourbon-like,,,USA,Bourbon
Michter's 10yo Single Barrel Rye,8.78,0.33,5,$$$$$+,Rye-like,,,USA,Rye
Michter's 20yo Single Barrel Bourbon,8.95,0.38,4,$$$$$+,Bourbon-like,,,USA,Bourbon
Michter's Barrel Strength Rye,8.97,0.23,4,$$$$,Rye-like,,,USA,Rye
Michter's Single Barrel Straight Rye,8.68,0.45,10,$$$,Rye-like,,,USA,Rye
Michter's Small Batch Bourbon,8.50,0.31,11,$$$,Bourbon-like,,,USA,Bourbon
Michter's Sour Mash,8.36,0.08,3,$$$,Bourbon-like,,,USA,Bourbon
Michter's Toasted Barrel,8.41,0.15,5,$$$$,Bourbon-like,,,USA,Bourbon
Midleton Barry Crockett Legacy,9.07,0.24,9,$$$$$,SingleMalt-like,GH,G,Ireland,Blend
Midleton Dair Ghaelach,9.09,0.30,7,$$$$$,SingleMalt-like,EF,E,Ireland,Blend
Midleton Very Rare (all vintages),8.81,0.51,11,$$$$$,SingleMalt-like,EF,E,Ireland,Blend
Millstone 100 Rye,8.69,0.33,9,$$$$,Rye-like,,,Netherlands,Rye
Millstone 12yo Sherry Cask,8.95,0.25,7,$$$$,SingleMalt-like,ABC,C,Netherlands,Malt
Millstone 8yo French Oak,7.95,0.67,4,$$$$,SingleMalt-like,EF,E,Netherlands,Malt
Miltonduff 10yo (F&F),8.08,0.45,4,$$$,SingleMalt-like,EF,E,Scotland,Malt
Monkey Shoulder,8.31,0.40,16,$$,SingleMalt-like,EF,E,Scotland,Malt
Mortlach 15yo (Gordon & MacPhail),8.67,0.35,12,$$$$,SingleMalt-like,ABC,C,Scotland,Malt
Mortlach 16yo (F&F),8.68,0.29,9,$$$$$,SingleMalt-like,ABC,C,Scotland,Malt
Mortlach 18yo,8.71,0.60,10,$$$$$+,SingleMalt-like,EF,E,Scotland,Malt
Mortlach Rare Old,8.42,0.46,12,$$$$$,SingleMalt-like,EF,E,Scotland,Malt
Mortlach Special Strength,8.80,0.58,6,$$$$$,SingleMalt-like,EF,E,Scotland,Malt
Nikka All Malt,8.45,0.16,8,$$,SingleMalt-like,EF,E,Japan,Malt
Nikka Coffey Grain,8.59,0.49,15,$$$$,Scotch-like,,,Japan,Grain
Nikka Coffey Malt,8.80,0.44,9,$$$$,SingleMalt-like,EF,E,Japan,Malt
Nikka From the Barrel,8.82,0.39,21,$$$,SingleMalt-like,EF,F,Japan,Blend
Nikka Gold & Gold,8.17,0.34,7,$$$,SingleMalt-like,GH,G,Japan,Malt
Nikka Miyagikyo 10yo,8.45,0.33,7,$$$$,SingleMalt-like,I,I,Japan,Malt
Nikka Miyagikyo 12yo,8.56,0.33,7,$$$$,SingleMalt-like,I,I,Japan,Malt
Nikka Miyagikyo 15yo,8.67,0.29,11,$$$$$,SingleMalt-like,I,I,Japan,Malt
Nikka Miyagikyo NAS,8.47,0.37,5,$$$$,SingleMalt-like,GH,H,Japan,Malt
Nikka Pure Malt Black,8.79,0.22,13,$$$,SingleMalt-like,I,I,Japan,Malt
Nikka Pure Malt Red,8.53,0.33,9,$$$,SingleMalt-like,EF,E,Japan,Malt
Nikka Pure Malt White,8.65,0.32,12,$$$,SingleMalt-like,I,I,Japan,Malt
Nikka Single Cask Coffey Malt 12yo,9.11,0.48,9,$$$$$,SingleMalt-like,ABC,C,Japan,Malt
Nikka Super,8.00,0.46,8,$$$,SingleMalt-like,EF,E,Japan,Malt
Nikka Taketsuru 12yo,8.37,0.36,17,$$$$,SingleMalt-like,EF,E,Japan,Malt
Nikka Taketsuru 17yo,8.75,0.26,12,$$$$$,SingleMalt-like,EF,E,Japan,Malt
Nikka Taketsuru 21yo,8.97,0.28,16,$$$$$,SingleMalt-like,ABC,C,Japan,Malt
Nikka Taketsuru NAS,8.24,0.37,5,$$$$,SingleMalt-like,GH,G,Japan,Malt
Nikka Yoichi 10yo,8.68,0.27,16,$$$$,SingleMalt-like,I,I,Japan,Malt
Nikka Yoichi 12yo,8.76,0.20,9,$$$$$,SingleMalt-like,I,I,Japan,Malt
Nikka Yoichi 15yo,8.97,0.27,14,$$$$$,SingleMalt-like,I,I,Japan,Malt
Nikka Yoichi NAS,8.44,0.32,9,$$$$,SingleMalt-like,I,I,Japan,Malt
Oban 14yo,8.45,0.40,15,$$$$,SingleMalt-like,I,I,Scotland,Malt
Oban 18yo,8.73,0.18,12,$$$$$,SingleMalt-like,I,I,Scotland,Malt
Oban 21yo,9.04,0.25,5,$$$$$+,SingleMalt-like,I,I,Scotland,Malt
Oban Distillers Edition (all vintages),8.71,0.24,10,$$$$,SingleMalt-like,ABC,C,Scotland,Malt
Oban Little Bay,8.39,0.43,10,$$$$,SingleMalt-like,I,I,Scotland,Malt
Old Ballantruan Peated (Toumintoul),8.25,0.40,8,$$$$,SingleMalt-like,I,I,Scotland,Malt
Old Fitzgerald BiB,7.98,0.38,4,$$$,Bourbon-like,,,USA,Bourbon
Old Fitzgerald Kentucky Straight Bourbon,8.43,0.52,6,$$,Bourbon-like,,,USA,Bourbon
Old Forester,8.11,0.43,11,$$,Bourbon-like,,,USA,Bourbon
Old Forester 1897 BiB,8.11,0.60,4,$$$,Bourbon-like,,,USA,Bourbon
Old Forester 1920 Prohibition Style,8.87,0.21,3,$$$$,Bourbon-like,,,USA,Bourbon
Old Forester Birthday (2012-2016),8.75,0.15,9,$$$$$,Bourbon-like,,,USA,Bourbon
Old Forester Signature (100 Proof),8.36,0.40,8,$$,Bourbon-like,,,USA,Bourbon
Old Grand-Dad Bourbon (80/86 Proof),8.04,0.51,10,$$,Bourbon-like,,,USA,Bourbon
Old Grand-Dad Bourbon 100 BiB,8.37,0.54,9,$$,Bourbon-like,,,USA,Bourbon
Old Grand-Dad Bourbon 114,8.63,0.24,9,$$,Bourbon-like,,,USA,Bourbon
Old Pulteney 12yo,8.42,0.27,23,$$$,SingleMalt-like,EF,E,Scotland,Malt
Old Pulteney 17yo,8.83,0.27,17,$$$$$,SingleMalt-like,EF,E,Scotland,Malt
Old Pulteney 21yo,8.77,0.48,15,$$$$$,SingleMalt-like,GH,H,Scotland,Malt
Old Pulteney Navigator,8.30,0.40,10,$$$,SingleMalt-like,EF,E,Scotland,Malt
Old Rip Van Winkle 10yo,9.03,0.21,8,$$$$$+,Bourbon-like,,,USA,Bourbon
Old Weller Antique 107,8.68,0.41,10,$$,Bourbon-like,,,USA,Bourbon
Orphan Barrel Barterhouse Bourbon 20yo,8.72,0.40,12,$$$$$,Bourbon-like,,,USA,Bourbon
P&M Blended Whisky,7.46,0.97,5,$,Scotch-like,,,France,Blend
Pappy Van Winkle Family Reserve Bourbon 15yo,9.24,0.24,10,$$$$$+,Bourbon-like,,,USA,Bourbon
Pappy Van Winkle Family Reserve Bourbon 20yo,9.25,0.35,12,$$$$$+,Bourbon-like,,,USA,Bourbon
Pappy Van Winkle Family Reserve Bourbon 23yo,8.75,0.52,4,$$$$$+,Bourbon-like,,,USA,Bourbon
Parkers Heritage 10th 24yo Kentucky Straight Bourbon,8.65,0.96,3,$$$$$+,Bourbon-like,,,USA,Bourbon
Parkers Heritage 2nd 27yo Kentucky Straight Boubon,9.28,0.37,3,$$$$$+,Bourbon-like,,,USA,Bourbon
Parkers Heritage 4th 10yo Wheated Mash Bill Bourbon,9.09,0.22,5,$$$$$+,Bourbon-like,,,USA,Bourbon
Parkers Heritage 5th 10yo Cognac Barrel Finished,9.01,0.30,8,$$$$$+,Bourbon-like,,,USA,Bourbon
Parkers Heritage 6th Blend of Mashbills,9.05,0.12,6,$$$$$+,Bourbon-like,,,USA,Bourbon
Parkers Heritage 7th 10yo Promise of Hope,9.15,0.18,7,$$$$$+,Bourbon-like,,,USA,Bourbon
Parkers Heritage 8th 13yo Wheat Whiskey,8.77,0.54,8,$$$$$+,Bourbon-like,,,USA,Bourbon
Parkers Heritage 9th 8yo Malt Whiskey,8.41,0.54,5,$$$$$,Bourbon-like,,,USA,Bourbon
Paul John Bold,8.81,0.23,4,$$$,SingleMalt-like,I,I,India,Malt
Paul John Brilliance,8.51,0.42,6,$$$,SingleMalt-like,EF,E,India,Malt
Paul John Classic Select Cask,8.59,0.40,6,$$$$,SingleMalt-like,EF,E,India,Malt
Paul John Edited,8.41,0.58,6,$$$,SingleMalt-like,I,I,India,Malt
Paul John Peated Select Cask,8.76,0.28,8,$$$$,SingleMalt-like,I,I,India,Malt
Paul John Single Cask,8.90,0.35,5,$$$$,SingleMalt-like,EF,E,India,Malt
Penderyn Aur Cymru,7.73,0.58,8,$$$$,SingleMalt-like,EF,E,Wales,Malt
Penderyn Legend,7.49,0.87,4,$$$,SingleMalt-like,ABC,B,Wales,Malt
Penderyn Madeira,7.91,0.96,13,$$$$,SingleMalt-like,ABC,B,Wales,Malt
Penderyn Peated,8.30,0.57,9,$$$$,SingleMalt-like,I,I,Wales,Malt
Penderyn Portwood,8.61,0.39,5,$$$,SingleMalt-like,ABC,C,Wales,Malt
Penderyn Sherrywood,7.73,0.60,9,$$$$,SingleMalt-like,ABC,B,Wales,Malt
Pendleton (Let'er Buck),8.01,0.49,14,$$,Rye-like,,,Canada,Blend
Pendleton 1910,8.34,0.49,8,$$,Rye-like,,,Canada,Blend
Pike Creek 10yo Port-finished,8.28,0.52,12,$$,Rye-like,,,Canada,Blend
Pike Creek 10yo Rum-finished,8.66,0.24,3,$$,Rye-like,,,Canada,Blend
Pikesville Straight Rye,8.73,0.48,13,$$$$,Rye-like,,,USA,Rye
Port Charlotte 10yo Heavily Peated,8.65,0.27,4,$$$$,SingleMalt-like,I,I,Scotland,Malt
Port Charlotte An Turas Mor,8.71,0.28,10,$$$$,SingleMalt-like,I,I,Scotland,Malt
Port Charlotte Islay Barley Heavily Peated,8.89,0.17,3,$$$$,SingleMalt-like,J,J,Scotland,Malt
Port Charlotte PC10 (Second Edition),8.88,0.17,3,$$$$,SingleMalt-like,I,I,Scotland,Malt
Port Charlotte PC10 Tro Na Linntean,8.97,0.46,9,$$$$$,SingleMalt-like,I,I,Scotland,Malt
Port Charlotte PC11 Eorna Na H-Alba,8.91,0.27,4,$$$$$,SingleMalt-like,I,I,Scotland,Malt
Port Charlotte PC12 Oileanach Furachail,8.67,0.61,5,$$$$$,SingleMalt-like,I,I,Scotland,Malt
Port Charlotte Scottish Barley Heavily Peated,8.76,0.26,15,$$$$,SingleMalt-like,I,I,Scotland,Malt
Port Charlotte The Peat Project,8.50,0.40,7,$$$$,SingleMalt-like,J,J,Scotland,Malt
Potter's Special Old,8.41,0.42,4,$,Rye-like,,,Canada,Blend
Powers 12yo John's Lane,8.82,0.39,14,$$$$,Scotch-like,,,Ireland,Blend
Powers 12yo Reserve,8.62,0.25,6,$$$,Scotch-like,,,Ireland,Blend
Powers Gold Label,7.99,0.52,11,$$,Scotch-like,,,Ireland,Blend
Powers Signature Release,8.22,0.52,4,$$$,Scotch-like,,,Ireland,Blend
Prichards Rye,8.44,0.32,3,$$$$,Rye-like,,,USA,Rye
Proof Whisky,7.22,0.81,9,$$,Rye-like,,,Canada,Blend
Rebel Yell Kentucky Bourbon,7.59,0.59,11,$,Bourbon-like,,,USA,Bourbon
Redbreast 12yo,8.75,0.41,21,$$$,SingleMalt-like,EF,E,Ireland,Malt
Redbreast 12yo Cask Strength,9.07,0.35,17,$$$$,SingleMalt-like,EF,E,Ireland,Malt
Redbreast 15yo,8.74,0.26,13,$$$$,SingleMalt-like,EF,E,Ireland,Malt
Redbreast 21yo,9.16,0.32,14,$$$$$,SingleMalt-like,ABC,C,Ireland,Malt
Redbreast All Sherry Single Cask 1999,8.42,0.91,4,$$$$$,SingleMalt-like,ABC,A,Ireland,Malt
Redbreast Lustau Edition,8.88,0.33,6,$$$$,SingleMalt-like,ABC,C,Ireland,Malt
Redbreast Mano a Lmh,8.67,0.37,4,$$$,SingleMalt-like,ABC,C,Ireland,Malt
Redemption High Rye Bourbon,7.82,0.42,4,$$,Bourbon-like,,,USA,Bourbon
Rich and Rare,7.70,0.60,5,$,Rye-like,,,Canada,Blend
Rich and Rare Reserve,7.96,0.29,6,$,Rye-like,,,Canada,Blend
Rittenhouse Rye 100 Proof,8.58,0.24,15,$$,Rye-like,,,USA,Rye
Royal Brackla 12yo,8.26,0.47,12,$$$$,SingleMalt-like,EF,E,Scotland,Malt
Royal Brackla 16yo,8.76,0.23,5,$$$$$,SingleMalt-like,EF,E,Scotland,Malt
Royal Brackla 21yo,8.80,0.18,4,$$$$$,SingleMalt-like,ABC,C,Scotland,Malt
Royal Canadian Small Batch,8.04,0.35,12,$$,Rye-like,,,Canada,Blend
Royal Lochnagar 12yo,7.92,0.30,11,$$,SingleMalt-like,ABC,C,Scotland,Malt
Russell's Reserve 6yo Rye,8.70,0.28,7,$$$,Rye-like,,,USA,Rye
Russell's Reserve Single Barrel,8.82,0.47,8,$$$$,Bourbon-like,,,USA,Bourbon
Russell's Reserve Small Batch 10yo Bourbon,8.54,0.29,14,$$,Bourbon-like,,,USA,Bourbon
Sazerac 18yo,8.94,0.35,13,$$$$$+,Rye-like,,,USA,Rye
Sazerac Straight Rye,8.59,0.46,13,$$,Rye-like,,,USA,Rye
Scapa 16yo,8.29,0.27,14,$$$$,SingleMalt-like,EF,E,Scotland,Malt
Scapa Skiren,7.80,0.55,9,$$$$,SingleMalt-like,EF,E,Scotland,Malt
Schenley Golden Wedding,7.88,0.70,9,$,Rye-like,,,Canada,Blend
Seagram's Canadian 83,7.36,0.81,7,$,Rye-like,,,Canada,Blend
Seagram's VO,7.79,0.69,9,$,Rye-like,,,Canada,Blend
Sheep Dip 1999 Amoroso Blended Malt,8.71,0.57,3,$$$,SingleMalt-like,ABC,C,Scotland,Malt
Sheep Dip Blended Malt,8.46,0.33,11,$$,SingleMalt-like,GH,H,Scotland,Malt
Sheep Dip Old Hebridean 1990 Blended Malt,9.12,0.20,4,$$$$,SingleMalt-like,ABC,C,Scotland,Malt
Silk Tassel,7.73,0.71,4,$,Rye-like,,,Canada,Blend
Smgen Primr,8.51,0.24,4,$$$$$,SingleMalt-like,ABC,C,Sweden,Malt
Smgen Single Cask (2010/2011),8.91,0.15,3,$$$$$,SingleMalt-like,J,J,Sweden,Malt
Smooth Ambler Old Scout 10yo Bourbon,8.62,0.44,3,$$$$,Bourbon-like,,,USA,Bourbon
Smooth Ambler Old Scout 7yo Bourbon,8.51,0.38,9,$$$,Bourbon-like,,,USA,Bourbon
Smooth Ambler Old Scout 7yo Rye,8.56,0.36,6,$$$,Rye-like,,,USA,Rye
Smooth Ambler Old Scout Single Barrel Bourbon,8.89,0.24,5,$$$$,Bourbon-like,,,USA,Bourbon
Smooth Ambler Old Scout Yearling Bourbon,7.88,1.24,3,$$$,Bourbon-like,,,USA,Bourbon
Speyburn 10yo,8.07,0.33,18,$$,SingleMalt-like,GH,H,Scotland,Malt
Speyside 10yo,7.71,0.64,4,$$$,SingleMalt-like,EF,E,Scotland,Malt
Speyside 12yo,7.86,0.61,10,$$,SingleMalt-like,GH,H,Scotland,Malt
Spirit of Hven Sankt Claus,8.60,0.58,3,$$$$$,SingleMalt-like,ABC,C,Sweden,Malt
Spirit of Hven Seven Stars No. 1 Dubhe,8.29,0.41,3,$$$$$,SingleMalt-like,I,I,Sweden,Malt
Spirit of Hven Seven Stars No. 2 Merak,8.38,0.26,3,$$$$$,SingleMalt-like,I,I,Sweden,Malt
Spirit of Hven Seven Stars No. 3 Phecda,8.53,0.34,3,$$$$$,SingleMalt-like,I,I,Sweden,Malt
Spirit of Hven Tychos Star,8.57,0.07,3,$$$$,SingleMalt-like,I,I,Sweden,Malt
Spirit of Hven Urania,8.56,0.46,3,$$$$$+,SingleMalt-like,GH,H,Sweden,Malt
Springbank 10yo,8.70,0.25,19,$$$$,SingleMalt-like,I,I,Scotland,Malt
Springbank 11yo Local Barley,9.10,0.27,4,$$$$$,SingleMalt-like,I,I,Scotland,Malt
Springbank 12yo Cask Strength,8.87,0.25,16,$$$$,SingleMalt-like,ABC,C,Scotland,Malt
Springbank 12yo Green,8.80,0.27,8,$$$$,SingleMalt-like,I,I,Scotland,Malt
Springbank 13yo Green,8.89,0.21,4,$$$$,SingleMalt-like,ABC,C,Scotland,Malt
Springbank 15yo,8.69,0.24,17,$$$$$,SingleMalt-like,ABC,C,Scotland,Malt
Springbank 16yo Local Barley,9.08,0.16,10,$$$$$,SingleMalt-like,I,I,Scotland,Malt
Springbank 18yo,8.96,0.18,17,$$$$$,SingleMalt-like,I,I,Scotland,Malt
Springbank 21yo,8.98,0.22,10,$$$$$+,SingleMalt-like,ABC,C,Scotland,Malt
Springbank CV,8.25,0.37,8,$$$,SingleMalt-like,I,I,Scotland,Malt
St George's Chapter 6 (unpeated),8.24,0.47,10,$$$,SingleMalt-like,GH,G,England,Malt
St George's Chapter 9 (peated),8.21,0.44,5,$$$,SingleMalt-like,I,I,England,Malt
Stagg Jr (all batches),8.58,0.40,16,$$$$,Bourbon-like,,,USA,Bourbon
Stagg Jr (batches 1-2),8.45,0.38,13,$$$$,Bourbon-like,,,USA,Bourbon
Stagg Jr (batches 3-6),8.90,0.19,6,$$$$,Bourbon-like,,,USA,Bourbon
Stalk & Barrel 11+1 Canadian whisky,8.20,0.43,16,$$,Rye-like,,,Canada,Blend
Stalk & Barrel Red Blend,8.41,0.49,4,$$,Rye-like,,,Canada,Blend
Stalk & Barrel Rye,8.56,0.19,5,$$$,Rye-like,,,Canada,Blend
Stalk & Barrel Rye (Cask Strength),8.40,0.55,4,$$$,Rye-like,,,Canada,Blend
Stalk & Barrel Single Malt (All Casks),8.26,0.41,12,$$$,SingleMalt-like,EF,F,Canada,Malt
Storas 21yo Rare Cask Reserves Blended Malt,8.61,0.04,3,$$$,SingleMalt-like,EF,E,Scotland,Blend
Stranahan's Colorado Whiskey,8.54,0.32,13,$$$$,Bourbon-like,,,USA,Bourbon
Strathisla 12yo,8.21,0.31,13,$$$,SingleMalt-like,EF,E,Scotland,Malt
Strathmill 12yo,8.37,0.28,3,$$$$,SingleMalt-like,GH,G,Scotland,Malt
Strathmill 25yo,8.81,0.4,4,$$$$$+,SingleMalt-like,EF,E,Scotland,Malt
Stronachie 12yo,8.17,0.29,8,$$$,SingleMalt-like,GH,H,Scotland,Malt
Stronachie 18yo,8.62,0.26,5,$$$$,SingleMalt-like,GH,H,Scotland,Malt
Sullivans Cove American Oak,8.55,0.27,4,$$$$$,SingleMalt-like,EF,E,Tasmania,Malt
Sullivans Cove Bourbon Cask Strength,8.54,0.76,6,$$$$,SingleMalt-like,EF,F,Tasmania,Malt
Sullivans Cove Double Cask,8.28,0.52,13,$$$$,SingleMalt-like,EF,E,Tasmania,Malt
Sullivans Cove French Oak,8.67,0.28,8,$$$$$+,SingleMalt-like,ABC,C,Tasmania,Malt
Sullivans Cove Port Cask Strength,8.45,0.59,7,$$$$$,SingleMalt-like,EF,E,Tasmania,Malt
Suntory Old Whisky,8.3,0.33,7,$$$,Scotch-like,,,Japan,Blend
Suntory Toki,8.21,0.46,6,$$$,Scotch-like,,,Japan,Blend
Talisker 10yo,8.92,0.18,22,$$$$,SingleMalt-like,I,I,Scotland,Malt
Talisker 18yo,9.18,0.2,16,$$$$$,SingleMalt-like,I,I,Scotland,Malt
Talisker 25yo,8.98,0.3,15,$$$$$+,SingleMalt-like,I,I,Scotland,Malt
Talisker 30yo,9.2,0.34,13,$$$$$+,SingleMalt-like,I,I,Scotland,Malt
Talisker 57 North,8.95,0.21,16,$$$$,SingleMalt-like,I,I,Scotland,Malt
Talisker Dark Storm,8.75,0.13,8,$$$,SingleMalt-like,I,I,Scotland,Malt
Talisker Distiller's Edition (all editions),8.94,0.26,20,$$$$,SingleMalt-like,I,I,Scotland,Malt
Talisker Port Ruighe,8.5,0.41,15,$$$$,SingleMalt-like,ABC,C,Scotland,Malt
Talisker Skye,8.44,0.25,11,$$,SingleMalt-like,GH,G,Scotland,Malt
Talisker Storm,8.61,0.27,16,$$$$,SingleMalt-like,I,I,Scotland,Malt
Tamdhu 10yo,8.22,0.6,15,$$$$,SingleMalt-like,GH,H,Scotland,Malt
Tamdhu Batch Strength (both batches),8.47,0.57,6,$$$$,SingleMalt-like,ABC,A,Scotland,Malt
Tamnavulin 12yo,7.68,0.84,4,$$,SingleMalt-like,GH,H,Scotland,Malt
T Bheag,8.47,0.29,14,$$,Scotch-like,,,Scotland,Blend
Teacher's Highland Cream,7.96,0.72,11,$,Scotch-like,,,Scotland,Blend
Teaninich 10yo (F&F),8.08,0.27,3,,SingleMalt-like,EF,F,Scotland,Malt
Teeling Poitin,8.14,0.24,5,$$,Scotch-like,,,Ireland,Blend
Teeling Silver Reserve 21yo Sauternes Finish,8.92,0.33,10,$$$$$,SingleMalt-like,GH,H,Ireland,Malt
Teeling Single Grain (Wine Cask Finish),8.53,0.32,10,$$$,Scotch-like,,,Ireland,Grain
Teeling Single Malt,8.47,0.34,7,$$$$,SingleMalt-like,ABC,C,Ireland,Malt
Teeling Small Batch (Rum Cask Finish),8.31,0.41,19,$$,SingleMalt-like,EF,E,Ireland,Blend
Teerenpeli 10yo,8.21,0.39,5,$$$$$,SingleMalt-like,GH,H,Finland,Malt
Teerenpeli 8yo,8.42,0.4,6,$$$$$,SingleMalt-like,EF,E,Finland,Malt
Teerenpeli Distillers Choice KARHI,8.73,0.12,3,$$$$,SingleMalt-like,ABC,C,Finland,Malt
Teerenpeli Distillers Choice RASI,8.55,0.34,3,$$$$,SingleMalt-like,EF,E,Finland,Malt
Teerenpeli Distiller's Choice KASKI,8.56,0.26,3,$$$$,SingleMalt-like,EF,E,Finland,Malt
Templeton Rye,8,0.41,7,$$$,Rye-like,,,USA,Rye
The Irishman Cask Strength,8.68,0.25,4,$$$$$,Scotch-like,,,Ireland,Blend
The Irishman Founders Reserve,8.32,0.38,6,$$,Scotch-like,,,Ireland,Blend
The Irishman Original Clan Irish Whiskey,8.16,0.21,4,$$,Scotch-like,,,Ireland,Blend
The Irishman Single Malt (NAS),7.92,0.19,5,$$$,SingleMalt-like,EF,E,Ireland,Malt
The Nikka 12yo Premium Blended,8.51,0.15,3,$$$$,Scotch-like,,,Japan,Blend
The Quiet Man 8yo Single Malt,8.23,0.52,5,$$$,SingleMalt-like,GH,H,Ireland,Malt
The Quiet Man Traditional Irish Whiskey,7.52,1.12,6,$$,Scotch-like,,,Ireland,Blend
Thomas H. Handy Sazerac,9.13,0.21,14,$$$$$+,Rye-like,,,USA,Rye
Three Ships 10yo,8.42,0.38,9,$$$$,Scotch-like,,,South Africa,Blend
Three Ships 5yo,8.06,0.49,9,$,Scotch-like,,,South Africa,Blend
Tincup American Whiskey,8.15,0.32,7,$$,Bourbon-like,,,USA,Bourbon
Tobermory 10yo,8.22,0.42,20,$$$,SingleMalt-like,EF,F,Scotland,Malt
Tobermory 15yo,8.54,0.33,13,$$$$$,SingleMalt-like,ABC,C,Scotland,Malt
Tomatin 12yo,7.87,0.58,16,$$,SingleMalt-like,EF,E,Scotland,Malt
Tomatin 14yo Portwood,8.55,0.34,8,$$$$,SingleMalt-like,ABC,C,Scotland,Malt
Tomatin 15yo,8.34,0.51,7,$$$$,SingleMalt-like,EF,E,Scotland,Malt
Tomatin 18yo,8.68,0.21,9,$$$$,SingleMalt-like,ABC,C,Scotland,Malt
Tomatin 40yo,8.98,0.35,3,$$$$$+,SingleMalt-like,ABC,C,Scotland,Malt
Tomatin Cask Strength,8.35,0.45,10,$$$$,SingleMalt-like,GH,G,Scotland,Malt
Tomatin Cu Bocan,8.09,0.33,11,$$$$,SingleMalt-like,GH,H,Scotland,Malt
Tomatin Cu Bocan 1989 Limited Edition,8.95,0.25,4,$$$$$+,SingleMalt-like,I,I,Scotland,Malt
Tomatin Cu Bocan Sherry Edition,8.36,0.29,4,$$$$,SingleMalt-like,ABC,C,Scotland,Malt
Tomatin Cu Bocan Virgin Oak Edition,8.52,0.46,3,$$$$,SingleMalt-like,GH,H,Scotland,Malt
Tomatin Decades,8.96,0.52,8,$$$$$,SingleMalt-like,EF,E,Scotland,Malt
Tomatin Legacy,8.15,0.47,10,$$,SingleMalt-like,GH,G,Scotland,Malt
Tomintoul 10yo,7.83,0.32,14,$$$,SingleMalt-like,GH,G,Scotland,Malt
Tomintoul 12yo Oloroso Sherry,8.22,0.57,10,$$$$,SingleMalt-like,EF,E,Scotland,Malt
Tomintoul 16yo,8.3,0.43,14,$$$,SingleMalt-like,GH,G,Scotland,Malt
Tomintoul Peaty Tang,7.89,0.71,11,$$,SingleMalt-like,J,J,Scotland,Malt
Tormore 12yo,7.86,0.37,9,$$$,SingleMalt-like,GH,G,Scotland,Malt
Tormore 14yo,8.17,0.32,5,$$$,SingleMalt-like,GH,G,Scotland,Malt
Tullamore Dew 10yo Single Malt,8,0.82,6,$$$,SingleMalt-like,EF,E,Ireland,Malt
Tullamore Dew Blended,7.81,0.38,17,$$,Scotch-like,,,Ireland,Blend
Tullamore Dew Blended 12yo,7.97,0.33,10,$$$,Scotch-like,,,Ireland,Blend
Tullibardine 1993 Port,8,0.35,5,$$$$,SingleMalt-like,ABC,B,Scotland,Malt
Tullibardine 1993 Sauternes,8.2,0.32,5,$$$,SingleMalt-like,EF,E,Scotland,Malt
Tullibardine 20yo,8.66,0.29,4,$$$$$,SingleMalt-like,GH,G,Scotland,Malt
Tullibardine 225 Sauternes Finish,8.31,0.38,6,$$$$,SingleMalt-like,EF,E,Scotland,Malt
Tullibardine 228 Burgundy Finish,8.06,0.39,4,$$$,SingleMalt-like,EF,E,Scotland,Malt
Tullibardine 25yo,8.44,0.39,6,$$$$$+,SingleMalt-like,EF,E,Ireland,Malt
Tullibardine 500 Sherry Finish,8.25,0.29,6,$$$,SingleMalt-like,ABC,C,Scotland,Malt
Tullibardine Aged Oak Edition,8.04,0.44,9,$$$,SingleMalt-like,GH,G,Scotland,Malt
Tullibardine Sovereign,8.19,0.24,9,$$$,SingleMalt-like,GH,G,Scotland,Malt
Tullibardine Vintage 1993,8.27,0.43,10,$$$,SingleMalt-like,GH,G,Scotland,Malt
Tyrconnell 10yo Madeira Cask Finish,8.55,0.38,10,$$$$,SingleMalt-like,EF,E,Ireland,Malt
Tyrconnell 10yo Port Cask Finish,8.54,0.37,10,$$$$,SingleMalt-like,ABC,B,Ireland,Malt
Tyrconnell 10yo Sherry Cask Finish,8.3,0.15,5,$$$$,SingleMalt-like,ABC,B,Ireland,Malt
Tyrconnell Single Malt Irish Whiskey,8.14,0.39,14,$$,SingleMalt-like,GH,H,Ireland,Malt
Van Winkle Family Reserve Rye 13yo,8.96,0.34,8,$$$$$+,Rye-like,,,USA,Rye
Van Winkle Special Reserve 12yo Lot B,8.7,0.17,7,$$$$$+,Bourbon-like,,,USA,Bourbon
Very Old Barton 6yo,8.45,0.37,6,$,Bourbon-like,,,USA,Bourbon
Very Old Barton 6yo BiB,8.34,0.38,3,$$,Bourbon-like,,,USA,Bourbon
Virginia Black,7.63,1.11,4,$$,Bourbon-like,,,USA,Bourbon
W.L. Weller 12yo,8.87,0.25,12,$$$$$,Bourbon-like,,,USA,Bourbon
W.L. Weller Special Reserve,8.43,0.4,11,$,Bourbon-like,,,USA,Bourbon
Wayne Gretzky No. 99 Red Cask,8.08,0.34,5,$$,Rye-like,,,Canada,Blend
Wemyss Malts Kiln Embers,8.77,0.09,3,$$$,SingleMalt-like,J,J,Scotland,Malt
Wemyss Malts Peat Chimney,8.47,0.38,12,$$$,SingleMalt-like,I,I,Scotland,Malt
Wemyss Malts Smooth Gentleman,8.3,0.09,3,$$$,SingleMalt-like,EF,E,Scotland,Malt
Wemyss Malts The Hive,8.4,0.21,13,$$$,SingleMalt-like,GH,G,Scotland,Malt
Wemyss Malts The Rockpool,8.9,0.28,3,$$$,SingleMalt-like,I,I,Scotland,Malt
Wemyss Malts The Spice King,8.41,0.3,12,$$$,SingleMalt-like,ABC,C,Scotland,Malt
Wemyss Malts Velvet Fig,8.27,1.12,5,$$$,SingleMalt-like,ABC,A,Scotland,Malt
West Cork Original Irish Whiskey,8.01,0.48,3,$$,Scotch-like,,,Ireland,Blend
Westland American Single Malt,8.57,0.35,11,$$$$,SingleMalt-like,EF,E,USA,Malt
Westland Garryana,8.63,0.08,4,$$$$$,SingleMalt-like,GH,G,USA,Malt
Westland Peated,8.63,0.56,7,$$$$,SingleMalt-like,I,I,USA,Malt
Westland Sherry Wood,8.37,0.53,12,$$$$,SingleMalt-like,ABC,B,USA,Malt
Westland Winter 2016,8.49,0.7,3,$$$$,SingleMalt-like,ABC,C,USA,Malt
Whistlepig 10yo,8.85,0.43,15,$$$$,Rye-like,,,Canada,Blend
Whistlepig The Boss Hog,8.82,0.28,9,$$$$$,Rye-like,,,Canada,Blend
White Oak Akashi 14yo,8.84,0.53,3,$$$$$+,SingleMalt-like,ABC,C,Japan,Malt
White Oak Akashi 5yo,8.17,0.61,7,$$$$$,SingleMalt-like,GH,G,Japan,Malt
White Oak Akashi Blended,7.99,0.42,6,$$$,Scotch-like,,,Japan,Blend
White Oak Akashi Single Malt (NAS),7.96,0.53,6,$$$$,SingleMalt-like,GH,G,Japan,Malt
Whyte & Mackay Special Reserve,7.38,0.42,6,$,Scotch-like,,,Scotland,Blend
Wild Turkey 101 Bourbon,8.46,0.43,18,$$,Bourbon-like,,,USA,Bourbon
Wild Turkey 101 Rye,8.46,0.3,8,$$,Rye-like,,,USA,Rye
Wild Turkey 81 Bourbon,8.17,0.4,13,$,Bourbon-like,,,USA,Bourbon
Wild Turkey 81 Rye,8.02,0.17,6,$$,Bourbon-like,,,USA,Bourbon
Wild Turkey Rare Breed,8.72,0.31,15,$$$,Bourbon-like,,,USA,Bourbon
Willett Family Estate 11yo Bourbon,8.87,0.22,4,$$$$$+,Bourbon-like,,,USA,Bourbon
Willett Family Estate 13yo Bourbon,8.78,0.43,3,$$$$$+,Bourbon-like,,,USA,Bourbon
Willett Family Estate 17yo Bourbon,8.93,0.54,3,$$$$$+,Bourbon-like,,,USA,Bourbon
Willett Family Estate 22yo Bourbon,9.34,0.1,3,$$$$$+,Bourbon-like,,,USA,Bourbon
Willett Family Estate 25yo Rye,8.76,0.5,3,$$$$$+,Rye-like,,,USA,Rye
Willett Family Estate 2yo Rye,8.45,0.3,7,$$$,Rye-like,,,USA,Rye
Willett Family Estate 3yo Rye,8.72,0.44,5,$$$,Rye-like,,,USA,Rye
Willett Family Estate 4yo Rye,8.8,0.49,7,$$$,Rye-like,,,USA,Rye
Willett Family Estate 6yo Rye,8.95,0.18,4,$$$$,Rye-like,,,USA,Rye
Willett Family Estate 9yo Bourbon,8.61,0.32,3,$$$$,Bourbon-like,,,USA,Bourbon
Willett Family Estate Bourbon (all ages),8.94,0.25,12,$$$$,Bourbon-like,,,USA,Bourbon
Willett Family Estate Rye (all ages),8.7,0.29,12,$$$$,Rye-like,,,USA,Rye
Willett Pot Still Reserve,8.63,0.51,9,$$$,Bourbon-like,,,USA,Bourbon
William Larue Weller,9.18,0.25,11,$$$$$+,Bourbon-like,,,USA,Bourbon
Wolfburn (NAS),8.3,0.36,9,$$$,SingleMalt-like,GH,G,Scotland,Malt
Woodford Reserve bourbon,8.4,0.35,18,$$,Bourbon-like,,,USA,Bourbon
Woodford Reserve Double Oaked,8.77,0.29,11,$$$$,Bourbon-like,,,USA,Bourbon
Woodford Reserve Straight Rye,8.47,0.24,8,$$,Rye-like,,,USA,Rye
Writers Tears Pot Still Irish Whiskey,8.49,0.33,16,$$,Scotch-like,,,Ireland,Blend
Yamazaki 12yo,8.63,0.28,21,$$$$,SingleMalt-like,GH,G,Japan,Malt
Yamazaki 18yo,9.14,0.21,20,$$$$$,SingleMalt-like,ABC,C,Japan,Malt
Yamazaki Bourbon Barrel,8.79,0.23,9,$$$$$,SingleMalt-like,GH,G,Japan,Malt
Yamazaki Distiller's Reserve,8.67,0.26,5,$$$$,SingleMalt-like,EF,E,Japan,Malt
Yamazaki Mizunara,8.95,0.2,8,$$$$$+,SingleMalt-like,EF,E,Japan,Malt
Yamazaki NAS,8.46,0.23,6,$$$$,SingleMalt-like,GH,G,Japan,Malt
Yamazaki Puncheon,8.65,0.23,10,$$$$$,SingleMalt-like,GH,G,Japan,Malt
Yamazaki Sherry Cask (all vintages),9.08,0.29,11,$$$$$+,SingleMalt-like,ABC,A,Japan,Malt
Yamazakura 16yo Blended Whisky,8.08,0.52,3,$$$$$,Scotch-like,,,Japan,Blend
Yamazakura Blended Whisky,6.64,1.16,3,$$$,Scotch-like,,,Japan,Blend
Yellow Rose Straight Rye,8.31,0.53,5,$$$,Rye-like,,,USA,Rye
Yellow Spot,8.78,0.27,14,$$$$,Scotch-like,,,Ireland,Blend
Yellowstone 2015 Limited Edition,8.36,0.64,4,$$$$$,Bourbon-like,,,USA,Bourbon
Yellowstone 2016 Limited Edition,8.73,0.45,3,$$$$$,Bourbon-like,,,USA,Bourbon
Yellowstone Select,8.18,0.28,3,$$$,Bourbon-like,,,USA,Bourbon
