Name,Rating,Rabble,Price
13th Colony Southern Bourbon,411,Unrated,$33
13th Colony Southern Rye Whiskey,376,Unrated,$31
1792 Port Finish Bourbon,603,5.0,$40
1792 Small Batch Bourbon,593,3.6,$30
1920 Prohibition Bourbon,507,Unrated,$18
287 Single Malt Whiskey,381,Unrated,$49
2bar Spirits Moonshine,Unrated,Unrated,$30
4 Spirits Bourbon,272,5.0,$27
Abraham Bowman Gingerbread Cocoa Bourbon,Unrated,Unrated,$40
AD Laws Four Grain Bourbon,503,Unrated,$65
AD Laws Single Barrel Secale Rye Whiskey,507,Unrated,$105
Adirondack 601 Bourbon,395,Unrated,$40
AH Hirsch Reserve 16yr Bourbon,Unrated,Unrated,$500
Alibi American Whiskey,458,Unrated,$23
American Barrels Bourbon,338,Unrated,$30
American Born Dixie Moonshine,428,Unrated,$25
American Spirit Whiskey,312,4.0,$30
Angels Envy Bourbon,648,4.0,$46
Angels Envy Rye Whiskey,545,4.5,$70
Arizona Distilling Park Rye Whiskey,313,Unrated,$25
Atomic Fusion Cinnamon Whiskey,338,Unrated,$15
Baby Blue Whisky,608,3.7,$50
Backwards Distilling Milk Can Moonshine,338,Unrated,$28
Bainbridge Yama Mizurna Organic Whiskey,624,Unrated,$495
Balcones 1 Single Malt Whisky,615,3.5,$70
Balcones 5th Anniversary Straight Malt Whisky,557,Unrated,$95
Balcones Crooked Bourbon,464,Unrated,$95
Balcones FR Oak Single Malt Whisky,481,Unrated,$80
Balcones True Blue 100 Corn Whisky,378,Unrated,$55
Banner Wheat Whiskey,313,Unrated,$35
Barrell Bourbon Batch 002,603,Unrated,$62
Barrell Bourbon Batch 005,603,Unrated,$85
Barrell Bourbon Batch 007,559,Unrated,$85
Batch 206 Barrel Rider Bourbon,378,Unrated,$45
Bearded Lady American Bourbon,607,Unrated,$43
Belle Isle Moonshine,389,Unrated,$25
Belle Meade 9yr Sherry Cask Bourbon,576,Unrated,$75
Belmont Farm Kopper Kettle Virginia Whiskey,338,Unrated,$34
Benchmark Brown Sugar Bourbon,265,3.0,$13
Berentzen Bushel and Barrel Apple Bourbon,419,Unrated,$20
Bernheim 7yr Wheat Whiskey,586,3.7,$30
Big Bottom Bourbon,Unrated,Unrated,$32
Big House 6yr Bourbon,452,Unrated,$20
Bird Dog Apple Whiskey,Unrated,Unrated,$22
Bird Dog Bourbon,Unrated,Unrated,$20
Bird Dog Cinnamon Whiskey,Unrated,5.0,$22
Bird Dog Maple Whiskey,Unrated,4.0,$27
Bird Dog Peppermint Moonshine,Unrated,Unrated,$22
Black Eagle Bourbon,376,3.5,$12
Black Maple 11yr,Unrated,4.0,$45
Black Maple Hill 16yr,Unrated,Unrated,$78
Black Maple Hill 21yr,Unrated,Unrated,$108
Black Maple Hill Small Batch Bourbon,Unrated,4.8,$43
Black Ridge Bourbon,457,Unrated,$30
Blackjack Whisky,239,Unrated,$20
Blade and Bow Bourbon,614,Unrated,$50
Blantons Gold Edition Bourbon,528,Unrated,$85
Blantons Straight from the Barrel Bourbon,567,5.0,$100
Blaum Bros Leadmine Moonshine,Unrated,Unrated,$25
Blood Oath Pact 1 Bourbon,338,Unrated,$90
Blue Flame Rye Whiskey,297,Unrated,$35
Bluegrass Sundown Vanilla Coffee Whiskey,Unrated,Unrated,$25
Bookers Bourbon,Unrated,4.6,$50
Boondocks American Whiskey,453,Unrated,$40
Border Bourbon,Unrated,Unrated,$45
Bowman Brothers Virginia Bourbon,523,3.0,$30
Breaker Bourbon,560,4.0,$40
Breakout Rye Whiskey,Unrated,3.7,$40
Breckenridge Dark Arts Malt Whiskey,644,Unrated,$299
Breckenridge Single Barrel Bourbon,370,Unrated,$150
Breuckelen 77 Wheat Whiskey,Unrated,5.0,$30
Buck Horn Bourbon,372,4.2,$12
Buckshot Peppered Maple Whiskey,Unrated,Unrated,$25
Buffalo Trace White Dog 1,447,2.5,$16
Buffalo Trace White Dog Wheated Mash,352,2.0,$32
Bulleit 95 Rye Whiskey,589,4.3,$28
Bulleit Cask Strength Bourbon,616,Unrated,$50
Bully Boy Organic Wheat Whiskey,Unrated,Unrated,$28
Cabin Fever Maple Flavored Whiskey,Unrated,Unrated,$28
Cadee Bourbon,321,Unrated,$39
Cadee Deceptivus Port Barrel Bourbon,403,Unrated,$49
Caliber Apple Cinnamon Whiskey,453,Unrated,$18
Calumet Farm Bourbon Whiskey,Unrated,1.5,$50
Catdaddy Carolina Moonshine,Unrated,4.0,$19
Catoctin Creek Mosbys Organic Spirit,331,Unrated,$29
Catskill Most Righteous New York Bourbon,554,Unrated,$45
Catstkill Rye Whiskey,387,Unrated,$45
Cedar Ridge Malted Rye Whisey,510,Unrated,$37
Cedar Ridge Unaged Whiskey,370,Unrated,$24
Central Standard Bourbon,Unrated,Unrated,$35
CH Bourbon,411,Unrated,$35
Charbay Hop Flavored Aged Whiskey,622,Unrated,$475
Charbay Whiskey,479,Unrated,$315
Charter 101 Bourbon,352,2.3,$18
Chattanooga Whiskey 1816 Cask Whiskey,507,5.0,$45
Chestnut Farm Bourbon,559,5.0,$50
Chicken Cock Bootleggers Reserve Whiskey,390,Unrated,$35
Chicken Cock Cinnamon Whiskey,Unrated,Unrated,$20
Chicken Cock Root Beer Whiskey,Unrated,Unrated,$20
Chicken Cock Speakeasy Reserve Rye Whiskey,419,Unrated,$40
Clarkes 1866 Bourbon,Unrated,Unrated,$20
Cleveland Black Reserve Bourbon,272,4.0,$35
Cleveland Underground Apple Wood Bourbon,419,Unrated,$45
Clyde Mays Conecuh Ridge Whiskey,500,5.0,$35
Cody Road Rye Whiskey,410,4.0,$33
Collier and McKeel Tennessee Whiskey,507,Unrated,$60
Colonel EH Taylor Four Grain Bourbon,Unrated,Unrated,$70
Colonel EH Taylor Rye Whiskey,Unrated,5.0,$80
Colonel EH Taylor Small Batch Bourbon,573,4.4,$40
Colorado Gold Bourbon,490,Unrated,$42
Colorado Gold Rocky Mountan Rye Whiskey,403,Unrated,$35
Colters Run Bourbon Whiskey,387,Unrated,$40
Commanders Unaged Rye Whiskey,374,Unrated,$45
Coopers Craft Bourbon,419,3.7,$29
Coopers Mark Honey Bourbon,346,Unrated,$25
Cooperstown Classic American Whiskey,395,3.0,$47
Copper Barrel Strawberry Moonshine,338,Unrated,$24
Copper Fox Rye Whisky,545,3.3,$46
Copper Pony Rye Whiskey,395,1.0,$20
Coppersea Excelsior Bourbon,507,Unrated,$117
Coppersea New York Corn Whiskey,419,Unrated,$78
Corbin Cash Blended Whiskey,419,Unrated,$49
Corner Creek Bourbon,458,3.3,$30
Corsair Nashville Bourbon,489,Unrated,$45
Corsair Pumpkin Spice Moonshine,256,Unrated,$40
Corsair Ryemageddon,570,4.3,$45
Cougar Bourbon,Unrated,Unrated,$30
Crown Valley Coldwater Whiskey,387,Unrated,$45
Crown Valley Missouri Moonshine,445,Unrated,$30
CW Irwin Bourbon,Unrated,Unrated,$28
Dads Hat Pennsylvania Rye,485,4.0,$40
Dads Hat Vermouth Barrel Rye Whiskey,428,Unrated,$50
Darbys Reserve Rye Whiskey,484,Unrated,$22
Dark Corner Hot Mama Whiskey,Unrated,5.0,$0
Dark Corner Moonshine Whiskey,481,5.0,$36
Dawsonville Moonshine,370,Unrated,$27
Deception Distilling Skagit Moon Corn Whiskey,370,Unrated,$30
Deerhammer Distilling Whitewater Whiskey,297,Unrated,$35
Defiant Single Malt Whisky,313,5.0,$40
Depot Silver Corn Whiskey,487,Unrated,$26
Devils Share California Moonshine,607,Unrated,$25
Distillery 291 Colorado Bourbon,603,Unrated,$72
Door County Single Malt Whisky,378,5.0,$25
Downslope Double Diamond Single Malt Whiskey,362,Unrated,$65
Dr McGillicudys Blackberry Whiskey,Unrated,Unrated,$18
Driftless Glen Rivershine,Unrated,Unrated,$30
Dry Fly 101 Bourbon,453,Unrated,$65
Dry Fly Port Finish Wheat Whiskey,370,Unrated,$30
Dry Fly Washington Wheat Whiskey,272,3.6,$40
Eagle Rare 10yr Bourbon,666,4.1,$30
Early Times 354 Bourbon,375,3.5,$16
Early Times Fire Eater Cinnamon Whisky,384,4.5,$13
Eastside Distilling Burnside 4yr Bourbon,406,1.5,$28
Elijah Craig 18yr Bourbon,636,4.5,$120
Elijah Craig 21yr Bourbon,370,Unrated,$140
Elijah Craig 25yr Bourbon,Unrated,Unrated,$200
Elmer T Lee Bourbon,454,4.3,$30
Engine 49 Barrel Strength Rye Whiskey,Unrated,Unrated,$50
Engine 49 Rye Whiskey,Unrated,Unrated,$30
Evan Williams 1994 Vintage Bourbon,Unrated,Unrated,$30
Evan Williams 1996 Vintage Bourbon,Unrated,Unrated,$25
Evan Williams 1998 Vintage Bourbon,Unrated,Unrated,$25
Evan Williams 2000 Vintage Bourbon,Unrated,4.0,$25
Evan Williams 2002 Vintage Bourbon,603,4.0,$25
Evan Williams 2004 Vintage Bourbon,Unrated,4.2,$27
Evan Williams 2006 Vintage Bourbon,Unrated,3.0,$24
Evan Williams 2008 Vintage Bourbon,Unrated,3.8,$30
Evan Williams Bottled in Bond Bourbon,Unrated,4.0,$14
Evan Williams Green Label Bourbon,Unrated,2.3,$9
Ezra Brooks 90pf Bourbon,395,3.8,$18
Few Bourbon,365,3.0,$50
Few Single Malt Whisky,459,1.0,$70
Fighting Cock 6yr Bourbon,Unrated,3.1,$19
Filibuster Dual Cask Rye Whiskey,407,Unrated,$42
Firefly Caramel Moonshine,Unrated,1.0,$20
Firestone and Robertson TX Blended Whiskey,545,5.0,$40
Fitchs Goat Moonshine,Unrated,Unrated,$30
Five and 20 SB2RW Rye Whiskey,626,Unrated,$50
Fogs End California Moonshine,321,Unrated,$25
Four Roses 2009 Barrel Strength Bourbon,Unrated,Unrated,$50
Four Roses 2011 Barrel Strength Bourbon,523,Unrated,$77
Four Roses 2014 Single Barrel Bourbon,399,Unrated,$99
Four Roses Bourbon,603,3.5,$19
Four Roses Single Barrel 100pf Bourbon,672,4.4,$38
Fremont Mischief Whiskey,Unrated,Unrated,$30
Garrison Brothers 2014 Texas Bourbon,313,Unrated,$80
Gentleman Jack Whiskey,559,3.7,$23
George Dickel Cascade Hollow Whisky,Unrated,4.0,$13
George Dickel No 12 Whisky,594,4.0,$25
George Dickel Rye Whisky,685,3.9,$25
George T Stagg Bourbon,370,4.0,$70
Georgia Peach Whiskey,Unrated,Unrated,$35
Glacier Fireweed Bourbon Cherry Liqueur,313,Unrated,$38
Glen Thunder Corn Whiskey,Unrated,5.0,$24
Golden Moon Single Malt Whiskey,603,Unrated,$100
Great Lakes Kinnickinnic American Whiskey,452,Unrated,$39
Great Northern Doppelganger Whiskey,Unrated,Unrated,$35
Great Northern Vanguard Whiskey,429,Unrated,$38
Griffs Cowboy Whiskey,266,Unrated,$30
H Walker and Sons Hot Cinnamon Moonshine,265,Unrated,$22
H Walker and Sons Peach Moonshine,362,Unrated,$22
Hamilton Whiskey Del Bac Classic Single Malt,419,Unrated,$39
Hamilton Whiskey Del Back Dorado Single Malt,603,5.0,$58
Hatfield and McCoy Family Brand Whiskey,330,Unrated,$40
Hayes Parker Cherry Bourbon,395,Unrated,$13
Headlong White Dog Whiskey,436,4.0,$35
Heaven Hill Old Style Bourbon,Unrated,2.6,$10
Henebery Spiced Whiskey,346,Unrated,$40
Henry McKenna 10yr Bottled in Bond Bourbon,579,3.8,$30
Heritage Distilling Dual Barrel Bourbon,403,Unrated,$29
Heritage Distilling Elk Rider Blended Whiskey,346,Unrated,$45
Hidden Marsh Lone Loggers Bourbon,297,Unrated,$45
Hidden Still Screw Head Shine,338,Unrated,$32
Hidden Stock Whiskey,419,Unrated,$17
High West A Midwinter Nights Dram,657,4.0,$80
High West American Prairie Reserve Bourbon,466,3.0,$40
High West Bourye Whiskey,395,Unrated,$80
High West Double Rye Whiskey,545,4.3,$40
High West Rocky Mountain 21yr Rye,Unrated,5.0,$130
High West Silver OMG Pure Rye Whiskey,526,4.0,$48
High West Son of Bourye Whiskey,445,3.0,$53
High Whiskey,256,Unrated,$28
High Wire Southern Revival Madeira Finish Bourbon,453,Unrated,$70
Highspire Pure Rye Whiskey,419,Unrated,$46
Hillrock Estate Double Cask Rye Whiskey,604,Unrated,$100
Hillrock Solera Aged Bourbon,689,5.0,$80
Hirsch Selection Corn Whiskey,239,Unrated,$26
Hochstadters Rock and Rye,Unrated,3.4,$24
Homestead Barrel Proof Bourbon,406,4.8,$42
Hookers House Bourbon,361,Unrated,$36
House Spirits White Dog Whiskey,486,Unrated,$30
Hudson Baby Bourbon Whiskey,501,3.8,$44
Hudson Four Grain Bourbon Whiskey,554,3.2,$44
Hudson Maple Rye Whiskey,490,Unrated,$44
Humphreys Arizona Malt Whiskey,481,Unrated,$30
Infusion Diabolique Kentucky Flavored Bourbon,272,Unrated,$42
Ironroot Republic Harbinger Bourbon,338,Unrated,$55
IW Harper 15yr Bourbon,614,Unrated,$75
J Becher American Rye Whiskey,603,Unrated,$60
J Henry and Sons 5yr Patton Road Reserve Bourbon,623,Unrated,$69
Jack Daniels Green Label Whiskey,Unrated,1.9,$22
Jack Daniels Rested Rye Whiskey,Unrated,Unrated,$60
Jack Daniels Sinatra Select Whisky,Unrated,Unrated,$200
Jack Daniels Single Barrel Whiskey,523,3.8,$55
Jack Daniels Whiskey,352,3.0,$26
Jacobs Ghost White Whiskey,382,3.0,$22
James E Pepper 1776 Barrel Proof Rye Whiskey,507,Unrated,$47
James E Pepper 1776 Rye Whiskey,518,2.7,$30
James Oliver Rye Whiskey,403,Unrated,$26
Jeffersons 15yr Reserve Bourbon,534,4.0,$56
Jeffersons 21yr Rye Whiskey,Unrated,Unrated,$150
Jeffersons Chefs Collaboration Blended Whisky,Unrated,5.0,$45
Jeffersons Reserve Groth Cask Bourbon,453,Unrated,$80
Jeremiah Weed Cherry Mash Bourbon,Unrated,3.3,$18
Jeremiah Weed Sarsparilla Whiskey,313,Unrated,$20
Jim Beam 7yr Bourbon,Unrated,4.0,$35
Jim Beam Apple Bourbon,Unrated,1.8,$16
Jim Beam Bonded 100 Proof Bourbon,546,2.0,$23
Jim Beam Choice Bourbon,Unrated,3.0,$26
Jim Beam Double Oak Bourbon,Unrated,3.8,$27
Jim Beam Kentucky Fire Cinnamon Whiskey,432,3.3,$16
Jim Beam Masterpiece Bourbon,627,Unrated,$200
Jim Beam Rye Whiskey,519,3.6,$23
Jim Beam Signature Craft 12yr Bourbon,473,4.0,$43
Jim Beam Signature Craft High Rye Bourbon,491,Unrated,$50
Jim Beam Signature Red Wheat Bourbon,586,2.0,$50
Jim Beam Signature Triticale Bourbon,395,Unrated,$50
Jimmys Texas Bourbon,395,Unrated,$60
JKs Naked Rye Whiskey,Unrated,Unrated,$30
John E Fitzgerald 20yr Bourbon,603,Unrated,$300
Johnny Drum Black Label Bourbon,361,1.0,$20
Johnny Drum Private Stock Bourbon,Unrated,4.4,$45
Journeyman Buggy Whip Organic Wheat Whiskey,Unrated,Unrated,$35
Journeyman Federalist 12th Rye Whiskey,Unrated,Unrated,$45
Journeyman Silver Cross Organic Whiskey,472,Unrated,$30
Journeyman WR Organic Whiskey,454,Unrated,$35
JR Ewing Private Reserve 4yr Bourbon,428,Unrated,$35
JTS Brown 10yr Bourbon,Unrated,Unrated,$12
Judds Wreckin Ball Corn Whiskey,Unrated,Unrated,$28
Ke Whiskey,481,Unrated,$30
Kentucky Tavern,388,3.0,$11
Kentuckys Old Reserve Bourbon,264,Unrated,$10
Kings County Barrel Strength Bourbon,338,Unrated,$30
Kings County Distillery Rye Whiskey,576,Unrated,$50
Kings County Single Malt Whiskey,338,Unrated,$23
Kinsey Bourbon Whiskey,Unrated,Unrated,$40
Kirkland 7yr Small Batch Bourbon,Unrated,2.6,$20
Kirkland Signature Tennessee Whiskey,403,Unrated,$25
Knob Creek Rye Whiskey,626,4.0,$40
Knob Creek Smoked Maple Flavored Bourbon,482,3.0,$31
Koenig Seven Devils Bourbon,481,3.0,$30
Koval Four Grain Single Barrel Whiskey,Unrated,Unrated,$60
Koval Organic American Oat Spirit,Unrated,Unrated,$40
Koval Organic Levant Spelt Whiskey,Unrated,Unrated,$40
Koval Organic Raksi Millet Whiskey,Unrated,Unrated,$29
Koval Single Barrel Millet Whiskey,Unrated,Unrated,$40
Koval White Rye Whiskey,Unrated,Unrated,$30
LA 1 Whiskey,467,Unrated,$45
Lazy River Bourbon,453,Unrated,$33
Leopold Bros New York Apple Whiskey,Unrated,1.0,$36
Leopold Bros Small Batch Whiskey,Unrated,Unrated,$32
Lexington Bourbon Whiskey,427,3.2,$30
Litchfield Batchers Bourbon,419,Unrated,$45
Local Choice Bourbon,297,Unrated,$25
Local Choice Whiskey,265,Unrated,$22
Lock Stock and Barrel 16yr Rye Whiskey,603,Unrated,$150
Long Road Rye Whisky,512,Unrated,$40
Louisiana Lightning Clear Whiskey,348,Unrated,$19
Low Gap Barreled Rye California Whiskey,554,Unrated,$65
Low Gap Malted Wheat Whiskey,454,Unrated,$65
Maine Craft Blueshine Blueberry Moonshine,Unrated,Unrated,$30
Makers Mark Bourbon,Unrated,3.6,$30
Manhattan Moonshine Prohibition Whiskey,428,3.5,$45
Mastersons 10yr French Oak Finish Rye Whiskey,554,Unrated,$79
McCormick Bourbon,Unrated,Unrated,$12
McKenzie Rye Whiskey,Unrated,5.0,$41
Metzes Select 2015 Indiana Bourbon,603,Unrated,$75
Michters 10yr Rye Whiskey,Unrated,4.5,$200
Michters 25yr Single Barrel Bourbon,Unrated,3.0,$350
Michters US1 Barrel Strength Rye,624,Unrated,$75
Michters US1 Rye Whiskey,Unrated,4.0,$44
Michters US1 Toasted Barrel Bourbon,662,Unrated,$53
Midnight Moon Apple Pie Moonshine,Unrated,4.0,$19
Midnight Moon Cherry Moonshine,Unrated,1.0,$19
Midnight Moonshine,Unrated,2.7,$19
Mill Street Moonshine,331,Unrated,$29
Most Wanted Pioneer Whiskey,Unrated,Unrated,$20
Moylans Cask Strength Bourbon,623,Unrated,$69
Moylans Rye Whisky,305,Unrated,$40
Nahmias et Fils Legs Diamond Whiskey,455,Unrated,$40
New Deal Distillery Bourbon,313,Unrated,$50
New England Gunpowder Rye Whiskey,411,Unrated,$45
New Holland Double Down Barley Malt Whiskey,Unrated,Unrated,$45
New Holland Zeppelin Bend Malt Whiskey,Unrated,3.5,$35
New Richmond Straight Rye Whiskey,Unrated,Unrated,$50
NJoy Spirits Wild Buck Rye Whiskey,507,Unrated,$58
North Fork Flood Stage Whiskey,296,Unrated,$23
Northern Waters Honey Lemon Moonshine,Unrated,Unrated,$20
Northern Waters Lakeside Apple Pie Moonshine,Unrated,Unrated,$20
Northern Waters Lakeside Moonshine,Unrated,Unrated,$30
Notch 10yr Single Malt Whisky,576,Unrated,$350
OBegley Poitin,330,Unrated,$40
Old Bardstown Black Label Bourbon,361,2.0,$20
Old Charter Bourbon,Unrated,3.7,$13
Old Ezra 7yr 101 Proof Bourbon,481,3.0,$20
Old Forester 1870 Original Batch Bourbon,602,3.0,$45
Old Forester 2005 Birthday Bourbon,Unrated,Unrated,$38
Old Forester 2007 Birthday Bourbon,Unrated,Unrated,$37
Old Forester 2009 Birthday Bourbon,Unrated,Unrated,$40
Old Forester 2011 Birthday Bourbon,569,Unrated,$50
Old Forester 2013 Birthday Bourbon,378,5.0,$55
Old Forester 2015 Birthday Bourbon,519,Unrated,$70
Old Forester Repeal Bourbon,Unrated,3.0,$17
Old Grand Dad 100 Proof Bourbon,576,4.0,$25
Old Grand Dad 86 Proof Bourbon,Unrated,3.5,$10
Old Hickory Straight Bourbon,395,Unrated,$40
Old Medley 12 Year Bourbon,Unrated,Unrated,$48
Old Pogue Bourbon,Unrated,3.5,$49
Old Potrero 19th Century Style,Unrated,5.0,$55
Old Samuel Blended Bourbon,370,Unrated,$25
Old Tahoe Rye Whiskey,507,Unrated,$38
Old Town Old Standard Rye Whiskey,419,Unrated,$60
Old Whiskey River Bourbon,Unrated,Unrated,$22
Ole Smoky Apple Pie Moonshine,339,3.0,$20
Onyx Moonshine,361,4.0,$23
Oola Waitsburg Bourbon,484,4.0,$48
Orphan Barrel Barterhouse 20yr Bourbon,601,4.0,$75
Orphan Barrel Gifted Horse Whiskey,458,Unrated,$50
Orphan Barrel Old Blowhard 26yr Bourbon,509,Unrated,$150
Orphan Barrel Rhetoric 21yr Bourbon,603,Unrated,$110
Ottis Webber Oregon Wheat Whiskey,614,Unrated,$40
OYO Michelone Bourbon,411,Unrated,$45
OYO Soft Winter Wheat Whiskey,458,Unrated,$45
Paddleford Creek Bourbon,398,Unrated,$20
Palmetto Whiskey,338,Unrated,$30
Pappy Van Winkles 15yr Bourbon,545,4.7,$66
Pappy Van Winkles 23y Bourbon,361,5.0,$250
Parkers Heritage 10yr Promise of Hope Bourbon,297,5.0,$90
Parkers Heritage 27yr Bourbon,Unrated,Unrated,$240
Parkers Heritage Blend of Mashbills Bourbon,458,Unrated,$80
Peg Leg Porker Tennessee Bourbon,509,Unrated,$45
Phillips Union,Unrated,Unrated,$18
Phillips Union Vanilla,Unrated,Unrated,$26
Pinckney Bend Rested Whiskey,557,Unrated,$45
Pinckney Bend Unaged Corn Whiskey,454,Unrated,$28
pink White Whiskey,Unrated,Unrated,$0
Popcorn Suttons White Whiskey,Unrated,5.0,$30
Prichards Double Barrel Bourbon,Unrated,4.3,$40
Prichards Lincoln County Lightning,Unrated,4.8,$25
Prichards Single Malt Whiskey,Unrated,2.0,$30
Prohibition 13 Spirits Moonshine,313,Unrated,$29
Quincy Street Bourbon Spring,455,Unrated,$36
Quincy Street North American Steamship Rye,Unrated,Unrated,$30
Rabbit Hole Bourbon,387,Unrated,$50
Rabbit Hole Rye Whiskey,507,Unrated,$60
Ranger Creek 36 White Whiskey,481,Unrated,$33
Ransom Emerald 1865 Whiskey,561,Unrated,$75
Rays Gun Oil Flavored Whiskey,419,Unrated,$26
Rebel Reserve Honey Whiskey,313,Unrated,$15
Rebel Yell Bourbon,612,2.8,$14
Rebell Yell Small Batch Reserve Bourbon,424,Unrated,$25
Red Handed Bourbon,329,Unrated,$30
Red Stag Black Cherry Bourbon,460,3.2,$18
Red Stag Honey Tea Bourbon,Unrated,Unrated,$18
Redemption 10yr Barrel Proof Rye,481,Unrated,$185
Redemption Bourbon,419,Unrated,$29
Redemption Rye Whiskey,512,4.1,$24
Reservoir Straight Rye Whiskey,422,1.0,$85
Revel Stoke Roasted Pineapple Whisky,338,Unrated,$17
Ridge Reserve Black Label Bourbon,411,Unrated,$37
Rittenhouse 100 Rye Whiskey,633,3.8,$25
Rittenhouse 25yr Rye Whiskey,Unrated,5.0,$170
Rittenhouse Straight Rye Whiskey,Unrated,Unrated,$30
Rock Hill Farms Single Barrel Bourbon,Unrated,5.0,$50
Rock Town Arkansas Rye Whiskey,517,Unrated,$40
Rock Town Hickory Smoked Whiskey,450,Unrated,$30
Rocky Mountain 16yr Rye Whiskey,Unrated,Unrated,$80
Rogue Farms Oregon Rye Whiskey,514,Unrated,$40
Rollins Tennessee Whiskey,507,Unrated,$36
Rough Rider Bull Moose Rye Whiskey,507,Unrated,$36
Rough Rider Straight Bourbon,354,2.0,$36
Russells Reserve 10yr Bourbon,531,4.0,$35
Russells Reserve 6yr Rye Whiskey,491,4.0,$42
Russells Reserve Single Barrel Rye Whiskey,Unrated,Unrated,$60
Salado Texas Whiskey,455,Unrated,$34
Santa Fe Colkegan Single Malt Whiskey,382,Unrated,$50
Sazerac Rye Whiskey,640,4.4,$27
Seagrams 7 Stone Cherry Whiskey,Unrated,3.8,$14
Semper Fi Corn Whiskey,313,Unrated,$40
Seven Stills Whipnose Whiskey,297,Unrated,$40
Seventeen Twelve North Carolina Bourbon,507,Unrated,$33
Short Mountain Shine,418,5.0,$35
Silo Moonshine,313,Unrated,$33
Silver Lightning Moonshine,411,Unrated,$28
Siverback Blackback Luck 13 Rye Whiskey,554,Unrated,$53
Six and Twenty Old Money Whiskey,395,Unrated,$36
Skip Rock Barrel Proof Rye Whiskey,557,Unrated,$35
Skip Rock Rye Whiskey,509,Unrated,$25
Smooth Ambler Contradiction Bourbon,395,Unrated,$50
Smooth Ambler Old Scout Rye,454,Unrated,$37
Smooth Ambler White Whiskey,352,Unrated,$28
Smugglers Notch Bourbon,507,Unrated,$49
Soldier Valley 10yr Rye Whiskey,576,Unrated,$80
Soldier Valley Small Batch Bourbon,557,Unrated,$40
Sonoma County Rye Whiskey,Unrated,4.0,$50
Sons of Liberty Hop Flavored Whiskey,464,Unrated,$45
Sons of Liberty Uprising PX Single Malt,370,Unrated,$30
Southern Shine Apple Pie Moonshine,576,Unrated,$20
Southshot Straight Bourbon Whiskey,454,1.0,$22
Spirit of America Bourbon,398,Unrated,$40
Spirit Works Rye Whiskey,403,Unrated,$65
St George Breaking and Entering Bourbon,436,4.0,$35
Stagg Jr Barrel Proof Bourbon,650,4.8,$50
Stein Distillery 2yr Bull Bourbon,576,Unrated,$50
Stillhouse Apple Crisp Whiskey,338,Unrated,$28
Stillhouse Mint Chip Whiskey,338,Unrated,$28
Stillhouse Peach Tea Whiskey,338,Unrated,$28
Stone Barn Hard Eight Dark Rye Whiskey,Unrated,Unrated,$25
Stranahans Colorado Whiskey,436,3.8,$59
Sugar Shoppe Chocolate Bar Whiskey,313,Unrated,$20
Sugarlands Shine Apple Pie Moonshine,397,Unrated,$25
Sugarlands Shine Dynamite Cinnamon Moonshine,395,Unrated,$25
Sugarlands Shine Mint Condition Moonshine,419,Unrated,$25
Sugarlands Shine Rye Apple Moonshine,419,Unrated,$25
Swift Single Malt Texas Whiskey,596,Unrated,$55
Syntax White Cat Whiskey,346,Unrated,$30
Taos Lightning Governors Reserve Rye Whiskey,490,Unrated,$35
Tatoosh Bourbon,510,Unrated,$46
Tatoosh Whiskey,382,Unrated,$50
Templeton Rye Whiskey,523,4.0,$40
Ten High Bourbon,Unrated,1.2,$9
Thomas H Handy Rye Whiskey,618,4.4,$80
Tom Moore Bottled in Bond Bourbon,Unrated,3.0,$20
TOPO Carolina Organic Wheat Whiskey,377,Unrated,$22
Town Branch Bourbon,459,4.0,$27
Trails End 8yr Oregon Oak Bourbon,609,Unrated,$45
Triple Crown Blended Whiskey,378,4.5,$20
Troy and Sons Blonde Whiskey,378,4.0,$40
Troy and Sons Oak Reserve Whiskey,351,4.0,$35
Trybox Rye New Make Whiskey,Unrated,4.5,$25
Tucker Corn Moonshine,338,Unrated,$26
Twelve Five Rye Whiskey,485,Unrated,$50
Two james Catchers Rye Whiskey,419,Unrated,$60
Two James Johnny Smoking Gun Whiskey,395,Unrated,$50
Two Stars Bourbon,462,3.3,$19
Uncle Bobs Root Beer Whiskey,395,Unrated,$20
Union Horse Reserve Bourbon,520,Unrated,$47
V Bourbon,Unrated,Unrated,$40
Valley Tan Utah Oat Whisky,481,Unrated,$50
VDI Virginia Highland Malt Whisky,528,Unrated,$58
Vermont Spirits No 14 Maple Bourbon,248,Unrated,$45
Very Old Barton Bourbon,Unrated,3.3,$12
Virgil Kaine Robber Baron Rye Whiskey,507,Unrated,$27
W Wisconsin Wheat Whiskey,Unrated,Unrated,$35
Watershed Distillery Bourbon,Unrated,Unrated,$40
Watkins Cherry Whiskey,313,Unrated,$15
Watkins Honey Whiskey,346,Unrated,$15
Weller 12yr Bourbon,610,4.2,$25
Weller Special Reserve Bourbon,Unrated,4.0,$20
West of Kentucky No 2 Bourbon,313,Unrated,$58
Western Honey Pepper Whiskey,272,Unrated,$20
Westland First Peated Single Malt Whiskey,591,Unrated,$70
Westland Single Malt Whiskey,592,Unrated,$55
Westward White Malt Oregon Whiskey,361,Unrated,$35
Whiskey Acres Bourbon,419,Unrated,$39
Whiskey Sister Bourbon,378,3.0,$25
WhiskeyGirl Butterscotch Whiskey,Unrated,Unrated,$30
Whistle Pig 12yr Old World Rye Whiskey,629,Unrated,$118
Whistle Pig Old World Port Cask Rye,497,Unrated,$118
Whistle Pig Rye Whiskey,378,4.3,$74
White Pike Unaged Whiskey,406,Unrated,$38
Widow Jane 10yr Bourbon,419,Unrated,$64
Widow Jane 8yr Bourbon,545,4.5,$60
Widow Jane Rye Whiskey,353,Unrated,$37
Wigle Deep Cut Organic Rye Whiskey,395,Unrated,$65
Wigle Organic Wheat Whiskey,403,Unrated,$50
Wild Turkey 101 8yr Bourbon,Unrated,Unrated,$40
Wild Turkey 101 Kentucky Spirit Bourbon,531,4.7,$45
Wild Turkey 12yr Bourbon,Unrated,Unrated,$45
Wild Turkey 17yr Masters Keep Bourbon,665,Unrated,$150
Wild Turkey 81 Rye,568,3.1,$23
Wild Turkey Bourbon 80pf,Unrated,Unrated,$17
Wild Turkey Diamond Anniversary Bourbon,Unrated,Unrated,$125
Wild Turkey Rare Breed Bourbon,653,4.2,$45
Wild Turkey Spiced Whiskey,378,3.4,$23
Willett 6yr Single Barrel Bourbon,Unrated,Unrated,$50
Willett Pot Still Reserve Bourbon,Unrated,4.2,$40
William Larue Weller Bourbon,557,4.3,$80
William Wolf Frisky Whiskey,510,Unrated,$25
William Wolf Rye Whiskey,425,4.0,$26
Winchester Bourbon,519,4.0,$23
Witherspoon Cross Timbers Malt Whiskey,398,Unrated,$60
Woodford Reserve 1838 Style White Corn Bourbon,Unrated,Unrated,$100
Woodford Reserve Aged Cask Rye Whiskey,438,Unrated,$90
Woodford Reserve Classic Malt Whiskey,378,Unrated,$100
Woodford Reserve Four Wood Bourbon,503,4.0,$100
Woodford Reserve New Cask Rye Whiskey,578,Unrated,$90
Woodford Reserve Sonoma Cutrer Bourbon,382,Unrated,$100
Woodshed Single Barrel Malt Whiskey,Unrated,Unrated,$0
Woodstock Vanzilla Vanilla Bourbon,378,Unrated,$17
Woodstone Creek Ridge Runner 5 Grain Whiskey,304,Unrated,$19
Woody Creek Rye Whiskey,615,Unrated,$45
Wylie Howell Corn Whiskey,456,Unrated,$100
XXX Salted Caramel Corn Whiskey,362,Unrated,$25
Yahara Bay Lightning Whiskey,Unrated,Unrated,$22
Yankee Distillers Rye Whiskey,419,Unrated,$60
Yellow Rose Blended Whiskey,297,Unrated,$30
Yellow Rose Outlaw Bourbon,545,Unrated,$65
Yellowstone Select Bourbon,419,Unrated,$40
8 Seconds Honey Cinnamon Canadian Whisky,207,Unrated,$22
Alberta Rye Whisky,410,4.4,$31
Black Velvet 8yr Reserve Canadian Whisky,462,2.9,$22
Black Velvet Caramel Flavored Whisky,411,3.3,$12
Caldera Hurricane 5 Canadian Whisky,338,Unrated,$34
Canadian Cellars,Unrated,Unrated,$0
Canadian Club 30yr Canadian Whisky,Unrated,Unrated,$100
Canadian Club Black 20yr Whisky,Unrated,Unrated,$80
Canadian Club Classic 12 Whisky,469,4.0,$36
Canadian Club Dock 57 Spiced Whisky,Unrated,4.0,$26
Canadian Club Sherry Cask Whisky,491,3.7,$22
Canadian Mist Black Diamond Whisky,546,4.7,$15
Canadian Shield Canadian Whisky,338,Unrated,$30
Caribou Crossing Canadian Whisky,589,4.3,$50
Collingwood Canadian Whisky,549,4.2,$29
Crown Royal Black Whisky,579,3.8,$30
Crown Royal Cask 16 Canadian Whisky,Unrated,3.0,$100
Crown Royal Hand Selected Barrel Whisky,689,Unrated,$55
Crown Royal Maple Finish Whisky,373,3.6,$25
Crown Royal Reserve Canadian Whisky,531,3.3,$40
Crown Royal XO Canadian Whisky,459,3.3,$50
Danfields 10yr Canadian Whisky,Unrated,Unrated,$25
Dillons Canadian Rye Whisky,419,Unrated,$30
Ellington Canadian Whisky,337,Unrated,$10
Ensign Red Apple Whisky,423,Unrated,$17
Ethan Koll 8yr Canadian Whisky,312,4.0,$15
Forty Creek Barrel Select Canadian Whisky,418,3.9,$27
Forty Creek Copper Pot Reserve Canadian Whisky,494,5.0,$29
Forty Creek Heart of Gold Canadian Whisky,509,Unrated,$70
Forty Creek Port Wood Reserve Whisky,554,Unrated,$70
Forty Creek Spike Honey Spiced Whisky,313,Unrated,$28
Gibsons 18yr Whisky,Unrated,Unrated,$36
Glen Breton Rare 10yr Canadian Whisky,543,Unrated,$80
Glynnevan Canadian Rye Whisky,419,Unrated,$32
Highwood Ninety 5yr Canadian Whisky,Unrated,Unrated,$20
Hirsch Selection 20yr Rye Whisky,385,Unrated,$55
JP Wisers 18yr Canadian Whisky,640,5.0,$70
JP Wisers DeLuxe Canadian Whisky,439,Unrated,$27
JP Wisers Hopped Whisky,374,Unrated,$21
JP Wisers Legacy Canadian Whisky,648,Unrated,$36
JP Wisers Rye Whisky,470,2.2,$20
Kirkland 6yr Canadian Whisky,534,4.6,$19
Lord Calvert Canadian Whisky,395,Unrated,$12
MacNaughton Blended Whisky,Unrated,Unrated,$20
Mastersons 10yr Rye Whiskey,650,4.5,$79
McAdams Caramel Canadian Whisky,272,Unrated,$10
Mountain Rock Canadian Whisky,Unrated,Unrated,$20
Olde Pointe Canadian Whisky,338,Unrated,$16
Pendleton 1910 Canadian Rye Whisky,397,2.0,$40
Pendleton Directors Reserve,Unrated,Unrated,$75
Pike Creek 10yr Port Finish Canadian Whisky,573,2.0,$29
Pike Creek Rum Barrel Canadian Whisky,419,Unrated,$40
Proof Whiskey,Unrated,1.0,$20
Revel Stoke Spiced Canadian Whisky,378,2.0,$15
Rich and Rare Reserve Canadian Whisky,564,4.0,$12
Seagrams VO Canadian Whiskey,Unrated,2.4,$14
Select Club Apple Canadian Whisky,338,Unrated,$25
Select Club Pecan Praline Canadian Whisky,419,Unrated,$25
Spicebox Canadian Spiced Whisky,364,4.2,$20
Tap 357 Maple Rye Canadian Whisky,448,Unrated,$30
Tap 8 Sherry Finished Canadian Rye Whisky,330,Unrated,$45
Uncommon Canadian Whiskey,Unrated,Unrated,$50
Wisers Reserve,Unrated,Unrated,$27
Wisers Spiced Torched Toffee Whisky,406,Unrated,$22
Ball of Malt Irish Whiskey,394,Unrated,$60
Barr an Uisce Wicklow Irish Whiskey,568,Unrated,$50
Brothership 10yr Irish American Whiskey,470,Unrated,$50
Bushmills 1608 Single Malt Irish Whiskey,352,5.0,$100
Bushmills 21yr Irish Whiskey,559,4.2,$120
Bushmills Irish Whiskey,589,3.0,$39
Callaghars Blended Irish Whiskey,507,Unrated,$18
Celtic Pride Irish Spirit,378,Unrated,$18
Clontarf Single Malt Irish Whiskey,Unrated,4.3,$30
Connemara 12yr Irish Whiskey,438,4.0,$90
Connemara Peated Irish Whiskey,450,4.5,$45
Crested Ten Irish Whiskey,Unrated,3.0,$30
Danny Boy Irish Whiskey,385,Unrated,$22
Donegal Estates Irish Whiskey,Unrated,Unrated,$25
Dubliner Irish Whiskey,470,Unrated,$27
Dunphys Irish Whiskey,Unrated,Unrated,$20
Egans 10yr Single Malt Irish Whiskey,424,Unrated,$50
Feckin Spiced Irish Whiskey,Unrated,5.0,$20
Finnegan 8yr Single Malt Irish Whiskey,534,Unrated,$35
Flaming Leprechaun Irish Whiskey,419,Unrated,$35
Glendalough 13yr Single Malt Irish Whiskey,576,Unrated,$85
Glendalough Double Barrel Irish Whiskey,576,Unrated,$30
Greenore 15yr Irish Whiskey,445,Unrated,$100
Greenore 8yr Irish Whiskey,477,3.0,$50
Hyde 10yr No 1 Irish Whiskey,610,Unrated,$79
Hyde 6yr No 3 Irish Whiskey,354,Unrated,$49
Hyde 6yr No 5 Single Grain Whiskey,Unrated,Unrated,$69
Irish Mist Whiskey,362,Unrated,$29
Jameson 12yr Irish Whiskey,568,4.5,$50
Jameson Black Barrel Irish Whiskey,586,4.3,$53
Jameson Bold Irish Whiskey,419,Unrated,$40
Jameson Coopers Croze Irish Whiskey,568,Unrated,$70
Jameson Distillers Safe Irish Whiskey,497,Unrated,$80
Jameson Irish Whiskey,474,3.7,$28
Jameson Rarest Vintage Reserve,636,4.5,$325
Jameson Signature Irish Whiskey,423,Unrated,$50
John L Sullivan Irish Whiskey,481,1.0,$18
Kavanagh 6yr Single Malt Irish Whiskey,580,Unrated,$33
Kavanagh Single Grain Irish Whiskey,490,Unrated,$33
Kellan Irish Whiskey,Unrated,Unrated,$20
Kilbeggan 15yr Irish Whiskey,445,Unrated,$100
Kilbeggan 8yr Single Grain Irish Whiskey,Unrated,Unrated,$50
Kinahans 10yr Single Malt Irish Whiskey,428,Unrated,$69
Knappogue 12yr Single Malt Irish Whiskey,582,4.3,$42
Knappogue 16yr Twin Wood Irish Whiskey,540,4.0,$100
Knappogue 1951 Irish Whiskey,Unrated,Unrated,$1399
Knappogue Castle 1995 Irish Whiskey,Unrated,4.5,$99
McFadden Spirit Drink,313,Unrated,$22
Michael Collins Blended Irish Whiskey,450,3.8,$28
Midleton 20th Anniversary Irish Whiskey,Unrated,Unrated,$2570
Midleton Barry Crockett Irish Whiskey,739,5.0,$250
Midleton Very Rare Irish Whiskey,718,4.3,$160
Neills Single Malt Irish Whiskey,Unrated,Unrated,$45
Origine Irish Whiskey,Unrated,Unrated,$17
Paddy Irish Whiskey,406,4.5,$20
Powers 12yr Gold Label Irish Whiskey,363,3.8,$35
Powers Gold Label Irish Whiskey,499,3.8,$30
Powers Three Swallow Release Irish Whiskey,Unrated,Unrated,$45
Quiet Man Blended Irish Whiskey,603,Unrated,$0
Redbreast 12yr Irish Whiskey,614,4.5,$60
Redbreast 21yr Irish Whiskey,749,3.0,$350
Roe and Co Blended Irish Whiskey,Unrated,Unrated,$30
Slane Castle Irish Whiskey,524,Unrated,$30
Spade and Bushel 10yr Cask Strength Irish Whiskey,440,Unrated,$40
Teeling 15yr Revival Single Malt Whiskey,Unrated,Unrated,$85
Teeling 24yr Single Malt Irish Whiskey,Unrated,Unrated,$230
Teeling Revival Vol III Irish Whiskey,Unrated,Unrated,$150
Teeling Single Malt Irish Whiskey,Unrated,4.0,$65
The Irishman 12yr Irish Whiskey,557,Unrated,$70
The Irishman Cask Strength Whiskey,Unrated,Unrated,$150
The Irishman Single Malt Irish Whiskey,561,Unrated,$46
Trader Joes Single Malt Irish Whiskey,Unrated,4.0,$20
Tullamore Dew 10yr Single Malt Whiskey,417,4.5,$35
Tullamore Dew 14yr Single Malt Irish Whiskey,470,4.9,$70
Tullamore Dew 6yr Irish Whiskey,Unrated,Unrated,$36
Tullamore Dew Phoenix Irish Whiskey,562,4.0,$55
Tyrconnel 16yr Single Malt Irish Whiskey,572,Unrated,$100
Tyrconnell 10yr Madeira Finish,521,4.6,$75
West Cork 10yr Single Malt Irish Whiskey,408,Unrated,$40
West Cork 12yr Rum Cask Irish Whiskey,Unrated,Unrated,$66
West Cork Barrel Proof Irish Whiskey,387,Unrated,$57
West Cork Classic Blend Irish Whiskey,456,3.0,$28
Wild Geese Limited Edition Irish Whiskey,Unrated,Unrated,$60
Wild Geese Single Malt Irish Whiskey,Unrated,Unrated,$73
Writers Tears Irish Whiskey,Unrated,Unrated,$40
Adnams No 2 Triple Grain Whiskey,378,Unrated,$72
Akashi White Oak Blended Whisky,Unrated,3.0,$38
Amrut Peated Single Malt Whisky,Unrated,3.0,$75
Armorik Classic Single Malt Whisky,469,5.0,$55
Bains Cape Mountain Whisky,502,4.0,$30
BBC Single Barrel Single Malt Whisky,419,Unrated,$60
Black Ram 12yr Whisky,Unrated,Unrated,$0
Braunstein 14 1 Single Malt Whisky,Unrated,Unrated,$120
Braunstein 15 2 Single Malt Whisky,507,Unrated,$100
Braunstein Danica Single Malt Whisky,511,Unrated,$80
Braunstein E7 Single Malt Whisky,419,Unrated,$300
Brenne Ten Single Malt Whisky,554,Unrated,$120
English Whiskey Company Classic Malt Whiskey,489,Unrated,$70
Floki Icelandic young Malt Whiskey,395,Unrated,$50
G Rozelieures Rare Collection French Whisky,497,Unrated,$64
Gjoleid Bourbon Cask Single Malt Norsk Whisky,Unrated,Unrated,$50
Glenglassaugh Clearac,Unrated,Unrated,$26
Glenglassaugh Peated Spirit Drink,Unrated,Unrated,$26
Golden Blue Diamond Whisky,424,Unrated,$30
Grand Royal Blended Whisky,611,Unrated,$20
Grand Royal Smooth Whisky,398,Unrated,$4
Hakushu 10yr Japanese Whisky,Unrated,Unrated,$53
Hakushu 18yr Japanese Whisky,640,Unrated,$250
Hibiki 12 Japanese Blended Whisky,562,4.3,$65
Hibiki Harmony Whisky,615,3.5,$65
Kavalan Classic Single Malt Whisky,591,3.8,$90
Kavalan Distillery Reserve Single Malt Whisky,507,Unrated,$100
Kavalan Podium Single Malt Whisky,582,Unrated,$120
Kavalan Sherry Oak Single Malt Whisky,714,4.6,$130
Kavalan Solist Brandy Cask Strength Whisky,629,Unrated,$160
Kavalan Solist Fino Sherry Cask Single Malt Whisky,763,5.0,$425
Kavalan Solist Moscatel Cask Single Malt Whisky,653,Unrated,$525
Kavalan Solist Sherry Cask Strength Whisky,769,3.8,$185
King Car Conductor Single Malt Whisky,634,5.0,$120
Nestville Blended Whisky,272,Unrated,$0
Nikka Black Pure Malt Whisky,Unrated,Unrated,$60
Nikka Coffey Malt Whisky,554,3.0,$70
Nikka Miyagikyo 12yr Single Malt Whisky,618,Unrated,$110
Nikka Red Pure Malt Whisky,Unrated,Unrated,$62
Nikka Taketsuru 17yr Malt Whisky,509,Unrated,$150
Nikka Taketsuru Pure Malt Black Whisky,622,3.5,$70
Nikka Yoichi 10yr Single Malt Whisy,Unrated,4.0,$115
Nikka Yoichi 15yr Single Malt Whisky,565,Unrated,$130
Nordisk Braenderi Thy Whisky,395,Unrated,$210
P and M Blended Whisky,256,Unrated,$40
Penderyn Single Malt Welsh Whiskey,380,5.0,$70
Puni Nova Italian Malt Whisky,338,Unrated,$63
Seagrams Blenders Pride India Whisky,Unrated,3.0,$30
Slyrs Sherry Edition Single Malt Whisky,481,Unrated,$67
South Island 18yr Single Malt Whisky,545,Unrated,$99
Starward Wine Cask Malt Whisky,608,Unrated,$63
Stauning Young Rye Whisky,583,Unrated,$87
Sullivans Cove Double Cask Single Malt Whisky,535,Unrated,$125
Suntory Hibiki 17yr Japanese Whisky,424,Unrated,$150
Suntory Yamazaki 1984 Single Malt Whisky,Unrated,Unrated,$550
Thomson 21yr Single Cask Malt Whisky,464,Unrated,$160
Thomson South Island Peat Malt Whisky,507,Unrated,$65
Three Ships 10yr Single Malt Whisky,454,3.0,$28
Three Ships Bourbon Cask Whisky,557,Unrated,$14
TJDs Aito Ruis Scandinavian Rye,427,Unrated,$25
TTL Cask Strength Bourbon Cask Single Malt Whisky,378,Unrated,$60
Vicomte 8yr Single Malt Whisky,382,3.5,$40
Whipper Snapper Crazy Uncle Moonshine,338,Unrated,$59
Yamazaki 10yr Single Malt Whisky,Unrated,3.0,$45
Yamazaki 18yr Single Malt Whisky,661,4.3,$250
Yamazaki 25yr Single Malt Whisky,579,Unrated,$1600
Aberfeldy 12yr Scotch,507,3.7,$49
Aberlour 10yr Scotch,Unrated,4.0,$30
Aberlour 12yr Single Malt Scotch,587,4.5,$42
Aberlour 16yr Single Malt Scotch,496,3.8,$65
Aberlour ABunadh Single Malt Scotch,611,4.4,$70
Ainsley Brae Burgundy Finish Single Malt Scotch,338,4.0,$30
Ainsley Brae Highland Oak Single Malt Scotch,419,Unrated,$30
Ainsley Brae Highland Sherry Single Malt Scotch,419,Unrated,$30
Alexander Murray Caol Ila 8yr Single Malt Scotch,395,Unrated,$60
Alexander Murray Monumental Blended Scotch,576,Unrated,$126
anCnoc 16yr Single Malt Scotch,523,Unrated,$60
anCnoc Cutter Single Malt Scotch,472,Unrated,$85
Antiquary 12yr Scotch,264,Unrated,$30
Ardbeg 10yr Scotch,496,4.1,$55
Ardbeg Alligator Single Malt Scotch,385,4.0,$130
Ardbeg Corryvreckan Single Malt Scotch,613,4.9,$90
Ardbeg Galileo Single Malt Scotch,Unrated,4.0,$100
Ardbeg Rollercoaster Single Malt Scotch,Unrated,Unrated,$85
Ardbeg Uigeadail Scotch,583,4.4,$80
Ardmore Traditional Cask Scotch,Unrated,4.2,$47
Arran 12yr Cask Strength Single Malt Scotch,545,Unrated,$65
Arran Bourbon Cask Scotch,Unrated,Unrated,$79
Arran Gonzalez Byass Sherry Scotch,Unrated,Unrated,$79
Arran Sherry Finish Scotch,Unrated,Unrated,$79
Auchentoshan 10yr Single Malt Scotch,Unrated,2.0,$40
Auchentoshan 16yr Scotch,Unrated,Unrated,$120
Auchentoshan 18yr Sherry Scotch,Unrated,Unrated,$1000
Auchentoshan 1965 40yr Single Malt Scotch,Unrated,Unrated,$1500
Auchentoshan 1999 11yr Bordeaux,Unrated,Unrated,$65
Auchentoshan 41yr 1962 Scotch,Unrated,Unrated,$2000
Auchentoshan American Oak Single Malt Scotch,551,3.5,$40
Auchentoshan Valinch Limited Release,545,Unrated,$60
Aultmore 12yr Foggie Moss Single Malt Scotch,419,Unrated,$50
Avonside Blended Scotch Whisky,Unrated,Unrated,$30
Balblair 1989 Single Malt Scotch,543,Unrated,$125
Balblair 1991 Single Malt,523,2.0,$120
Balblair 1999 Single Malt Scotch,607,Unrated,$85
Balblair 2001 Single Malt Scotch,554,Unrated,$60
Balblair 2003 Single Malt Scotch,490,Unrated,$70
Ballantines 12yr Scotch,464,4.0,$30
Ballantines 21yr Scotch,Unrated,Unrated,$100
Ballantines Finest Scotch,297,3.0,$24
Ballechin 8 Sauternes Cask Single Malt Scotch,Unrated,Unrated,$110
Balvenie 12yr Signature Batch Scotch,Unrated,3.7,$70
Balvenie 12yr Triple Cask Single Malt Scotch,Unrated,Unrated,$60
Balvenie 15yr Sherry Cask Single Malt Scotch,Unrated,Unrated,$117
Balvenie 16yr Triple Cask Single Malt Scotch,Unrated,4.0,$130
Balvenie 17yr New Wood Scotch,Unrated,Unrated,$90
Balvenie 17yr Rum Cask Scotch,Unrated,Unrated,$130
Balvenie 17yr Single Malt Maedira Finish Scotch,Unrated,4.5,$120
Balvenie 21yr Portwood 95 Proof Single Malt Scotch,Unrated,4.0,$180
Balvenie 25yr Triple Cask Single Malt Scotch,Unrated,Unrated,$500
Balvenie 50yr Single Malt Scotch,Unrated,Unrated,$16500
Barrelhound Blended Scotch,341,Unrated,$30
Battlehill 18yr Jura Single Malt Scotch,534,Unrated,$90
Ben Nevis 10yr Single Malt Scotch,Unrated,Unrated,$60
Bench 5 Scotch,Unrated,Unrated,$20
BenRiach 10yr Curiositas Single Malt Scotch,Unrated,4.3,$63
BenRiach 12yr Horizons Single Malt Scotch,Unrated,Unrated,$80
BenRiach 12yr Scotch,Unrated,Unrated,$40
BenRiach 15yr Dark Rum Wood Scotch,Unrated,Unrated,$70
BenRiach 15yr Solstice Single Malt Scotch,Unrated,Unrated,$100
BenRiach 15yr Ximinez Sherry Scotch,Unrated,Unrated,$95
BenRiach 17yr Septendicum Single Malt Scotch,Unrated,Unrated,$85
BenRiach 20yr Single Malt Scotch,Unrated,Unrated,$139
BenRiach Authenticas 21yr Scotch,Unrated,Unrated,$54
Benromach 10yr Imperial Proof Single Malt Scotch,603,Unrated,$80
Benromach 21yr Single Malt Scotch,Unrated,Unrated,$115
Benromach Traditional Single Malt Scotch,Unrated,4.0,$30
Black Bottle 10yr Blended Scotch,Unrated,4.0,$30
Black Bowmore 42yr Single Malt Scotch,Unrated,Unrated,$4500
Black Bull 21yr Blended Scotch,395,Unrated,$160
Black Bull Kyloe Blended Scotch,410,Unrated,$40
Black Dog 8yr Centenary Scotch,Unrated,Unrated,$20
Black Grouse Blended Scotch,508,3.4,$25
Black Scott Blended Scotch,445,Unrated,$40
Bowmore 15yr Darkest Scotch,635,4.4,$76
Bowmore 16yr Bordeaux 1992 Single Malt Scotch,Unrated,Unrated,$120
Bowmore 17yr Scotch,Unrated,Unrated,$70
Bowmore 1968 37yr Single Malt Scotch,Unrated,Unrated,$1000
Bowmore 1982 Single Malt Scotch,Unrated,Unrated,$430
Bowmore 1990 16yr Sherry Single Malt Scotch,Unrated,Unrated,$85
Bowmore Black 29yr 1964 Single Malt Scotch Whisky,Unrated,Unrated,$5900
Bowmore Dusk Single Malt Scotch,Unrated,Unrated,$85
Bowmore Legend Single Malt Scotch,Unrated,3.7,$30
Bowmore Voyage Single Malt Scotch,Unrated,Unrated,$140
Brora 25yr Single Malt Scotch,Unrated,Unrated,$310
Bruichladdic Classic Laddie Scottish Barley,Unrated,4.7,$60
Bruichladdich 16yr Single Malt Scotch Whisky,Unrated,3.0,$86
Bruichladdich 21yr Single Malt Scotch,Unrated,Unrated,$170
Bruichladdich 3D3 Norrie Campbell Scotch,Unrated,4.0,$90
Bruichladdich Octomore 3 Single Malt Scotch,Unrated,5.0,$200
Bruichladdich Octomore 5 1 Single Malt Scotch,Unrated,Unrated,$200
Bruichladdich Rocks Islay Scotch,Unrated,4.5,$47
Bruichladdich Torrey Pines Single Malt Scotch,Unrated,Unrated,$80
Buchanans 12yr Scotch,532,4.0,$31
Buchanans 21yr Red Seal Scotch,563,Unrated,$165
Bunnahabhain 12yr Single Malt Scotch,574,3.8,$56
Bunnahabhain 25yr Single Malt Scotch,633,4.0,$297
Bunnahabhain Darach Ur Single Malt Scotch,Unrated,Unrated,$65
Cairnleigh 12yr Single Malt Scotch,528,5.0,$30
Caol Ila 12yr Scotch,614,4.4,$60
Caol Ila 18yr Scotch,Unrated,Unrated,$60
Caol Ila 25yr Scotch,Unrated,Unrated,$250
Cask Islay Single Malt Scotch,481,Unrated,$53
Cattos 25yr Blended Scotch,454,Unrated,$200
Chivas Brothers 50yr Scotch,Unrated,5.0,$10000
Chivas Regal 18yr Scotch,617,4.3,$75
Chivas Regal 25yr Scotch,649,4.5,$250
Chivas Regal Extra Blended Scotch,487,Unrated,$45
Clan Denny Islay Vatted Malt Scotch,304,Unrated,$60
Clan Gold 18yr Blended Scotch,Unrated,Unrated,$90
Clan MacGregor Blended Scotch,Unrated,3.1,$16
Classic Cask 20yr 1992 Strathmill Scotch,545,Unrated,$170
Cluny Blended Scotch,Unrated,4.0,$22
Compass Box Asyla Blended Scotch,479,3.0,$50
Compass Box Elightenment Blended Malt,497,Unrated,$85
Compass Box Great King St Artists Blend Scotch,502,3.8,$45
Compass Box Oak Cross Blended Scotch,Unrated,4.0,$41
Compass Box Peat Monster Blended Scotch,Unrated,4.7,$55
Cragganmore 10yr Sherry Cask Scotch,Unrated,Unrated,$150
Cragganmore 1992 Scotch,Unrated,Unrated,$65
Craigellachie 23yr Single Malt Scotch,581,Unrated,$350
Cu Dhub Black Single Malt Scotch,370,Unrated,$40
Cutty Sark Prohibition Blended Scotch,411,4.0,$30
Dalmore 12yr Scotch,576,4.2,$65
Dalmore 17yr MacKenzie Single Malt Scotch,Unrated,Unrated,$175
Dalmore 1974 Single Malt Scotch,628,5.0,$1250
Dalmore 1981 Amoroso Finesse Single Malt Scotch,589,Unrated,$1200
Dalmore 21yr Scotch,Unrated,Unrated,$100
Dalmore 29yr 1980 Single Malt Scotch,Unrated,Unrated,$360
Dalmore Alexander III Scotch,589,5.0,$250
Dalmore Aurora Single Malt Scotch,559,Unrated,$4500
Dalmore Cromartie Single Malt Scotch,492,Unrated,$175
Dalmore Gran Reserva Scotch,Unrated,5.0,$64
Dalwhinnie 1990 Single Malt Scotch,Unrated,Unrated,$65
Deanston 12yr Single Malt Scotch,611,4.5,$50
Deanston Virgin Oak Scotch,385,4.3,$33
Dewars 12yr Blended Scotch,574,3.7,$45
Dewars 18yr Blended Scotch,675,4.0,$75
Dewars Signature Blended Scotch,675,5.0,$254
Dewars White Label Scratched Cask Scotch,430,3.6,$29
Douglas Drumlanrig Glen Grant 25yr Scotch,436,Unrated,$229
Douglas Drumlanrig Macallan 21 Single Malt Scotch,336,Unrated,$189
Drumguish Single Malt Scotch,Unrated,Unrated,$25
Duggans Dew Blended Scotch,Unrated,4.0,$0
Duncan Taylor 38yr Auld Blended Scotch,Unrated,Unrated,$181
Duncan Taylor Big Smoke 40 Scotch Whisky,507,Unrated,$40
Duncan Taylor Scottish Glory Blended Scotch,313,Unrated,$20
Eades Highland Scotch,Unrated,Unrated,$70
Eades Speyside Scotch,Unrated,Unrated,$55
Famous Grouse 12yr Scotch,Unrated,3.0,$35
Famous Grouse 30yr Blended Scotch,Unrated,Unrated,$160
Fat Trout Blended Scotch,467,Unrated,$25
Fort Glen 12yr Blenders Reserve Blended Scotch,354,Unrated,$13
Glen Clyde 12yr Blended Scotch,454,Unrated,$33
Glen Garioch 12yr Single Malt Scotch,484,5.0,$65
Glen Garioch 1991 Small Batch Scotch,427,Unrated,$100
Glen Garioch 21yr Single Malt Scotch,Unrated,Unrated,$120
Glen Garioch Founders Reserve Single Malt Scotch,585,4.0,$45
Glen Grant 10yr Single Malt Scotch,454,4.2,$46
Glen Grant 16yr Single Malt Scotch,545,3.0,$80
Glen Keith 1971 33yr Single Malt Scotch,Unrated,Unrated,$234
Glen Kirk 8yr Speyside Single Malt Scotch,499,Unrated,$20
Glen Moray 16yr Single Malt Scotch,Unrated,Unrated,$60
Glen Moray Elgin Classic Chardonnay Scotch,507,1.0,$26
Glen Ness 8yr Single Malt Scotch,398,Unrated,$22
Glen Ord 30yr Scotch,Unrated,Unrated,$65
Glen Orrin 5yr Blended Malt Scotch,Unrated,Unrated,$20
Glen Scotia 15yr Single Malt Scotch,603,Unrated,$79
Glen Scotia Victoriana Single Malt Scotch,603,Unrated,$108
Glencadam 10yr Single Malt Scotch,468,Unrated,$55
Glencadam 21yr Single Malt Scotch,561,Unrated,$199
GlenDronach 14yr Virgin Oak Scotch,Unrated,Unrated,$56
GlenDronach 18yr Single Malt Scotch,Unrated,2.0,$122
GlenDronach 33yr Scotch,Unrated,Unrated,$420
Glenfarclas 10yr Single Malt Scotch,424,Unrated,$48
Glenfarclas 15yr Single Malt Scotch,Unrated,Unrated,$70
Glenfarclas 1974 Single Malt Scotch Whisky,Unrated,Unrated,$280
Glenfarclas 25y Single Malt Scotch,423,Unrated,$160
Glenfarclas 40yr Single Malt Scotch,436,Unrated,$800
Glenfiddich 12yr Scotch,511,3.4,$40
Glenfiddich 15yr Scotch,596,4.3,$60
Glenfiddich 1973 Single Malt Scotch Whisky,Unrated,Unrated,$800
Glenfiddich 1975 Single Cask Scotch Whisky,Unrated,Unrated,$700
Glenfiddich 1978 Single Malt Scotch Whisky,Unrated,Unrated,$700
Glenfiddich 26yr Excellence Single Malt Scotch,622,Unrated,$500
Glenfiddich 40yr Single Malt Scotch,Unrated,Unrated,$2000
Glenfiddich Cask of Dreams Single Malt Scotch,534,4.0,$99
Glenfiddich Original Single Malt Scotch,576,3.0,$200
Glengarry 12yr Single Malt Scotch,507,Unrated,$55
Glenglassaugh 21yr Single Malt Scotch,Unrated,Unrated,$234
Glenglassaugh 40yr Single Malt Scotch,Unrated,Unrated,$2348
Glenglassaugh Revival Single Malt Scotch,395,Unrated,$65
Glengoyne 10yr Scotch Single Malt Scotch,422,4.0,$49
Glengoyne 15yr Scottish Oak Scotch,511,Unrated,$80
Glengoyne 17yr Scotch,436,Unrated,$50
Glengoyne 1996 Scotch,436,2.0,$80
Glengoyne 25yr Single Malt Scotch,481,Unrated,$400
Glenkinchie 10yr Scotch,Unrated,4.0,$44
Glenkinchie 1991 Single Malt Scotch,Unrated,Unrated,$65
Glenlivent Nadurra Oloroso Single Malt Scotch,395,4.0,$45
Glenlivet 15yr French Oak Scotch,474,4.2,$60
Glenlivet 18yr Nadurra Single Malt Scotch,Unrated,4.0,$80
Glenlivet 21yr Scotch,557,4.8,$170
Glenlivet Guardians Chapter Single Malt Scotch,Unrated,Unrated,$80
Glenlivet Nadurra Oloros Cask Strength Scotch,576,Unrated,$80
Glenmorangie 10yr Scotch,614,4.2,$40
Glenmorangie 12yr Lasanta Scotch,523,3.6,$54
Glenmorangie 12yr Quinta Ruban Scotch,596,4.3,$55
Glenmorangie 12yr Sonnalta PX Scotch,352,4.0,$80
Glenmorangie 18yr Single Malt Scotch,640,4.8,$119
Glenmorangie 25yr Single Malt Scotch,616,4.5,$599
Glenmorangie Astar Single Malt Scotch,363,4.0,$80
Glenmorangie Finealta Single Malt Scotch,445,4.0,$80
Glenmorangie Nectar DOr Scotch,574,2.8,$75
Glenmorangie Taghta Single Malt Scotch,481,Unrated,$120
Glenrothes 1972 Single Malt Scotch,Unrated,Unrated,$160
Glenrothes 1975 Single Malt Scotch,Unrated,Unrated,$480
Glenrothes 1982 Single Malt Scotch,Unrated,Unrated,$150
Glenrothes 1987 Single Malt Scotch,Unrated,Unrated,$85
Glenrothes 1990 18yr Single Malt Scotch,Unrated,Unrated,$80
Glenrothes 1994 Single Malt Scotch,Unrated,3.5,$80
Glenrothes 1998 Single Malt Scotch,438,3.0,$60
Glenrothes Alba Reserve Single Malt Scotch,419,Unrated,$55
Glenrothes Peated Single Malt Scotch,554,Unrated,$40
Glenrothes Sherry Cask Single Malt Scotch,554,Unrated,$40
Gordon and MacPhail Mortlach 15yr Scotch,Unrated,Unrated,$100
Grand Bark Scotch,Unrated,Unrated,$45
Grand Macnish 150th Anniversary Blended Scotch,337,Unrated,$17
Grand Macnish Black Edition Blended Scotch,559,Unrated,$30
Grand Old Parr 15yr Scotch,Unrated,Unrated,$84
Grangestone 12yr Single Malt Scotch,423,4.0,$37
Grangestone 21yr Single Malt Scotch,545,Unrated,$82
Grangestone 30yr Blended Scotch,557,Unrated,$90
Grangestone Islay Blended Malt Whisky,507,3.4,$29
Grangestone Sherry Cask Single Malt Scotch,403,Unrated,$35
Grants Blended Scotch Whisky,Unrated,1.0,$10
Guneagal 48 Special Reserve Aged Scotch,557,Unrated,$45
Haig Supreme Blended Scotch,457,Unrated,$25
Hamiltons Islay Single Malt Scotch,403,1.0,$22
Hamiltons Speyside Scotch,454,Unrated,$22
Hankey Bannister 21yr Blended Scotch,454,Unrated,$135
Hankey Bannister Blended Scotch,513,3.0,$20
Hart Brothers Balmenach 30yr Single Malt Scotch,Unrated,Unrated,$160
Hart Brothers Clynelish 14yr Single Malt Scotch,Unrated,Unrated,$90
Hart Brothers Glenrothes 10y Single Malt Scotch,Unrated,Unrated,$66
Hart Brothers Longmorn 33yr Single Malt Scotch,Unrated,Unrated,$185
Hazelburn 12yr Single Malt Scotch,Unrated,Unrated,$85
High Commissioner Blended Scotch,338,Unrated,$15
Highland Mist Blended Scotch,Unrated,2.5,$12
Highland Park 15yr Single Malt Scotch,564,4.8,$73
Highland Park 25yr Single Malt Scotch,622,Unrated,$400
Highland Park 40yr Single Malt Scotch,Unrated,Unrated,$1800
Highland Park Loki Single Malt Scotch,370,Unrated,$250
HM The King Blended Scotch,403,Unrated,$25
Imperial Tribute Scotch,Unrated,Unrated,$350
Inchmurrin 18yr Single Malt Scotch,603,Unrated,$110
Inver House Green Plaid Scotch,545,4.0,$25
Islay Mist 8yr Scotch,Unrated,Unrated,$25
Isle of Jura 16yr Diurachs Scotch,557,3.2,$73
Isle of Jura 1977 Single Malt Scotch,662,5.0,$750
Isle of Jura 30yr Single Malt Scotch,603,Unrated,$550
Isle of Jura Prophecy Scotch,584,4.5,$80
Isle of Skye 12yr Scotch,507,Unrated,$37
Isle of Skye 50yr Scotch,Unrated,Unrated,$1800
J and B Scotch,481,2.4,$24
John Barr Gold Label Blended Scotch,364,Unrated,$16
John Barr Reserve Blend Scotch,515,Unrated,$25
John Walk and Sons King George V Scotch,481,4.7,$600
John Walker and Sons Private Collection 2015,576,Unrated,$815
Johnnie Walker 150th Anniversary Scotch,Unrated,Unrated,$1950
Johnnie Walker Black Label Scotch,528,3.8,$35
Johnnie Walker Double Black Blended Scotch,622,3.8,$42
Johnnie Walker Gold Label Scotch,479,4.1,$85
Johnnie Walker Green Label Scotch,536,4.2,$60
Johnnie Walker Private Collection Blended Scotch,Unrated,Unrated,$850
Johnnie Walker Royal Route Blended Scotch,395,Unrated,$186
Johnnie Walker Swing Scotch,Unrated,4.0,$65
Jon Mark and Robbos Smokey Peaty One,Unrated,3.0,$30
Kilchoman Islay Single Malt Scotch,Unrated,Unrated,$100
Kilchoman Sanaig Single Malt Scotch,Unrated,Unrated,$75
Kingdom 12yr Blended Scotch,454,Unrated,$47
Kingdom 21yr Blended Scotch,557,Unrated,$165
Kings Crest 25yr Scotch,Unrated,Unrated,$200
Kirkland 16yr Single Malt Scotch,424,Unrated,$49
Kirkland 27yr Blended Scotch,557,Unrated,$80
Kirkland Signature Blended Scotch,463,3.0,$18
Label 5 18yr Blended Scotch,399,Unrated,$70
Label 5 Gold Heritage Blended Scotch,485,Unrated,$50
Lagavulin 12yr  Cask Strength Single Malt Scotch,582,Unrated,$89
Lagavulin 8yr Single Malt Scotch,Unrated,4.2,$60
Laphroaig 10yr Cask Strength Scotch,652,4.3,$50
Laphroaig 15yr Single Malt Scotch,Unrated,4.4,$75
Laphroaig 2014 Cairdeas Single Malt Scotch,Unrated,Unrated,$140
Laphroaig 30yr Single Malt Scotch,Unrated,Unrated,$250
Laphroaig Cairdeas 200th Anniversary Scotch,Unrated,4.0,$80
Laphroaig PX Cask Single Malt Scotch Whisky,Unrated,Unrated,$90
Laphroaig Quarter Cask Scotch,529,4.3,$55
Laphroaig Triple Wood,498,4.8,$60
Ledaig 10yr Scotch,584,5.0,$39
Ledaig 18yr Single Malt Scotch,603,Unrated,$124
Lismore 18yr Single Malt Scotch,509,4.5,$55
Littlemill 12yr Single Malt Scotch,Unrated,Unrated,$61
Loch Lomond 18yr Single Malt Scotch,Unrated,Unrated,$0
Loch Lomond Signature Blended Scotch,338,Unrated,$25
Lombard 22yr Jewels of Scotland Brora Scotch,Unrated,Unrated,$180
Lonach 1973 Edition Blended Scotch,336,Unrated,$135
Longrow 14yr Campbeltown Single Malt Scotch,Unrated,Unrated,$69
Longrow CV Campbeltwon Single Malt Scotch,Unrated,2.0,$72
Lord Elcho 15yr Blended Scotch,378,Unrated,$30
Lost Distillery Company Lossit Blended Malt,419,Unrated,$43
Macallan 10yr Cask Strength Sherry Oak Scotch,Unrated,Unrated,$50
Macallan 10yr Single Malt Scotch,Unrated,3.5,$30
Macallan 12yr Sherry Oak Scotch,Unrated,4.1,$56
Macallan 17yr Fine Oak Scotch,Unrated,4.0,$116
Macallan 18yr Single Malt Scotch,436,4.4,$180
Macallan 25yr Sherry Oak Single Malt Scotch,Unrated,5.0,$730
Macallan 30yr Sherry Oak Scotch,Unrated,Unrated,$1350
Macallan Estate Reserve Scotch,Unrated,5.0,$220
Macallan Select Oak Scotch,Unrated,Unrated,$60
Maccay and Scott 12yr Blended Scotch,313,Unrated,$23
MacDonalds 8yr Glencoe Blended Malt Scotch,445,Unrated,$47
Macgavins Islay Single Malt Scotch,Unrated,Unrated,$24
Macgavins Speyside Single Malt Scotch,Unrated,Unrated,$24
Mackinlays Rare Old Highland Malt Whisky,541,4.0,$127
Maltman Ben Nevis 21yr Single Malt Scotch,454,Unrated,$132
Maltman Glenlossie 19yr Scotch,403,Unrated,$133
Maltman Ledaig 8yr Scotch,545,Unrated,$100
Maltman Mortlach 15yr Scotch,557,Unrated,$98
Marshal Blended Scotch Whisky,352,Unrated,$13
McClellands Islay Scotch,Unrated,4.0,$21
McClellands Speyside Scotch,Unrated,4.0,$27
McIvor 12yr Scotch,Unrated,Unrated,$30
McIvor Scotch,382,4.0,$13
Monarch of the Glen 12yr Blended Scotch,557,3.0,$20
Monarch of the Glen 3yr Blended Scotch,361,Unrated,$15
Montgomeries Ben Nevis 1995 Scotch,407,Unrated,$57
Montgomeries Tobermory 1994 Single Malt Scotch,593,Unrated,$72
Mortlach 25yr Single Malt Scotch,576,Unrated,$1000
Naked Grouse Blended Scotch,395,Unrated,$46
Oban 14yr Single Malt Scotch,566,3.8,$75
Oban 1992 Single Malt Scotch,Unrated,Unrated,$100
Oban 21yr Cask Strength Single Malt Scotch,Unrated,Unrated,$450
Oban Little Bay Single Malt Scotch,651,Unrated,$65
Ogilvies Scotch,Unrated,Unrated,$30
Old Keeper Blended Scotch,Unrated,Unrated,$20
Old Pulteney 17yr Scotch,492,4.8,$99
Old Pulteney 30yr Single Malt Scotch,436,Unrated,$400
Old Smuggler Blended Scotch,Unrated,2.3,$15
Origine 12yr Single Malt Scotch,Unrated,3.5,$34
Pebble Beach 12yr Scotch,Unrated,Unrated,$70
Pinch Blended Scotch,Unrated,4.3,$40
Poit Dubh 12yr Scotch,395,Unrated,$100
Port Dundas 18yr Single Grain Scotch,603,Unrated,$99
Port Ellen 29yr Single Malt Scotch,Unrated,Unrated,$500
Prometheus 26yr Single Malt Scotch,507,Unrated,$950
Provenance Inchgower 12yr Scotch,446,Unrated,$90
Real MacKenzie Scotch,Unrated,Unrated,$185
Ron Burgundy Blended Scotch,Unrated,Unrated,$33
Royal Brackla 21yr Cawdor Estate Scotch,603,Unrated,$250
Scallywag Blended Malt Scotch,566,Unrated,$60
Scapa 16yr Single Malt Scotch,378,Unrated,$75
Scapa Skiren Orcadian Single Malt Scotch,609,Unrated,$80
Scottish Leader Original Blended Scotch,Unrated,Unrated,$20
Seagrams 100 Pipers Scotch Whisky,Unrated,1.5,$30
Shetland Reel Blended Malt Scotch,507,Unrated,$57
Shieldaig 18yr Single Malt Scotch,490,Unrated,$50
Shieldaig Finest Old Highland Scotch,370,Unrated,$20
Shieldaig Finest Old Speyside Scotch,341,Unrated,$18
Sia Blended Scotch,566,Unrated,$50
Singleton of Dufftown 12yr Single Malt Scotch,Unrated,2.0,$40
Singleton of Dufftown 21yr Single Malt Scotch,419,Unrated,$192
Singleton of Dufftown Sunray Single Malt Whisky,Unrated,Unrated,$50
Sir Edwards 12yr Blended Scotch,454,Unrated,$25
Six Isles Blended Malt Scotch,481,Unrated,$53
Smokey Joe Islay Malt Scotch,395,Unrated,$55
Snow Grouse Blended Scotch,Unrated,5.0,$25
Spey River 12yr Single Malt Scotch,545,Unrated,$40
Speyburn 25yr Single Malt Scotch,603,Unrated,$249
Speyburn Bradan Orach Single Malt Scotch,593,3.8,$35
Spinnaker 12yr Single Malt Scotch,545,Unrated,$40
Springbank 12yr Cask Strength Single Malt Scotch,Unrated,Unrated,$90
Springbank 18yr Single Malt Scotch,Unrated,5.0,$150
Springbank 9yr Marsala Single Malt Scotch,Unrated,Unrated,$110
Stewarts Cream of the Barley Blended Scotch,Unrated,Unrated,$25
Strathbeag Special Reserve Blended Scotch,419,Unrated,$20
Strathisla 25yr Single Malt Scotch,Unrated,Unrated,$170
Strathisla 40yr Single Malt Scotch,Unrated,Unrated,$210
Stronachie 18yr Single Malt Scotch,576,Unrated,$80
Sutcliffe and Son Exceptional Malt Scotch,624,Unrated,$110
Talisker 10yr Scotch,586,4.2,$65
Talisker 18yr Single Malt Scotch,Unrated,5.0,$90
Talisker 30yr Single Malt Scotch,Unrated,Unrated,$500
Talisker Storm Single Malt Scotch,631,4.6,$55
Tamdhu 10yr Scotch,569,4.0,$65
Tamnavulin 1967 37yr Single Malt Scotch,Unrated,Unrated,$242
Teachers Highland Cream Blended Scotch,Unrated,3.5,$18
The Glenlivet 1983 Cellar Collection,Unrated,Unrated,$250
Tobermory 15yr Single Malt Scotch,586,Unrated,$130
Tomatin 12yr Scotch,627,3.9,$40
Tomatin 15yr Highland Scotch,445,Unrated,$50
Tomatin 1988 Single Malt Scotch,629,4.0,$250
Tomatin 30yr Scotch,445,Unrated,$250
Tomatin 40yr Scotch,Unrated,Unrated,$800
Tomatin Cu Bocan Single Malt Scotch,487,Unrated,$50
Tomatin Dualchas Single Malt Scotch,424,Unrated,$25
Tomintoul 10yr Single Malt Scotch,Unrated,Unrated,$35
Tomintoul 14yr Portwood Scotch,Unrated,Unrated,$60
Tomintoul 1976 Vintage Scotch,Unrated,Unrated,$378
Tomintoul 27yr Single Malt Scotch,Unrated,Unrated,$160
Tomintoul Peaty Tang Scotch,Unrated,Unrated,$47
Tormore 12yr Scotch,Unrated,Unrated,$40
Torran Scotch,370,Unrated,$21
Tullibardine 1993 Single Malt Scotch,352,Unrated,$54
Tweeddale 12yr Batch 3 Blended Scotch,557,Unrated,$75
Usquaebach Old Rare Blended Scotch,650,Unrated,$115
Wemyss Malts 12yr Hive Blended Scotch,604,Unrated,$74
Wemyss Malts Smooth Gentleman Blended Scotch,385,Unrated,$40
Whiskey Peddler Macallan,Unrated,Unrated,$100
Whyte and Mackay 13yr Scotch,449,4.0,$30
Whyte and Mackay 22yr Scotch,452,Unrated,$81
Whyte and Mackay 40yr Old Scotch,Unrated,Unrated,$1110
Wild Scotsman 15yr Scotch,Unrated,Unrated,$80
Wild Scotsmans 13yr Mortlach Scotch,Unrated,Unrated,$60
William Lawsons Blended Scotch,464,Unrated,$30
Windsor Black 17yr Blended Scotch,378,Unrated,$41
